번호,외래어,원어,순화어
18203,탬퍼링,tampering,사전 접촉 금지 위반
18202,밀 프렙,meal prep,소분식
18201,파인 다이닝,fine dining,고급 식사
18200,텍스트 마이닝,text mining,글 정보 캐기
18199,데이터 마이닝,data mining,정보 채굴
18198,기후플레이션,climateflation,기후발 물가 상승
18197,그린 스완,green swan,기후발 위기
18196,블랙 스완,black swan,예상 밖 위기
18195,스몰 컷,small cut,금리 소폭 인하
18194,빅 컷,big cut,금리 대폭 인하
18193,리와일딩,rewilding,야생 복원
18192,옴니보어,omnivores(영),다취향인
18191,폴리테이너,politainer←politician+entertainer,정치 참여 연예인
18190,북 트레일러,booktrailer,책 소개 영상
18189,욜로족,"YOLO族, YOLO: You Only Live Once",오늘 살이족
18188,젠더 리빌,gender reveal,성별 공개
18187,브라이덜 샤워,bridal shower,예비 신부 파티
18186,베이비 샤워,baby shower,아기 축복 잔치
18185,요노족,YONO族←YONO: You Only Need One,알뜰족
18184,텍스트 힙,text hip,독서 공유
18183,포토 덤프,photo dump,사진 꾸러미
18182,레거시 미디어,Legacy Media,기존 매체
18181,레토릭,rhetoric,미사여구
18180,톱티어/*탑티어,toptier,"최상위, 최고 수준"
18179,패밀리 오피스,family office,집안 자산 관리사
18178,카르텔,kartell / cartel,"① 기업 연합 ② 「1」담합 「2」담합 집단, 이권 공동체"
18177,시즌 그리팅,season’s greetings,① 새해 인사 ② 새해 인사 상품
18176,옴부즈퍼슨,ombudsperson,① 민원 도우미 ② 아동 권리 대변인
18175,쿨케이션,coolcation←cool+vacation,더위 탈출 휴가
18174,런케이션,learncation←learning+vacation,배움 여행
18173,슬로 에이징,slow-aging,"느린 노화, 천천히 늙기"
18172,헬시 플레저,healthy pleasure,즐기는 건강 관리
18171,크루,crew,① 모임 ② 동료
18170,사운드스케이프,soundscape←sound+landscape,소리 풍경
18169,펫 시터,pet sitter,반려동물 돌보미
18168,펫테리어,peterior←pet+interior,"반려동물 인테리어, 동물 친화 장식"
18167,아트테리어,arterior←art+interior,"예술 인테리어, 예술 장식"
18166,테라리엄/*테라리움,terrarium,유리병 정원
18165,오프 리시/*오프 리쉬,off leash,목줄 미착용
18164,로코노미,loconomy←local+economy,지역 특화 경제
18163,로컬 브랜드,local brand,"지역 상표, 지역 대표 상표"
18162,보디프로필/*바디프로필,Body Profile,몸매 인증 사진
18161,포토프레스,photopress←photo+express,"사진 인증, 인생 사진"
18160,어그로,aggro,억지 주목
18159,업셀링,upselling,상위 상품 판매
18158,크로스셀링,cross selling,연관 판매
18157,혈당 스파이크,血糖 spike,혈당 급상승
18156,푸드 마일리지,food mileage,식재료 이동 거리
18155,업스킬링,upskilling,역량 강화
18154,리스킬링,reskilling,직무 전환 교육
18153,리빌딩,rebuilding,재정비
18152,블랙 라벨,black label,최상급
18151,빌런,villain,악당
18150,멀티 제너레이션,Multi Generation,여러 세대
18149,크로스 체크,cross-check,교차 검증
18148,파이어족,"FIRE族, FIRE: Financial Independence, Retire Early",조기 자립 은퇴족
18147,레터 피싱,letter phishing,우편물 빙자 사기
18146,서브컬처,subculture,비주류문화
18145,멀티모달,multimodal ←multi+modality,다중 양식
18144,스마트 톨링,smart tolling,자동 요금 징수
18143,스마트 오피스,smart office,첨단 정보형 사무실
18142,스마트 팩토리,smart factory,첨단 자동 공장
18141,밸류업,value up,가치 향상
18140,핀플루언서,finfluencer←finance+influencer,금융 여론 형성자
18139,풀필먼트,fulfillment,물류 종합 대행
18138,패스트 패션,fast fashion,빠른 소비 패션
18137,플러팅,flirting,호감 표시
18136,그린 프리미엄,green premium,친환경 추가비
18135,온 디바이스 에이아이,On-device AI,단말형 인공지능
18134,마더 팩토리,mother factory,핵심 공장
18133,퀵서비스,quick service,빠른 배달
18132,퀵 커머스,quick commerce,빠른 배달 거래
18131,밀크플레이션,milkflation←milk+inflation,"우유발 물가 상승, 유제품 줄인상"
18130,번들플레이션,bundleflation←bundle+inflation,묶음 눈속임
18129,스킴플레이션,skimpflation←skimp+inflation,"질 낮춤, 품질 꼼수"
18128,슈링크플레이션,shrinkflation←shrink+inflation,"양 줄임, 용량 꼼수"
18127,뷰티 테크,beauty tech,첨단 미용 기술
18126,"디프 테크, 딥 테크*",deep tech,심층 기술
18125,버추얼 휴먼,virtual human,가상 인간
18124,앵커 산업,anchor 産業,"주요 산업, 핵심 자족 산업"
18123,셸터,shelter,"피신처, 대피소, 쉼터"
18122,그린 카드,green card,친환경 카드
18121,호스피탈리티,hospitality,손님맞이
18120,애니멀 테라피,animal therapy,동물 도움 치료
18119,프렌드쇼어링,friendshoring,우호국 이전
18118,니어쇼어링,nearshoring,인접국 이전
18117,매치 메이킹,match making,상대 결정
18116,애그테크,agtech←agriculture+technology,첨단 농업 기술
18115,제너럴리스트,generalist,다방면 인재
18114,큐싱,Qshing ←QR code phishing,큐알 사기
18113,킬러 아이템,killer item,핵심 상품
18112,테크니컬 투어,technical tour,산업 현장 탐방
18111,뷰잉 파티,viewing party,단체 시청 행사
18110,생크추어리,sanctuary,동물 보호 구역
18109,리드 타임,lead time,납품 소요 시간
18108,메가스테이션,megastation,복합 충전 시설
18107,패시브 인컴,passive income,노동 외 소득
18106,트래블 테크,travel tech,여행 정보 기술
18105,프리 플로팅,free floating,자유 주차 방식
18104,제로 트러스트,zero trust,철통 인증
18103,긱 이코노미,gig economy,일시 고용 경제
18102,제론테크놀로지,gerontechnology,고령 친화 기술
18101,메디 푸드,medi food,의료식
18100,리커머스,recommerce,재거래
18099,클린 하우스,clean house,쓰레기 수거장
18098,퍼스널 컬러,personal color,맞춤 색상
18097,메가 오퍼,mega offer,초고액 제안
18096,프리패브,prefab,"사전 제작, 선제작 공법"
18095,소셜 본드,social bond,사회 가치 채권
18094,필드 테스트,field test,실사용 평가
18093,베타 테스트,beta test,출시 전 시험
18092,실버 푸어,silver poor,"노년 빈곤층, 노후 빈곤층"
18091,에듀 푸어,education poor,교육 과소비층
18090,메타노믹스,metanomics←metaverse+economics,가상 세계 경제
18089,아트 테크,art tech,예술품 투자
18088,셔틀 외교,shuttle 外交,왕래 외교
18087,할루시네이션,hallucination,허위 생성
18086,비거노믹스,vegan economics,채식 산업
18085,블루 푸드,blue food,수산 식품
18084,슬로 패션,slow fashion,친환경 패션
18083,버티포트,vertiport←vertical flight+port,수직 이착륙장
18082,세이브케이션,savecation,알뜰 휴가
18081,메가 딜,mega deal,초대형 거래
18080,이지 머니,easy money,저리 자금
18079,마이크로 러닝 2,micro learning,단기 학습
18078,솔로 이코노미,solo economy,1인 가구 경제
18077,스몰 럭셔리,small luxury,소소한 사치
18076,마이크로 러닝 1,micro learning,짤막 학습
18075,오마카세,omaka[御任]se,주방 특선
18074,메타팜,metafarm← metaverse+smartfarm,가상 농장
18073,콜 포비아,call phobia,통화 기피증
18072,페이 커트,paycut,감액 계약
18071,페어링,pairing,맛조합
18070,어닝 쇼크,earning shock,실적 충격
18069,무라벨,無label,무상표
18068,웰다잉,well-dying,품위사
18067,뱅크데믹,bankdemic ←bank pandemic,은행 불신 확산
18066,멀웨어,malware,악성 프로그램
18065,욜드,YOLD ←young old,청노년
18064,콜키지 프리,corkage free,주류 반입 무료
18063,본드 런,bond run,채권 매도 사태
18062,캔슬 컬처,cancel culture,등돌림 문화
18061,머니 무브,money move,자금 이동
18060,칠링 이펙트,chilling effect,위축 효과
18059,"로크인 효과, 록인 효과*",lock in effect,자물쇠 효과
18058,그린 오션,green ocean,친환경 시장
18057,뱅크 런,bank run,인출 폭주
18056,오리지널 콘텐츠,original contents,자체 제작물
18055,피크 아웃,peak out,하락 전환
18054,아쿠아스케이프,aquascape,수생 조경
18053,헤드라이너,headliner,대표 출연자
18052,커리어 하이,career high,최고 기록
18051,멀티데믹,multi pandemic,감염병 복합 유행
18050,듀얼 라이프,dual life,두 지역살이
18049,마이크로투어리즘,microtourism,근거리 여행
18048,페이스 리프트,face lift,외관 개선
18047,디지털 트윈,digital twin,가상 모형
18046,컴플라이언스,compliance,"법규 준수, 준법 감시"
18045,스태그플레이션,stagflation,고물가 경기 침체
18044,노마드 워커,nomad worker,유목민형 노동자
18043,그루밍 성범죄,grooming 性犯罪,환심형 성범죄
18042,뉴 스페이스,new space,민간 우주 개발
18041,피팅,fitting,입어보기
18040,커트오프,cutoff,"공천 배제, 예비 경선"
18039,나와바리,nawabari[繩張],"줄치기, 구획"
18038,트래블 룰,travel rule,송금 정보 기록제
18037,네버 코비드,never COVID19,코로나 비감염
18036,자이언트 스텝,giant step,광폭 조정
18035,빅 스텝,big step,대폭 조정
18034,베이비 스텝,baby step,소폭 조정
18033,로컬 소싱,local sourcing,현지 조달
18032,메타 패션,meta fashion,가상 세계 패션
18031,도어스테핑,doorstepping,"출근길 문답, 약식 문답"
18030,에듀테크,edu tech←education+technology,교육 정보 기술
18029,빅 테크,big tech,정보 기술 대기업
18028,엔에프티,nft: non-fungible token,대체 불가 토큰
18027,페일콘,failcon,실패 공유 모임
18026,오픈 스페이스,open space,열린 쉼터
18025,엔데믹 블루,endemic blue,일상 회복 불안
18024,코듀로이,corduroy,"골진천, 골무늬 천"
18023,디제라티,digerati← digital+literati,디지털 지식인
18022,컬처 핏,culture fit,조직 문화 적합성
18021,안테나 숍,antenna shop,탐색 매장
18020,에이지리스,ageless,나이 무관
18019,로테크,low tech,단순 기술
18018,클린 뷰티,clean beauty,친환경 화장품
18017,마케터,marketer,"판매 전문가, 판촉 전문가"
18016,디렉토리북,directory book,"안내책, 안내서"
18015,언택트,untact,비대면
18014,펫 프렌들리,pet friendly,반려동물 친화
18013,영 케어러,young carer,가족 돌봄 청년
18012,큐레이션 커머스,curation commerce,소비자 맞춤 상거래
18011,플라잉 모빌리티,flying mobility,근거리 비행 수단
18010,미코노미,meconomy ←me+economy,자기중심 소비
18009,"아르피에이, 알피에이",RPA: Robotics Process Automation,업무 처리 자동화
18008,코워킹 스페이스,coworking space,공유 업무 공간
18007,세이프티 콜,safety call,작업 중지 요청
18006,제로 코로나,zero corona,고강도 방역
18005,임팩트 비즈니스,impact business,사회 가치 병행 사업
18004,디지털 네이티브,digital native,디지털 태생
18003,이에스지(ESG) 경영,"Environmental, Social and Governance 經營",환경·사회·투명 경영
18002,그린 포트폴리오,green portfolio,친환경 수익 전략
18001,리걸테크,legaltech,"법률 정보 기술, 법률 정보 기술 서비스"
18000,펫코노미,petconomy← pet+economy,반려동물 산업
17999,푸드테크,food tech,첨단 식품 기술
17998,롱 코비드,long Covid,코로나 감염 후유증
17997,비즈 매칭,biz-matching,사업자 연계
17996,벌크 업,bulk up,근육 키우기
17995,케어 푸드,care food,"돌봄식, 돌봄 음식"
17994,플러스 옵션,plus option,"추가 선택제, 추가 선택권, 추가 선택 사항"
17993,마이너스 옵션,minus option,"제외 선택제, 제외 선택권, 제외 선택 사항"
17992,홈루덴스,home ludens,집놀이족
17991,쿨링 포그,cooling fog,"안개형 냉각, 안개형 냉각수"
17990,레몬 마켓,lemon market,정보 불균형 시장
17989,리유저블 컵,reusable cup,다회용 컵
17988,포지티브 규제,positive 規制,최소 허용 규제
17987,오너 리스크,owner risk,경영주발 악재
17986,데스크테리어,deskterior,책상 꾸미기
17985,아웃링크,out link,외부 연결 (방식)
17984,인링크,in link,내부 연결 (방식)
17983,비치 코밍,beachcombing,해변 정화
17982,리셀 테크,reselltech,재판매 투자
17981,디마케팅,demarketing,수요 축소 (전략)
17980,홈코노미,homeconomy,재택 경제 활동
17979,하이퍼 로컬,hyper local,동네 생활권
17978,다크 스토어,dark store,배송 전용 매장
17977,에이징 커브,aging curve,노화 곡선
17976,"부스터 숏, 부스터 샷",booster shot,추가 접종
17975,"오너 코드, 아너 코드*",honor code,명예 규율
17974,웹 브라우저,web browser,웹 탐색기
17973,로컬 크리에이터,local creator,지역 가치 창출가
17972,잡 크래프팅,job crafting,자발적 직무 설계
17971,펫 로스 증후군,pet loss 症候群,반려동물 상실 증후군
17970,"코로나 쇼크, 코로나19 쇼크","corona shock, corona19 shock",코로나 충격
17969,워케이션,worcation,휴가지 원격 근무
17968,오픈 이노베이션,open innovation,개방형 혁신 전략
17967,푸드 리퍼브,food refurb,식자재 새활용
17966,팝업 가든,pop-up garden,반짝 정원
17965,리빙 랩,living lab,생활 실험실
17964,쇼룸,showroom,체험 전시실
17963,"콜키지, 코르크 차지","corkage, cork charge",주류 반입비
17962,웰에이징,well-aging,건강 노년맞이
17961,리클라이너,recliner,각도 조절 의자
17960,슬립 테크,sleep tech,숙면 기술
17959,슬리포노믹스,sleeponomics,"숙면 산업, 숙면 경제"
17958,실버 서퍼,silver surfer,디지털 친화 어르신
17957,펜트업 효과,pent-up 效果,수요 분출 효과
17956,인슈어테크,insurtech,보험 정보 기술
17955,펀 세이빙,fun saving,놀이형 저축
17954,고스팅,ghosting,고용 잠적
17953,캄테크,calmtech,자동 편의 기술
17952,펀슈머,funsumer,오락적 소비자
17951,포모 증후군,FOMO 症候群,소외 불안 증후군
17950,애슬레저,athleisure,일상 운동복
17949,워커밸,"worker-customer balance, worker and customer balance",주객 평등
17948,스테이케이션,staycation,근거리 휴가
17947,"메디컬 푸어, 메디 푸어","medical poor, medi poor",의료 빈곤층
17946,"크로스 미디어, 크로스 미디어 기법","cross media, cross media 技法",매체 다양화 기법
17945,코로나 블랙,corona black,코로나 절망
17944,코로나 레드,corona red,코로나 분노
17943,디지털 디톡스,digital detox,디지털 거리 두기
17942,크라우드 워커,crowd worker,대규모 참여형 노동자
17941,빈지 워칭,binge watching,몰아 보기
17940,쿠키 영상,cookie 映像,부록 영상
17939,필터 버블,filter bubble,정보 여과 현상
17938,메타버스,metaverse,"확장 가상 세계, 가상 융합 세계"
17937,디엠,DM←direct message,쪽지
17936,하중,荷重,"짐무게, 부담"
17935,젠더 프리 캐스팅,gender free casting,"탈성별 배역, 탈성별 배역 선정"
17934,북 아트,book art,책 꾸밈
17933,긱 워커,gig worker,초단기 노동자
17932,은폐,隱蔽,"감춤, 감추는, 숨김, 숨기는, 숨기고, 덮음, 덮는"
17931,등재,登載,"목록에 있음, 목록에 있는"
17930,계도,啓導,"알림, 일깨움, 홍보"
17929,간선 도로,,주요 도로
17928,시운전,試運轉,시험 운전
17927,트래블 버블,travel bubble,"비격리 여행 권역, 여행 안전 권역"
17926,백 브리핑,back briefing,덧보고
17925,피버팅,pivoting,전략 급선회
17924,텔레 케어,tele care,원격 돌봄
17923,엘리베이터 피치,elevator pitch,요점 전달
17922,베이퍼웨어,vaporware,신기루 상품
17921,웰컴 키트,welcome kit,환영 꾸러미
17920,오픈 런 2,open run,"개장 질주, 개점 질주"
17919,오픈 런 1,open run,상시 공연
17918,리미티드 런,limited run,기간 한정 공연
17917,라이프 로그,life log,일상 정보
17916,온보딩,onboarding,적응 지원
17915,트래직 넘버,tragic number,패배 수
17914,매직 넘버,magic number,확정 승수
17913,소셜 섹터,social sector,"사회 기여 부문, 사회 기여 공동체"
17912,맥시멀리스트,maximalist,최대주의자
17911,맥시멀리즘,maximalism,최대주의
17910,에코티어링,ecoteering,생태 탐험
17909,태그리스,tagless,"비접촉식, 비접촉"
17908,에어 샤워,air shower,바람 세척
17907,소프트 스킬,soft skill,대인 관계 기술
17906,하드 스킬,hard skill,직무 기술
17905,보어 아웃,bore out,권태 증후군
17904,퍼네이션,funation,놀이형 기부
17903,드라이빙 가이드,driving guide,자가 운행 여행 안내(자)
17902,코드 커팅,cord cutting,유선 해지
17901,메가 리전,mega region,초거대 도시 연결권
17900,프롭테크,proptech,부동산 정보 기술
17899,버블 맵,bubble map,주제 그물
17898,스마트 폴,smart pole,지능형 기둥
17897,로컬택트,localtact,지역 울타리 활동
17896,브레인 포그,brain fog,뇌 흐림
17895,아쿠아포닉스,aquaponics,물고기 농법
17894,스몰 라이선스,small license,소규모 인허가
17893,스니즈 가드,sneeze guard,침방울 가림막
17892,클린 로드,clean road,도로 살수 장치
17891,블라인드 티켓,blind ticket,출연진 미공개 할인표
17890,엔(n)차 감염,n次 感染,"연쇄 감염, 연속 감염"
17889,트윈 데믹,twindemic,감염병 동시 유행
17888,바이오 월,bio wall,수직 정원
17887,홈 팜,home farm,가내 텃밭
17886,온택트,ontact,"영상 대면, 화상 대면"
17885,네트 제로,net zero,순 배출 영점화
17884,오픈 캠퍼스,open campus,기관-대학 협력 교육
17883,쿨 루프,cool roof,시원지붕
17882,그린 모빌리티,green mobility,"친환경 이동 수단, 친환경 교통수단"
17881,디지털 에이징,"digital aging, digital ageing",고령층 정보화
17880,에이징 테크,"aging tech, ageing tech",고령 맞춤 기술
17879,커뮤니티 매핑,community mapping,참여형 지도 제작
17878,멀티 커리어리즘,multi-careerism,겸업 현상
17877,스카이워크,skywalk,하늘 산책로
17876,위드 코로나 시대,with corona 時代,코로나 일상
17875,라키비움,larchiveum,복합 문화 공간
17874,케어 팜,care farm,치유 농장
17873,원루프 서비스,one-roof service,한 지붕 서비스
17872,코로나 블루,corona blue,코로나 우울
17871,오픈 액세스,open access,개방형 정보 열람 (서비스)
17870,라이프 라인,life line,생활 기반망
17869,네트 런처,net launcher,그물총
17868,챌린지,challenge,"참여 잇기, 도전 잇기"
17867,데이터 레이블링 / 데이터 레이블러,data labeling / data labeler,데이터 주석 / 데이터 주석자
17866,바이 소셜,buy social,상생 소비
17865,임팩트 투자,impact 投資,사회 가치 투자
17864,로컬 페어 트레이드,local fair trade,지역형 공정 무역
17863,스토리노믹스,storinomics,이야기 산업
17862,패닉 바잉,panic buying,공황 구매
17861,그린테일,greentail,친환경 유통
17860,지표 환자,指標患者,첫 확진자
17859,로 푸드,low food,저자극식
17858,스마트 셸터,smart shelter,복합 기능 쉼터
17857,키 비주얼,key visual,"핵심 그림, 핵심 장면"
17856,안심 스크린,安心 screen,안심 가림판
17855,코리빙 하우스,co-living house,공간 나눔 주택
17854,페이스 실드,face shield,얼굴 가림막
17853,미닝 아웃,meaning out,소신 소비
17852,헬스테크2,health tech,건강 기술
17851,헬스테크1,health tech,(노후) 건강 투자
17850,마스터 리스,master lease,재임대
17849,해커톤 토론,hackathon 討論,끝장 토론
17848,해커톤 (대회),hackathon 大會,끝장 개발 대회
17847,윈도 스루 검진,window through 檢診,투명창 검진
17846,풀링 검사,pooling 檢査,취합 (선별) 검사
17845,라스트 마일,last mile,최종 구간
17844,엔데믹,endemic,"(감염병) 주기적 유행, (감염병) 토착 유행, (감염병) 일상적 유행"
17843,갭 이어,gap year,채움 기간
17842,페티켓,petiquette,반려동물 공공 예절
17841,플랫폼 노동,platform 勞動,(온라인) 매개노동
17840,롱폼,long-form,"긴 영상, 긴 형식"
17839,쇼트폼,short-form,"짧은 영상, 짧은 형식"
17838,하드 파워,hard power,물리적 영향력
17837,소프트 파워,soft power,문화적 영향력
17836,언박싱,unboxing,개봉(기)
17835,소셜 믹스,social mix,어울 단지 (조성)
17834,소셜 미디어,social media,누리 소통 매체
17833,밀레니얼 세대,millennial 世代,새천년 세대
17832,킹메이커,kingmaker,"대권 인도자, 핵심 조력자"
17831,그래픽 노블,graphic novel,만화형 소설
17830,액티브 시니어,active senior,활동적 장년
17829,애자일 조직,agile 組織,탄력 조직
17828,웨비나,webinar,"화상 토론회, 화상 회의"
17827,뉴 노멀,new normal,"새 기준, 새 일상"
17826,월 패드,wall pad,통합 주택 제어판
17825,"다크 너지, 다크 넛지",dark nudge,함정 상술
17824,유니크 베뉴,unique venue,이색 지역 명소
17823,언택트 서비스,untact service,비대면 서비스
17822,모션 그래픽(스),motion graphic(s),동작 그래픽
17821,다크 웹,dark web,지하웹
17820,글러브 월,glove-wall,의료용 분리벽
17819,리테일 테크,retail tech,첨단 소매 유통 기술
17818,퍼펙트 스톰,perfect storm,초대형 경제 위기
17817,워킹 스루,walking through,"도보 이동형, 도보형"
17816,스카이라인,skyline,"하늘지붕선, 하늘선"
17815,바이오시밀러,biosimilar,동등 생물 의약품
17814,게리맨더링,gerrymandering,자의적 선거구 (획정)
17813,패닉 셀링,panic selling,공황 매도
17812,블라인드 펀드,blind fund,투자처 미특정 기금
17811,브이로그,vlog,영상 일기
17810,팬데믹,pandemic,(감염병) 세계적 유행
17809,에피데믹,epidemic,"(감염병) 유행, (감염병) 국가적 유행, (감염병) 다국가 유행, (감염병) 예상 밖 유행"
17808,스윙보터,swing voter,유동 투표층
17807,로고젝터,logojector,알림 조명
17806,코호트 격리,cohort 隔離,동일 집단 격리
17805,아트버스터,artbuster,흥행 예술작
17804,가스라이팅,gaslighting,심리(적) 지배
17803,인포데믹(스),Infodemic(s),악성 정보 확산
17802,폴리널리스트,polinalist,정치 참여 언론인
17801,빅텐트,big tent,"초당파 연합, 포괄 정당"
17800,멀티 페르소나,multi-persona,다면(적) 자아
17799,코드 인사,code 人事,"편향 인사, 성향 인사"
17798,미러 시트,mirror sheet,안심 거울
17797,라이브 커머스,live commerce,실시간 소통 판매
17796,펫팸족,petfam族,반려동물 돌봄족
17795,테마주,thema 株,화제주
17794,유니콘 기업,unicorn 企業,거대 신생 기업
17793,체크슈머,checksumer,꼼꼼 소비자
17792,리브랜딩,rebranding,상표 새 단장
17791,스피어 피싱,spear phishing,표적 온라인 사기
17790,슬로 푸드,slow food,"여유식, 느림 음식"
17789,신파일러,thin filer,금융 이력 부족자
17788,리커버,recover,새표지
17787,하프 오픈 톱,half open top,부분 개방형
17786,애니멀 호더,animal hoarder,동물 수집꾼
17785,다크패턴,dark pattern,눈속임 설계
17784,1코노미,1conomy,1인 경제
17783,콤팩트 시티,compact city,기능 집약 도시
17782,원포인트 회의,one-point 會議,단건 (집중) 회의
17781,제로웨이스트,zero waste,쓰레기 없애기
17780,필리버스터,filibuster,"합법적 의사진행 저지, 무제한 토론"
17779,앰비슈머,ambisumer,가치 소비자
17778,쇼트리스트,short list,최종 후보 명단
17777,게이트 키퍼,gate keeper,생명 지킴이
17776,딥페이크,deepfake,① (인공지능 기반) 첨단 조작 기술 ② 인공 지능 조작 영상
17775,소셜 디자이너,social designer,공동체 (혁신) 활동가
17774,베그패커,beg packer,구걸배낭족
17773,치팅 데이,cheating day,먹요일
17772,플로깅,plogging,쓰담 달리기
17771,스피드 팩토어,speed factore,잰맞춤 생산 (체계)
17770,머그샷 제도,mugshot 制度,피의자 사진 공개 제도
17769,플래터,platter,모둠 접시
17768,메일링 서비스,mailing service,전자 우편 서비스
17767,모디슈머,modisumer,응용 소비자
17766,밀키트,meal kit,바로 요리 세트
17765,화이트 리스트,white list,수출 심사 우대국
17764,뉴트로,newtro,신복고
17763,마이크로 미디어,micro media,개인 매체
17762,미스터리 쇼퍼,mystery shopper,비밀 평가원
17761,에어 커튼,air curtain,공기 커튼
17760,유니버설 디자인,universal design,범용 디자인
17759,커뮤니티 케어,community care,지역 사회 (통합) 돌봄
17758,팩트 체크,fact check,사실 확인
17757,제네릭,generic,복제약
17756,코스터,coaster,컵받침
17755,쓰키다시,つきだし,곁들이찬
17754,견출지,見出紙,"찾기 딱지, 분류 딱지"
17753,헤베,,제곱미터
17752,기렛파시,,"끄트러기, 자투리"
17751,식비,,밥값
17750,곤색,,"감청색, 감색"
17749,잔업,,시간 외 일
17748,분빠이,,"분배, 노늠, 노느매기"
17747,단도리,,"채비, 단속"
17746,플랜테리어,planterior,식물 인테리어
17745,플라스틱 어택,plastic attack,과대 포장 거부 운동
17744,클린 이팅,clean eating,자연식
17743,래핑 광고,wrapping 廣告,도배 광고
17742,그로서란트,grocerant,식재료 식당
17741,첨가하다,添加--,"더 넣다, 더 보태다"
17740,쓰나미,つなみ(일),지진 해일
17739,"비티오, BTO",build transfer operate(영),수익형 민자 사업
17738,가도,假渡,"임시 내줌, 임시 건넴"
17737,패스트 힐링,fast healing,자투리 휴식
17736,앵커 테넌트,anchor tenant,핵심 점포
17735,인포테인먼트,infotainment,정보 오락 프로그램
17734,리벤지 포르노,revenge porno,보복성 음란물
17733,플래그십 마케팅,flagship marketing,대표 상품 마케팅
17732,쿨링 오프,cooling off(영),계약 철회 보증 (제도)
17731,오버 투어리즘,over tourism,관광객 과잉
17730,에어 서큘레이터,air circulator,공기 순환기
17729,세컨더리 보이콧,secondary boycott(영),제3자 제재
17728,세이프 가드,safe guard(영),긴급 수입 제한 (조치)
17727,메이커 스페이스,maker space(영),열린 제작실
17726,트랜스 미디어,trans media,매체 융합
17725,키스 앤드 라이드,kiss and ride,환승 정차 구역
17724,주니어 보드,junior board(영),청년 중역 회의
17723,워킹 그룹,working group(영),실무단
17722,스튜어드십 코드,stewardship code(영),의결권 행사 지침
17721,모듈러 주택,modular 住宅,조립식 주택
17720,디지털 사이니지,digital signage,전자 광고판
17719,흘수선,吃水線,"흘수선, 잠김선"
17718,휴테크,休tech(영),"여가 활용 기술, 여가 활용 방법"
17717,"휴대폰, 핸드폰",携帶phone(영),휴대 전화
17716,횡풍 주의,橫風,옆바람 주의
17715,"횡진, 전선 횡진",橫振,"흔들림, 전선 흔들림"
17714,황천,荒天,"거친 바다, 거친 날씨"
17713,환가,換價,"가치 환산, 값어치, 환산 가액, 환산 값어치"
17712,확폭,擴幅,폭 넓히기
17711,홈헬퍼,home helper(영),"가사 도우미, 가정 도우미"
17710,홈스테이,homestay(영),"가정 체험, 가정집묵기"
17709,홈 네트워크,home network(영),홈 네트워크
17708,혼스피커,horn loud speaker(영),나팔 스피커
17707,호안,護岸,"기슭 보호, 둑 보호"
17706,호안,護岸,"호안, 해안 보호둑, 하안 보호둑"
17705,허브항,"--港, Hub Port(영)",중심축 항만
17704,핸드레일,handrail,안전 손잡이
17703,해태하다,懈怠--,"게을리하다, 제때 하지 않다"
17702,해중림,海中林,바다숲
17701,해조류,藻類,바닷말류
17700,항만국 통제,港灣國統制,입항국 통제
17699,한류,限流,전류 제한
17698,하주,荷主,"화주, 화물주"
17697,하절기,夏節期,여름철
17696,하이파이브,high five(영),손뼉맞장구
17695,하이브리드,hybrid(영),혼합형
17694,필증,畢證,확인증 / 증명서
17693,"피피에이, PPA",PPA(Power Purchase Agreement(영)),전력 구입 계약
17692,피티,PT(Potential Transformer(영)),전압 변성기
17691,피크 기간,peak(영) 期間,"집중 기간, 절정 기간"
17690,피켓,picket,"팻말, 손팻말"
17689,"피엘시, PLC",PLC(Power Line Communication(영)),전력선 통신
17688,"피엘 상품, PL 상품",private label(영)商品,자체 기획 상품
17687,피에프디,PFD: Process Flow Diagram,공정 흐름도
17686,피앤드아이디,P&ID:Piping & Instrumentation Diagram,배관 설비 도면
17685,"피시에스, PCS",PCS(Power Conditioning System(영)),전력 조절 장치
17684,피디에이,PDA(←personal digital assitance(영)),개인 휴대용 단말기
17683,"피더, Feeder",Feeder(영),배전 회선
17682,플리 바기닝,plea bargaining(영),"자백감형제, 자백감형제도"
17681,플러싱,flushing,(관) 세척
17680,플러그 앤 플레이,Plug & Play(영),"바로 사용, 플러그 앤 플레이"
17679,플라모델,plamodel/plastic model(영),"조립모형, 조립장난감"
17678,프로필,profile(영),"인물 소개, 약력"
17677,프로슈머,prosumer(←producer+consumer(영)),참여형 소비자
17676,"프레 콘서트, 프레콘서트",pre-concert(영),사전 공연 / 사전 연주회
17675,프라임 시간대,prime(영)-時間帶,"황금 시간대, 주시청 시간대"
17674,풍도,風道,공기 통로
17673,포토존,photo zone(영),"사진 촬영 구역, 촬영 구역, 사진 찍는 곳"
17672,포스트잇,post-it(영),붙임쪽지
17671,"포설하다, 포설",鋪設--,"깔다, 깔기"
17670,포맷,format(영),"양식, 서식, 형식"
17669,폐로,閉路,닫힌회로
17668,편성,"編成, train set","① 열차 편성, ② 열차, ③ 대"
17667,펜네임,pen name(영),필명
17666,페스티벌,festival(영),"축전, 축제"
17665,펀드,fund(영),"기금, 자금"
17664,퍼블리시티권,publicity(영)權,인격 표지권
17663,팸투어,Familiarization Tour(영),"사전 답사 여행, 홍보 여행, 초청 홍보 여행"
17662,패키지 상품,package(영) 상품,① 꾸러미 상품 ② 기획 상품
17661,패키지 디자인,package design(영),묶음 디자인 / 한묶음 디자인 / 꾸러미 디자인
17660,패셔니스타,fashionista(영),맵시꾼
17659,팝업 창,pop-up(영) 窓,알림창
17658,파트너,partner(영),"① 동반자 ② 상대방, 상대"
17657,파트,part(영),"부분, 일부"
17656,파일럿 프로그램,pilot program(영),"맛보기프로그램, 시험 프로그램"
17655,파워블로거,power-bloger(영),유명블로거
17654,팁,tip(영),① 도움말 ② 봉사료
17653,트레일,trail(영),탐방로
17652,투어,tour(영),"여행, 관광"
17651,플렉시블 디스플레이,flexible display(영),휘는 디스플레이
17650,퇴행운전,退行運轉,후진 운전
17649,통로암거,通路暗渠,"지하 통로, 도로 밑 통로"
17648,톱다운,top-down(영),하향식
17647,토털,total(영),"합계, 총계, 총, 합"
17646,템피스트,TEMPEST(영),"누설 전자파 감지 기술, 템페스트"
17645,테이블클로스,table cloth(영),식탁보
17644,테스터,tester(영),체험평가자
17643,턴키 발주,turnkey(영) 發注,"일괄 발주, 일괄 주문"
17642,"태스크 포스, 태스크 포스팀, TF, TF팀, tf","task force(영), task force team(영)","특별팀, 전담팀, 전담 조직, 특별 전담 조직"
17641,탈옥폰,,해제폰
17640,타행 운전,惰行運轉,무동력 운전
17639,타임캡슐,time capsule(영),기억상자
17638,타임 서비스,time service,반짝 할인
17637,타이틀곡,title(영)-曲,주제곡
17636,"타설하다, 타설",打設--,"(콘크리트 등을)치다, 치기"
17635,킬러 앱,←killer application(영),돌풍 앱
17634,키즈 카페,kids cafe,어린이 놀이방
17633,키보드 보안,keyboard(영) 保安,자판 보안
17632,키로거 공격,key logger(영)--,자판 정보 탈취
17631,클릭랩라이선스,click-wrap licence(영),화면 계약
17630,클라우드 컴퓨팅,Optimization(영),"클라우드 컴퓨팅, 구름 컴퓨팅"
17629,"쿨다운, 쿨다운하다",cool-down,"냉각, 냉각하다"
17628,"코칭과학,코칭 과학",coaching(영) 科學,지도 과학
17627,코르사주,corsage(프),"맵시꽃, 차림꽃"
17626,코드,code(영),① 부호 ② 성향
17625,케이스,case(영),① 경우 ② 상자
17624,컨디션,condition(영),① 조건 ② 상태
17623,커플룩,couple look(영),짝 차림
17622,캠프파이어,camp fire(영),모닥불놀이
17621,캐스팅 보트,casting vote(영),"결정권, 결정표"
17620,카운트다운,countdown(영),초읽기
17619,"카 시트, 베이비 카 시트","car seat, baby car seat(영)","안전 의자, 아이 안전 의자"
17618,치패,稚貝,새끼 조개
17617,취부하다,取付--,부착하다
17616,출감,出監,출소
17615,촉지도,觸指圖,점자 안내도
17614,초기화,Initialize(영),초기화
17613,초고속 디지털 가입자 회선,,초고속 디지털 가입자 회선
17612,체크 리스트,check list(영),점검표
17611,체인,chain(영),가맹점
17610,청렴 클러스터,淸廉 cluster,청렴 협의체
17609,첨부 서류,添附書類,붙임 서류
17608,첨두부하,尖頭負荷,최대 부하
17607,첨가,添架,전선 첨가 설치
17606,천공,穿孔,"구멍뚫기, 뚫림"
17605,채묘,採苗,종자 붙이기
17604,채널,channel(영),"경로, 통로"
17603,찬스,chance(영),기회
17602,차폐,遮蔽,가림
17601,차면 시설,遮面施設,"가리개, 가림 시설"
17600,징구,徵求,"걷기, 거두기, 청구"
17599,집하,集荷,모음
17598,집진 시설,集塵施設,"먼지 제거 장치, 먼지 제거 시설"
17597,집수정,集水井,물 저장고
17596,진상,進相,앞선 위상
17595,직결,直結,직접 연결
17594,지입차,持入車,개인 소유 회사차
17593,"지아이에스, GIS",geographic information system(영),"지리 정보 시스템, 지리 정보 체계"
17592,지선,支線,지지선
17591,지상파 DMB,Terrestrial Digital Multimedia Broadcasting(영),지상파 디엠비
17590,"지상고, 전선 지상고",地上高,"높이, 전선 높이"
17589,지상,遲相,뒤진 위상
17588,"증발, 발전기 증발","增發, 發電機 增發","출력 증가, 발전기 출력 증가"
17587,"에이아르, 에이알, AR",augmented reality(영),증강 현실
17586,중식,中食,"점심, 점심밥, 점심 식사"
17585,주재소,駐在所,"파견소, 파견 분소, 관리소"
17584,좀비 PC,Zombie PC,좀비피시(PC)
17583,조식,早食,"아침밥, 아침 식사"
17582,조상설비,調相設備,무효 전력 보상 장치
17581,조류 인플루엔자,鳥類 influenza(영),조류 독감
17580,제척,除斥,"제외, 뺌"
17579,제연경계벽,除燃境界壁,연기차단벽
17578,제반 요인,諸般要因,"여러 요인, 모든 요인"
17577,제로 베이스,zero base(영),"백지상태, 원점"
17576,제 수당,諸手當,"여러 수당, 모든 수당, 각종 수당"
17575,제 규정,諸規程,"여러 규정, 모든 규정, 각종 규정"
17574,정수 처분,停水處分,급수 정지 처분
17573,접속 도로,接續道路,연결 도로
17572,절체,切替,전환
17571,절전 규제,節電規制,전기 사용 규제
17570,절손되다,切損--,"손상되다, 끊어져 손상되다"
17569,절사,切捨,"끊어 버림, 잘라 버림"
17568,전재하다,轉載--,옮겨 싣다
17567,전자파 장해,,전자파 장해
17566,전자 바우처,電子 voucher(영),전자 이용권
17565,전원믹스,電源 Mix(영),전원 구성
17564,전수,全數,"모두, 전체"
17563,전력 조류,潮流,전력 흐름
17562,저회,底灰,깔림재
17561,저류조,貯溜槽,물저장시설
17560,저널리즘,journalism(영),언론
17559,재선의무,在船義務,승선 유지 의무
17558,재난 방송,,재난 방송
17557,잡 네트워킹,job networking(영),"일 연계망, 일 연계망 형성, 일자리 연계망, 일자리 연계망 형성"
17556,잠제,潛堤,수중 방파제
17555,잠동,潛動,무부하 계량
17554,잔존 기간,殘存期間,남은 기간
17553,잔임 기간,殘任期間,남은 임기
17552,입식,入殖,종자 넣기
17551,입상주,入上柱,"연결 전주, 케이블 연결 전주"
17550,입상배관,立像配管,수직 배관
17549,입도,粒度,입자 크기
17548,일할 계산,日割計算,"날짜 계산, 날수 계산"
17547,일용 잡급,日傭雜給,일용직
17546,일실치 않도록,逸失- ---,"잃지 않도록, 놓치지 않도록"
17545,일시 차입금,一時借入金,잠시 빌린 돈
17544,일선수협,-線水協,단위 수협
17543,인테리어,interior(영),실내장식
17542,인터랙티브,interactive(영),"쌍방향, 양방향, 대화형"
17541,인우,隣友,"지인, 이웃"
17540,인스턴트 식품,instan(영)t 食品,"즉석식품, 즉석 먹거리, 즉석 먹을거리"
17539,인류,引留,"잡아당김, 한쪽 끝에서 잡아당김"
17538,인가하다,印加--,걸다
17537,이호조,e(←electronic(영)) 戶曹,지방 재정 관리 시스템
17536,"이엠에스, EMS",energy management system(영),"에너지 관리 시스템, 에너지 관리 장치"
17535,이슈,issue(영),"논쟁거리, 논점, 쟁점"
17534,"이브이, EV",electric vehicle(영),"전기 차, 전기 자동차"
17533,이벤트,event(영),"기획 행사, 행사"
17532,이모티콘,emoticon(←emotion+icon(영)),그림말
17531,이디엠에스,EDMS: Electrical Diagnostic & Monitoring System,전기 진단 감시 장치
17530,이도,弛度,"처짐, 처짐 정도"
17529,응동,應動,동작
17528,육우,肉牛,고기소
17527,육묘,育苗,모기르기
17526,유저,user(영),사용자
17525,유에스비,Universal Serial Bus,유에스비(USB)
17524,유어행위 금지,遊漁行爲禁止,낚시 금지
17523,유어행위,遊漁行爲,낚시
17522,"유시시, UCC",user created contents(영),"손수 제작물, 손수 저작물"
17521,유비쿼터스,ubiquitous,"두루누리, 유비쿼터스"
17520,위젯,widget,위젯
17519,웹서핑,web surfing(영),"누리 검색, 웹 검색, 인터넷 검색"
17518,웹마스터,webmaster(영),누리지기
17517,웰빙 타운,wellbeing-town,참살이 마을
17516,"웨딩플래너, 웨딩 플래너",wedding planner(영),결혼설계사
17515,"웜업, 웜업하다",warm-up,"예열, 예열하다"
17514,워밍업,warming up(영),"준비 운동, 준비"
17513,운행시격,運行時隔,운행 간격
17512,운전사령실,運轉司令室,운행 관제실
17511,운전사령,運轉司令,운행 관제사
17510,용선,傭船,선박 임차
17509,외해양식,外海養殖,난바다 양식
17508,완철,腕鐵,어깨쇠
17507,옵션,option(영),"선택, 선택 사항"
17506,올인,"all-in,all in(영)",① 다걸기 ② 집중
17505,"오픈 록 베이퍼라이저, 오아르브이, 오알브이",ORV: Open Rack Vaporizer,개방식 (해수 이용) 기화기
17504,오프너,opener(영),병따개
17503,오토 프로그램,auto program(영),자동 프로그램
17502,오일볼,oil ball(영),기름뭉치
17501,오일 쇼크,oil shock(영),석유 파동
17500,오염 우심 해역,汚染尤甚海域,오염 심각 해역
17499,"오에이, OA",office automation(영),사무 자동화
17498,"오에스, OS",operating system(영),"운영 체계, 운영 체제"
17497,오디오 북,audio book(영),"소리책, 듣는책"
17496,오니,汚泥,오염 침전물
17495,오계량,誤計量,계량 오류
17494,예선,曳船,끌배
17493,영조물,營造物,"① 공공시설물, 시설물 ② 건축물"
17492,영어 도우미,營漁---,어가 도우미
17491,엽연초,葉煙草,잎담배
17490,염소처리설비,鹽素處理設備[hypochlorite treatment system],차아염소산염 처리 설비
17489,열차시격,列車時隔,배차 간격
17488,열차다이아,"列車 diagram, train diagram",열차 운행 도표
17487,연접,連接,이웃 연결
17486,연장,延長,"전선 총 길이, 선로 전선 총 길이"
17485,연와조,煉瓦造,벽돌 구조
17484,"연선, 연선하다",延線,"전선 펴기, 전선을 펴다"
17483,연돌,煙突,굴뚝
17482,연도,煙道,연소 가스 통로
17481,역행운전,"力行運轉, power running",동력 운전
17480,엠오에프,MOF(Metering Outfit(영),전압 전류 변성기
17479,엠시에스,MCS: Main Control System,주 제어 장치
17478,"엔유아이, NUI",natural user interface(영),동작 인식 인터페이스
17477,엔스크린,N-Screen(영),스크린 이어보기
17476,엔딩크레디트,ending credit(영),"끝자막, 맺음자막"
17475,에이치브이디시(HVDC) 케이블,HVDC(High Voltage Direct Current) Cable(영),고압 직류 송전 케이블
17474,"에이엠아이, AMI",advanced metering infrastructure(영),지능형 전력 계량 시스템
17473,"에이엠아르, 에이엠알, AMR",automatic meter reading(영),원격 검침
17472,에어라이트,air light(영),"풍선 광고, 기둥풍선 입간판, 풍선형 입간판, 풍선 입간판"
17471,에스컬레이터,escalator(영),자동계단
17470,에스오에스,SOS(영),"조난 신호, 구조 요청"
17469,"에스오시, SOC",social overhead capital(영),"사회 기반 시설, 사회 간접 자본"
17468,얼리 어답터,early adopter(영),앞선 사용자
17467,어시장,魚市場,"수산물 시장, 어시장"
17466,어시스트,assist(영),도움
17465,앱스토어,App store(영),앱 장터
17464,안티 사이트,anti site(영),반대 사이트
17463,아티스트,artist(영),예술가
17462,아트 페스티벌,art festival(영),"예술 축전, 예술 축제"
17461,아킬레스건,achilles(영)腱,치명적 약점
17460,아카이브,archive(영),"자료 보관소, 자료 저장소, 기록 보관, 자료 전산화"
17459,아이콘,Icon(영),"①상징, 상징물 ②그림 단추"
17458,아웃소싱 업체,outsourcing(영),"외부 용역, 외주, 위탁, 외부 조달"
17457,아우라,Aura(영),기품
17456,"아르에프아이디, 알에프아이디, RFID",radio frequency identification(영),전파 식별
17455,심벌마크,symbol mark(영),"상징표시, 상징표지, 상징표"
17454,실효계기,失效計器,검정 만료전력량계
17453,실장,實長,"실제 길이, 전선 실제 길이"
17452,실버시터,silver sitter(영),"어르신 도우미, 경로 도우미"
17451,실링,ceiling(영),"한도액, 상한, 최고 한도액, 최고 한도"
17450,신분증 패용,身分證 佩用,신분증 달기
17449,"시티, CT",current transformer(영),전류 변성기
17448,시너지,synergy(영),"상승, 동반 상승"
17447,승주하다,昇柱--,"오르다, 전주에 오르다"
17446,승계운전,承繼運轉,교대 운전
17445,스폿 광고,spot(영) 廣告,토막 광고
17444,스폰서,sponsor(영),"① 후원자 ② 광고주, 광고 의뢰자"
17443,스팸,spam(영),스팸
17442,스파이 웨어,spyware,스파이 웨어
17441,스토리보드,storyboard(영),"줄거리판, 이야기판"
17440,스토리,story(영),이야기
17439,스터디그룹,study group(영),"공부 모임, 공부 모둠"
17438,"스타팅 멤버, 스타팅멤버",starting member(영),"선발(先發) 선수, 주전 선수"
17437,스크린 도어,screen door(영),안전문
17436,스크린,screen(영),① 화면 ② 영화
17435,스케줄,schedule(영),"일정, 일정표, 계획, 계획표, 시간표"
17434,스캔들,scandal(영),"추문, 좋지 못한 소문"
17433,스카이라운지,sky lounge(영),"전망 쉼터, 하늘 쉼터"
17432,스마트 폰,smart phone,스마트 폰
17431,스마트 워크,smart work(영),원격 근무
17430,수트리,水 Tree(영),수분 침투 균열
17429,수취인,受取人,"받는 이, 받는 사람"
17428,수범 사례,垂範事例,"모범 사례, 잘된 사례"
17427,쇼퍼라마,Shopperama(영),드라마 쇼핑
17426,송입업체,送入業體,국내 취업 알선 업체
17425,송입,送入,국내 취업
17424,소정 양식,所定樣式,"규정 서식, 정해진 양식, 정해진 형식, 정해진 서식, 정한 서식"
17423,소요되다,所要--,"들다, 걸리다"
17422,소요,所要,필요
17421,소손되다,燒損--,"손상되다, 타서 손상되다"
17420,"소셜 네트워크 서비스, SNS",social network service(영),"누리 소통망, 누리 소통망 서비스, 사회 관계망, 사회 관계망 서비스"
17419,소모,SOMO(Smart Office Mobile Office(영)),모바일 사무실
17418,소맥피,小麥皮,밀기울
17417,소내소비전력,所內消費電力,발전소 소비 전력
17416,센서스,census(영),"조사, 총조사"
17415,"세트 플레이, 세트 피스(세트피스)",set play(←set piece),"맞춤전술, 각본전술"
17414,세일,sale(영),"싸게 팔기, 할인 판매"
17413,세계 잉여금,歲計剩餘金,결산 잔액
17412,선유장,船留場,소형선 정박장
17411,선루프,sunroof(영),지붕창
17410,석식,夕食,"저녁, 저녁밥, 저녁 식사"
17409,서브머지드 컴버스천 베이퍼라이저/ 에스시브이/ 에스엠브이,"SCV: Submerged Combustion Vaporizer, SMV",액중 연소 기화기
17408,샘플링 하우스,sampling house,시료 (가스) 채취실
17407,샘플링 지점,sampling 地點 [sampling point],시료 (가스) 채취 지점
17406,샘플링 설비,sampling 設備 [sampling system],시료 (가스) 채취 장치
17405,샘플링 가스,sampling gas,시료 가스
17404,샘플링,sampling(영),"표본 추출, 표본, 표본화"
17403,샐러리맨,←salaried man(영),"봉급생활자, 급여생활자"
17402,상존,常存,늘 있음
17401,상당액,相當額,① 해당액 ② 많은 금액
17400,상기한 바와 같이,上記-,위와 같이
17399,상기,上記,위
17398,사토,"砂土, 沙土",모래흙
17397,사운드카드,Sound Card(영),사운드카드
17396,빈산소수괴,貧酸素水塊,산소 부족 물덩어리
17395,비회,飛灰,날림재
17394,비즈니스 데스크,business desk(영),"① 사업 부서, ② 사업 부서장"
17393,비즈니스 네트워킹 허브,business networking hub(영),"사업 연계 중심, 업무 연계 중심"
17392,비오지,BOG: Boil-Off Gas,증발가스
17391,"비엠에스, BMS",battery management system(영),"배터리 관리 시스템, 배터리 관리 장치"
17390,블루투스,bluetooth,블루투스
17389,"블록, 블럭*",block(영),구역
17388,"블레이드, 풍력 발전기 블레이드",Blade(영),"날개, 풍력 발전기 날개"
17387,블랙아웃,blackout(영),대정전
17386,"브이오디, VOD",video on demand(영),① 다시 보기 ② 주문형 비디오
17385,브로슈어,brochure(영),"안내서, 소책자"
17384,뷰파인더,viewfinder(영),보기창
17383,불출,拂出,내줌
17382,불철주야,不撤晝夜,밤낮없이
17381,불요불급하다,不要不急--,필요하지도 급하지도 않다
17380,불비한,不備-,갖추어지지 않은
17379,부취/부취제,附臭/附臭劑,냄새 첨가물
17378,부압,負壓 [negative pressure],음압
17377,복토,覆土,"흙덮기, 흙을 덮음"
17376,보텀업,bottom-up(영),상향식
17375,보이스 피싱,voice phishing(영),사기 전화
17374,보링선,"--船, boring ship(영)",해저지반조사선
17373,보디라인,body-line(영),"체형, 몸매"
17372,보드마커,board marker(영),칠판펜
17371,병가,竝架,전선 병행 설치
17370,변대주,變臺柱,변압기 전주
17369,벤트,vent,배출
17368,범용 가입자 식별 모듈,,"가입자 식별 칩, 유심(USIM)"
17367,버튼,button(영),단추
17366,버블,bubble(영),"거품, 거품 현상"
17365,"배너, 배너 광고","banner(영), banner(영) 廣告","막대 광고, 띠 광고, 현수막, 현수막 광고"
17364,방침을 득하여,方針- 得--,"방침을 받아, 방침을 얻어"
17363,밧데리,Battery(영),"배터리, 축전지"
17362,바인더,binder(영),보관철
17361,바우처 제도,voucher(영) 制度,"상품권 제도, 이용권 제도"
17360,미션,mission(영),"임무, 중요 임무"
17359,물양장,物揚場(영),소형선^부두
17358,물양장,物揚場,소형선 부두
17357,무선 랜,wireless Local Area Network,무선랜
17356,무빙워크,←moving sidewalk(영),자동길
17355,몽리 면적,蒙利面積,"수혜 면적, 수혜 넓이, 수혜 지역"
17354,모티켓,motiquette(영),통신 예절
17353,"모티브, 모티프","motive(영), motif(프)",동기
17352,모바일ISP,mobile ISP,모바일 안전 결제 서비스
17351,모바일,mobile(영),"① 이동통신, ② 이동"
17350,명일,明日,내일
17349,멜로디,melody(영),가락
17348,메카,mecca(영),"중심, 중심지"
17347,메신저,messenger(영),쪽지창
17346,"메디컬 콜 센터, 메디컬 콜센터",medical call center(영),의료 전화 상담실
17345,메디컬 비자,medical VISA(영),"의료 비자, 의료 사증"
17344,메거,Megger(영),절연 저항계
17343,멀티플랫폼 게임,Multi-platform Game(영),다중 플랫폼 게임
17342,머스트 해브,must have(영),필수품
17341,맹지,盲地,도로 없는 땅
17340,매표소,賣票所,"표 사는 곳, 표 파는 곳"
17339,매칭 펀드,matching fund(영),"대응 자금, 대응 기금"
17338,매칭 그랜트,matching grant(영),"동반 기부, 대응 기부"
17337,매치업,match-up(영),"① 맞대결, 대진 ② 일대일"
17336,매점매석,買占賣惜,사재기
17335,매니지드 서비스,managed service(영),위탁 관리 서비스
17334,매뉴얼,manual(영),"설명서, 안내서, 지침, 지침서"
17333,매너리즘,mannerism(영),타성
17332,말구,末口,위끝
17331,만재흘수선,滿載吃水線,"만재 흘수선, 적재 한계선"
17330,마켓,market(영),시장
17329,마이너스,minus(영),"적자, 손해, 음극, 음성, 빼기, 빼기 부호"
17328,마블링,marbling(영),결지방
17327,리폼,reform(영),"개량, 수선"
17326,리콜,recall(영),"결함 보상, 결함 보상제"
17325,리콘덴서/재응축기,re-condenser/再凝縮機,재응축기
17324,리빙룸,living room(영),거실
17323,리메이크,remake(영),"재구성, 원작 재구성"
17322,"리더십, 리더쉽*",leadership(영),지도력
17321,룸메이트,roommate(영),"방짝, 방친구"
17320,루미나리아,luminaria(영),"불빛 축제, 불빛 잔치, 불빛 조명 시설"
17319,루머,rule(영),"뜬소문, 소문, 풍문"
17318,로드킬,road kill(영),"동물 찻길 사고, 동물 교통사고"
17317,로드 맵,road map(영),"이행안, 단계별 이행안"
17316,로깅,logging,기록
17315,로그시트,log-sheet,운영 기록지
17314,런아웃,run-out,(중심축) 이탈
17313,량,輛,칸
17312,랜드마크,landmark(영),"마루지, 상징물, 상징 건물, 대표 건물"
17311,"라이선스, 라이센스*",license(영),"① 사용권 ② 면허, 면허장 ③ 허가, 허가장, 인허가, 수출입 인허가"
17310,라이브러리,library(영),① 자료관 ② 도서관
17309,디피에스,DPS: Disaster Prevention System,방재 장치
17308,디지털 포렌식,digital forensics(영),"전자 법의학, 전자 법의학 수사"
17307,디지털멀티미디어방송,Digital Multimedia(영)--,"디지털멀티미디어방송, 디엠비"
17306,디지털 셀프 출판,digital self(영) 出版,전자책 자가 출판
17305,"디엠, DM",direct mail(영),"우편 광고, 우편 광고물"
17304,"디아르, 디알, DR",demand response(영),수요 반응
17303,"디브레인, dBrain",digital brain(영),디지털 예산 회계 시스템
17302,드레싱,dressing(영),"상처 치료, 상처 치료약"
17301,"드라이아웃, 드라이아웃하다",dry-out,"건조, 건조하다"
17300,드라이브 바이 다운로드,drive by download(영),"잠입형 악성 코드, 잠입형 악성 코드 설치"
17299,동절기,冬節期,겨울철
17298,동법,同法,"①같은 법 ②같은 방법, 같은 수법"
17297,독거노인,獨居老人,"홀로 노인, 홀로 사는 노인, 홀몸 노인"
17296,도장 공사,塗裝工事,"칠 공사, 도색 공사"
17295,"도괴하다, 철탑이 도괴하다",倒壞--,"넘어지다, 철탑이 넘어지다"
17294,더치페이,Dutch pay(영),각자내기
17293,대합실,"待合室, まちあいしつ(일)","맞이방, 기다리는 곳"
17292,대조 공부,對照公簿,"장부 확인, 장부 대조"
17291,대선,貸船,선박 임대
17290,당일,當日,그날
17289,당월,當月,"그달, 이달"
17288,당년,當年,"그해, 올해"
17287,답보,踏步,"제자리, 제자리걸음"
17286,단차,段差,"고저 차, 높이 차이, 높낮이, 높낮이 차이"
17285,"다이, 디아이와이, DIY",do it yourself(영),손수 제작
17284,다운사이징,downsizing(영),"감축, 축소, 줄이기"
17283,닉네임,nickname(영),별명
17282,뉴스레터,newsletter(영),소식지
17281,노후 시설,老朽施設,낡은 시설
17280,노하우,knowhow(영),"비법, 기술, 비결, 방법"
17279,노치 필터,notch filter(영),특정 주파수 차단기
17278,노미네이트,nominate(영),후보 지명
17277,노멀 루베,normal cubic meter,표준 세제곱미터
17276,네티즌,netizen(←network+citizen(영)),누리꾼
17275,네트워킹,networking(영),"연결망, 연계망, 관계망"
17274,내장하다,耐張--,"장력을 견딤, 장력을 견디다"
17273,내용 연수,耐用年數,사용 연한
17272,내역서,內譯書,명세서
17271,내비게이션,navigation(영),"길도우미, 길안내기"
17270,난굴,亂掘,마구 파냄
17269,낙도 보조 항로,落島補助航路,국가 보조 항로
17268,나용선,裸傭船,선체 임차
17267,긴선하다,緊線--,"전선 당기기, 전선을 당기다"
17266,기수역,汽水域,갯물 수역
17265,기수,汽水,갯물
17264,기국통제,旗國統制,"기국 통제, 자국 선박 통제"
17263,"글로벌 스탠더드, 글로벌 스탠다드*",global standard(영),국제 기준
17262,근입,根入,밑동 묻기
17261,근가,根枷,전주 버팀대
17260,그린 카,green car(영),친환경 차
17259,그린웨이,greenway(영),녹색길
17258,그린벨트,greenbelt(영),개발 제한 구역
17257,"그린 아이티, 그린 IT",green information technology(영),"녹색 정보 기술, 친환경 정보 기술"
17256,그루빙,grooving,미끄럼방지 홈
17255,굴토,掘土,땅파기
17254,국지,局地,일부 지역
17253,구휼,救恤,"구호, 구제"
17252,구배,勾配,"① 기울기, 물매 ② 비탈, 오르막"
17251,구배,"勾配, 句配",기울기
17250,교면 포장,橋面鋪裝,다리 포장
17249,관유물,官有物,공공기관 물건
17248,과당 경쟁,過當競爭,지나친 경쟁
17247,공칭 전압,公稱電壓,표준 전압
17246,공차,公差,허용 오차
17245,공사 기성률,工事 旣成率,공사 진척도 / 공정률
17244,공격용 툴킷,攻擊用 toolkit(영),공격 도구 모음
17243,공가,共架,"공용 설치, 전선 공용 설치, 통신선 공용 설치"
17242,고수부지,高水敷地,둔치
17241,고성토,高成土,흙 높이 쌓기 / 높이 쌓은흙
17240,"계통병해, 발전기 계통병해","系統竝解, 發電機 系統竝解","계통 분리, 발전기 계통 분리"
17239,"계통병입, 발전기 계통병입","系統竝入, 系統倂入","계통 연결, 발전기 계통 연결"
17238,계리,計理,회계 처리
17237,경간,徑間,지지물 간 거리
17236,격간 운행,隔間運行,감축 운행
17235,건주하다,建柱--,"세우다, 전주를 세우다"
17234,건전 구간,健全區間,정상 구간
17233,거치,据置,"예치, 맡김"
17232,거래선,去來先,거래처
17231,개토,開土,"땅파기, 흙갈이"
17230,개로,開路,열린 회로
17229,개거,開渠,개방 수로
17228,"강송, 강행 송전","强送, 强行送電",수동 송전
17227,감용기,減容機,압축기
17226,"감발, 발전기 감발","減發, 發電機 減發","출력 감소, 발전기 출력 감소"
17225,가이드북,guidebook(영),"안내서, 지침서, 길잡이"
17224,가이드라인,guideline(영),"지침, 방침"
17223,가이드,guide(영),"안내자, 안내원, 길잡이, 지침서, 안내서"
17222,가우징,gouging,홈파기 작업
17221,가스 크로마토그래피,gas chromatography,가스 분석기
17220,가섭선,架涉線,공중선
17219,가설 무대,假設舞臺,임시 무대
17218,가선하다,架線--,"전선 설치, 통신선 설치, 전선을 설치하다, 통신선을 설치하다"
17217,가사용,假使用,임시 사용
17216,가도,假道,임시 도로
17215,가공지선,架空地線,피뢰선
17214,가계정,假計定,임시 계정
17213,가계약,假契約,임시 계약
17212,가결의,假決議,임시 결의
17211,가검물,可檢物,검사물
17210,가건축,假建築,임시 건축
17209,가건물,假建物,임시 건물
17208,"URL, 인터넷 위치",Uniform Resource Locator(영),인터넷 주소
17207,"아르앤디, 알앤디, R&D, R/D",research and development(영),연구 개발
17206,ESS,Energy Storage System(영),에너지 저장 장치
17205,"디티지, DTG",digital tacho graph(영),디지털 운행 기록계
17204,"Bus, 부스, 모선","bus(영), 母線",모선
17203,"에이티, AT",appropriate technology(영),적정 기술
17202,~ 게이트,~ gate(영),~ 의혹사건
17201,(위원별 전담)마크맨,mark man(영),전담 요원
17200,"(LNG) 터미널, 인수기지","(LNG) terminal receiving terminal, 引受基地","인수기지, 생산기지"
17199,힝조로에,"ひんぞろえ(일), 品揃え(일)",상품 구색갖추기
17198,힛가리,"光, ひっかり(일)","빛, 번들거림"
17197,힙본 스커트,hipbone skirt(영),골반치마
17196,힙 벨트,hip belt(영),골반띠
17195,힐링 뮤직,healing music(영),치유 음악
17194,힐링,healing(영),치유
17193,힐 스타트 어시스트,hill start assist(영),"경사로 밀림 방지, 경사로 밀림 방지 장치"
17192,히트01,hit(영),치기
17191,히쿠치,"火口, ひぐち(일)",불대
17190,히요쿠,"比翼, ひよく(일)",단춧집
17189,히빙 라인,heaving line(영),던짐줄
17188,히든 챔피언,hidden champion(영),강소 기업
17187,히다,"襞, ひだ(일)",주름
17186,흠결,欠缺,"부족, 흠, 모자람"
17185,흑태,黑太,검정콩
17184,흑수병,黑穗病,깜부깃병
17183,흑두,黑豆,검정팥
17182,흑도,黑陶,"검은간그릇, 흑도"
17181,흉위,胸圍,가슴둘레
17180,흉부,胸部,가슴 부분
17179,흉골,胸骨,앞가슴뼈
17178,흉고 직경,胸高直徑,가슴높이 지름
17177,흉고,胸高,가슴높이
17176,휴한지,休閑地,"노는 땅, 쉬는 땅"
17175,휴폭,"畦幅, うねはば(일)",이랑 너비
17174,휴지중,休止中,쉬고 있음
17173,휴반 소각,畦畔燒却,두렁태우기
17172,휴반,畦畔,"밭두둑, 논두렁"
17171,휴경지,休耕地,묵힌 땅
17170,휴게 시간,休憩 時間,휴식 시간
17169,휴거,携擧,데려감
17168,휴간관개,畦間灌漑,고랑 물대기
17167,휴간,畦間,이랑 사이
17166,휴,畦,이랑
17165,휘보,彙報,여러 소식
17164,훼괴,毁壞,"훼손, 파괴"
17163,훈탄,燻炭,왕겨숯
17162,훈증,燻蒸,"찜, 증기찜"
17161,훈시,訓示,말씀
17160,훅 앤드 아이,hook and eye(영),"걸단추, 걸고리단추"
17159,훅,hook(영),"① 왼쪽 휨 ② 고리 바늘 ③ 고리, 갈고리 ④ 고리, 걸고리, 걸단추"
17158,후프,hoop(영),옷테
17157,후타,"蓋,ふた(일)","덮개, 호주머니 덮개"
17156,후쿠로누이,"袋縫い(일), ふくろぬい(일)",통솔
17155,후치가자리,"緣飾り(일), ふちがざり(일)",가장자리 장식
17154,후취 담보,後取擔保,사후 담보
17153,후지,厚紙,두꺼운 종이
17152,후엽,厚葉,두꺼운 잎
17151,후열,後閱,사후 검열
17150,후야시,"增やし(일), ふやし(일)","늘임, 코늘임"
17149,후세누이,"伏縫い(일), ふせぬい(일)",뉨솔
17148,후부 반고,後部返顧,뒤돌아 봄
17147,후방,後方,뒤쪽
17146,후미,後尾,뒤끝
17145,후문,後聞,뒷얘기
17144,후문,喉門,목구멍
17143,후면,後面,"뒤쪽, 뒤"
17142,후동목,後棟木,자투리 나무
17141,후단,後端,뒤끝
17140,후,厚,두께
17139,효율 제고,效率提高,"성과 높임, 효율 높임, 성과 높이기, 효율 높이기"
17138,효용,效用,"쓰임, 효과"
17137,효시,嚆矢,시초
17136,횡전,橫轉,옆돌기
17135,횡선,橫線,가로줄
17134,횡령하다,橫領--,가로채다
17133,횡도,橫道,"건널목, 옆길"
17132,횡대,橫隊,가로서기
17131,횡단로,橫斷路,건널목
17130,횡단 방향,橫斷方向,가로 방향
17129,횡단 도로,橫斷道路,건널목
17128,횡관,橫貫,가로뚫기
17127,횡가재,橫架材,가로걸이 나무
17126,횡가,橫架,가로걸이
17125,횡,橫,가로
17124,회항시키다,回航---,배를 돌리다
17123,회합,會合,모임
17122,회한,回翰,답장
17121,회전상족기,回轉上簇機,누에 올리는 섶
17120,회시하다,回示--,회답하다
17119,회부,回附,돌려보내기
17118,회무,會務,위원회의 사무
17117,회람,回覽,돌려 보기
17116,회납금,回納金,반납금
17115,회귀,回歸,돌아옴
17114,황피,黃皮,노랑 껍질
17113,황폐 계천,荒廢溪川,황폐된 시내
17112,황지,荒地,"황폐한 땅, 거친 땅"
17111,황기,黃芪,"단너삼, 단너삼 뿌리"
17110,활항기,滑航機,"활공기, 활공비행기"
17109,활착,活着,뿌리내림
17108,활락지,滑落地,밀린 땅
17107,환취권,還取權,되찾는 권리
17106,환축,患蓄,병든 가축
17105,환차손,換差損,"외국환 평가손, 외국환 평가 손해"
17104,환지,換地,교환 토지
17103,환적,換積,옮겨싣기
17102,환입,換入,바꿔 넣기
17101,환언하다,換言--,바꾸어 말하다
17100,환약정,換約定,국제 우편환 약정
17099,환아,患兒,"아픈 아이, 아픈 어린이"
17098,환식 비환식 화합물,還式,기초 유기 화합물
17097,환시산표,換試算表,환검산표
17096,환수,還收,되거둠
17095,환송하다,還送--,"돌려 보내다, 되돌려 보내다"
17094,환상파수,環狀把手,고리잡이
17093,환산하다,換算--,바꾸어 계산하다
17092,환사고 조복서,換事故照覆書,"환사고 회신, 외환사고 회신"
17091,환사고 왕복서,換事故往復書,"환사고 조사서, 외환사고 조사서"
17090,환불하다,換拂--,"돌려주다, 바꿔 주다, 되돌려주다, 돈을 되돌려주다"
17089,환부율,還付率,반송률
17088,환부금,還付金,반환금
17087,환부 불능,還付不能,반환 불능
17086,환부,還付,되돌려줌
17085,환부,患部,아픈 곳
17084,환문하다,喚問--,불러 묻다
17083,환목사,丸目篩,둥글눈체
17082,환매하다,還買--,"되사다, 되팔다"
17081,환매,還買,① 되사기 ② 환매수
17080,환 리스크 헤징,換 risk hedging(영),환율 변동 위험 회피
17079,환기하다,喚起--,불러일으키다
17078,환기공,換氣孔,공기 구멍
17077,환급하다,還給--,"되돌려주다, 지급하다"
17076,환급하다,還給-- ----,돌려주다
17075,환금 작물,換金作物,"수익 작물, 돈벌이 작물"
17074,환거반,丸鋸盤,둥근 톱
17073,환거,丸鋸,둥근 톱
17072,확행 바랍니다,確行,꼭 하시기 바랍니다
17071,확장된 노동력,extended labor force(영),확장 경제 활동 인구
17070,확인인,確認印,확인 도장
17069,확도,確度,정확도
17068,화훼 단지,花卉團地,꽃 재배지
17067,화훼,花卉,꽃
17066,화학비료,化學肥料,화학거름
17065,"화체되다, 체화되다","化體--, 體化--","내재되다, 들어 있다"
17064,화장,火匠,"조리원, 불목하니"
17063,화입하다,火入--,불붙이다
17062,화인,火因,"불난 원인, 화재 원인"
17061,"파이버, 화이바*",fiber(영),안전모
17060,화아,花芽,꽃눈
17059,화심,火心,불중심
17058,화신,花信,꽃소식
17057,화스너,fastener(영),지퍼
17056,화세,火勢,불기운
17055,화붕,貨崩,"짐 넘어짐, 짐이 넘어짐"
17054,화분수,花粉樹,아비나무
17053,화분,花粉,꽃가루
17052,화본과,禾本科,볏과
17051,화미,火尾,불꼬리
17050,화물창,貨物艙,"배 화물 창고, 뱃짐 창고, 배창고"
17049,화물 적하,貨物積下,"짐 내리기, 짐 부림"
17048,화목,火木,땔나무
17047,화락하게,和樂--,즐겁게
17046,화두,火頭,불머리
17045,화농하다,化膿--,곪음
17044,화기 주의,火氣注意,불조심
17043,화기,火氣,불
17042,화급하다,火急--,"다급하다, 급하다, 몹시 급하다"
17041,홍예교,虹霓橋,무지개 다리
17040,홍삼포,紅蔘圃,홍삼밭
17039,홈페이지,homepage(영),누리집
17038,홈스쿨링,home-schooling(영),재택 교육
17037,홈스쿨,homeschool(영),가정학교
17036,홈매니저 서비스,home manager service(영),가사 서비스
17035,홈 웨어,home wear(영),"가정복, 집안옷"
17034,홀드백,hold back(영),"재배포 유예, 재배포 유예 기간"
17033,홀드 클리닝,hold cleaning(영),짐칸 청소
17032,홀더,holder(영),"서류 끼우개, 서류 묶음"
17031,혼효,混淆,뒤섞음
17030,혼적하다,混積--,섞어 싣다
17029,혼재하다,混載--,섞어 싣다
17028,혼작,混作,"섞갈이, 섞어심기"
17027,혼입,混入,섞어 넣음
17026,혼식,混植,섞어심기
17025,혼솔 지퍼,conceal(영),숨은지퍼
17024,혼거실,混居室,"여럿이 방, 여럿이 쓰는 방"
17023,혼거 수용,混居收容,"공동 수용, 집단 수용"
17022,혼가에시누이,"本返し縫い(일), ほんがえしぬい(일)",온박음질
17021,혹한,酷寒,된추위
17020,혹서기,酷暑期,무더위 때
17019,혹서,酷署,무더위
17018,호환하다,互換--,"바꾸다, 서로 바꾸다"
17017,호혜의 원칙,互惠 - 原則,상호 혜택의 원칙
17016,호폐,戶廢,빈집
17015,호텔 머신,hotel machine(영),금전 등록기
17014,호쿠쓰케,ホックつけ(일),"호크 달기, 훅 달기"
17013,호칭하다,呼稱--,부르다
17012,호천,湖川,호수 및 하천
17011,호창하다,呼唱--,외치다
17010,호착,糊着,풀붙임
17009,호주 승계,戶主承繼,호주 이음
17008,호조(←호스),"枘, ほぞ(일)",사개
17007,호전,好轉,나아짐
17006,"호저리, 호즈",hosiery(영),양말
17005,호재,好材,좋은 재료
17004,호안공,護岸工,기슭막이
17003,호시도메,"星止め(일), ほしどめ(일)",숨은상침
17002,호시누이,"星縫い(일), ほしぬい(일)",숨은상침
17001,호시,"乾し(일), ほし(일)","건조, 말림"
17000,호스트 컴퓨터,host computer(영),주컴퓨터
16999,호스 격납함,hose(영) 格納函,호스 보관함
16998,호소,湖沼,호수와 늪
16997,호선,互選,서로 뽑음
16996,호선,互先,맞바둑
16995,호봉 재획정,號俸再劃定,호봉 다시 매기기
16994,호보 룩,hobo look(영),방랑자풍
16993,호발기,好發期,발생하기 쉬운 때
16992,호밍사,homming(영)絲,묶음실
16991,호명하다,呼名--,이름 부르다
16990,호맥,胡麥,호밀
16989,호마엽고병,胡麻葉枯病,깻잎마름병
16988,호료,糊料,풀
16987,호련,糊練,"풀이기기, 풀 반죽"
16986,호도,糊塗,얼버무림
16985,호기,好機,좋은 기회
16984,호경,呼徑,호칭경
16983,호객,呼客,손님부르기
16982,호각의,互角-,엇비슷한
16981,호가하다,呼價--,"값 부르다, 값을 부르다"
16980,호,縞,줄무늬
16979,형틀,型-,거푸집
16978,형적,刑跡,남은 흔적
16977,형망,桁網,틀그물
16976,형기,衡器,저울
16975,협착,挾着,"① 끼워 붙이기 ② 좁음, 끼임"
16974,협조전,協助箋,협조문
16973,협각,夾角,끼인 각
16972,혈전,血栓,핏줄 막힘
16971,혈구,血球,피톨
16970,현황 지목,現況地目,사실상의 지목
16969,현화 식물,顯花植物,"꽃 피는 식물, 꽃식물"
16968,현하,現下,"지금, 오늘날"
16967,현출,顯出,두드러짐
16966,현창,舷窓,배옆문
16965,현징,現徵,나타냄
16964,현재증,現在症,현재 병세
16963,현용수,現用數,현재 사용하는 수
16962,현용,現用,지금 쓰는
16961,현목,懸木,걸친 나무
16960,현등,舷燈,배옆등
16959,현금 행낭,現金行囊,현금 우편 자루
16958,현금,現今,"지금, 오늘날"
16957,현가,懸架,매달기
16956,혁포,革布,"가죽 부대, 가죽 자루"
16955,혁대,革帶,"가죽띠, 허리띠"
16954,헴 라인,hem line(영),"가장자리선, 도련선, 밑단선"
16953,헴,hem(영),"가장자리, 단, 도련"
16952,헬프 데스크,help desk(영),도움 창구
16951,헬스케어,health care(영),건강관리
16950,헬멧,helmet(영),안전모
16949,헬리패드,helipad(영),간이 헬기장
16948,"헤치마, 헤치마에리","糸 爪 衿, へちまえり(일)",숄칼라
16947,헤이트 스피치,hate speech(영),"혐오 발언, 혐오 발언 시위"
16946,헤어드라이어,hair drier(영),머리말리개
16945,헤어 스타일,hairstyle(영),"머리 형, 머리 모양"
16944,헤어 밴드,hair band(영),머리띠
16943,헤어 드레스,hair dress(영),머리꾸미개
16942,헤비 듀티 웨어,heavy duty wear(영),중노동복
16941,헤밍 스티치,hemming stitch(영),①감침질 ②단처리 바느질
16940,헤라시,"減らし(일), へらし(일)","줄임, 코줄임"
16939,헤드헌터,headhunter(영),"취업 관리자, 인재 중개인"
16938,헤드랜턴,head lantern(영),이마등
16937,헤드 드레스,head dress(영),"머리쓰개, 머리쓰개류"
16936,헤게모니,hegemonie(독),주도권
16935,험프입환,hump(영) 入換,기울기 바꿔 넣음
16934,험조의,驗潮儀,조수 검사기
16933,헌팅 캡,hunting cap(영),"사냥모, 사냥모자"
16932,헌팅 재킷,hunting jacket(영),사냥재킷
16931,허주,虛柱,헛기둥
16930,허위,虛僞,거짓
16929,허여,許與,허락
16928,허언을 농하다,虛言- 弄--,거짓말을 늘어놓다
16927,허브대학,hub university(영),"거점 대학, 중심 대학"
16926,허브,hub(영),"중심, 중심지"
16925,허다하다,許多--,"많다, 매우 많다"
16924,허니문,honeymoon(영),"신혼, 신혼여행"
16923,향후,向後,앞으로
16922,향응,饗應,"대접, 음식 대접, 융숭한 대접"
16921,향유하다,享有--,누리다
16920,향수하다,享受--,"받다, 누리다"
16919,향발하다,向發--,(...)으로 떠나다
16918,행커치프,"ハンカチ 일, handker-chief(영)",손수건
16917,행정 재산의 관리 위탁,行政財産- 管理委託,행정 재산의 민간 위탁
16916,행정,行程,작동거리
16915,행정,行程,노정
16914,행장,行狀,행실
16913,행인,杏仁,"살구씨, 살구속"
16912,행선찰,行先札,가는 곳 안내표
16911,행선지,行先地,가는 곳
16910,행려병자,行旅病者,"무연고 병자, 떠돌이 병자"
16909,행려 사망,行旅 --,떠돌이 죽음
16908,행려,行旅,떠돌이
16907,행동 수칙,行動守則,지킬 일
16906,행낭,行囊,우편 자루
16905,"행거, 행어",hanger(영),걸개
16904,행 태그,hang tag(영),꼬리표
16903,햅틱기술,haptic(영)技術,촉각 기술
16902,핸디캡,handicap(영),① 불리한 조건 ② 약점 ③ 단점 ④ 흠
16901,핸드워븐,hand woven(영),"수직, 수직포"
16900,핸드북,handbook(영),편람
16899,핸드메이드,handmade(영),"수제, 수제품"
16898,핸드 스티치,hand stitch(영),"손수, 손바느질"
16897,해후하다,邂逅--,"만나다, 우연히 만나다"
16896,해하호소,海河湖沼,"바다, 하천, 호수, 늪"
16895,해포,解包,포장풀기
16894,해트,hat(영),모자
16893,해토,解土,땅 풀림
16892,해태 갱목,海笞坑木,김 양식 목재
16891,해태,懈怠,"게으름, 태만"
16890,해커톤,hacking(영)+marathon(영),"끝장 마라톤 찾기, 끝장 마라톤 토론, 끝장 마라톤 대회"
16889,해치 커버,hatch cover(영),짐칸 덮개
16888,해촉,解囑,"위촉 해제, 위촉을 끝냄, 맡김을 끝냄"
16887,해철,解撤,해체 철거
16886,해지역,該地域,"그 지역, 이 지역"
16885,해정하다,解錠--,풀다
16884,해저드02,hazard(영),위해 요소
16883,해자,該者,"그 이, 그 사람"
16882,해외 인턴십,海外 internship(영),해외 직무 실습
16881,해약,解約,계약 해제
16880,해시태그,hashtag(영),핵심어 표시
16879,해승,解繩,포승풀기
16878,해수,海水,바닷물
16877,해손,海損,해상 손해
16876,"해소, 과목 해소",解疏,"설명, 과목 설명, 풀이"
16875,해사,海砂,바닷모래
16874,해면질,海面質,갯솜질
16873,해면 경정,"海面 更正, reduction to mean sea level(영)",해면 환산
16872,해먹,hammock(영),그물침대
16871,해득,解得,"깨우쳐 앎, 알음"
16870,해갑,解匣,고랑풀기
16869,해,海,바다
16868,항타,杭打,말뚝박기
16867,항코트,"半コ-ト(일), はんコ-ト(일)",반코트
16866,항로,航路,뱃길
16865,항공임,航空賃,항공 운임
16864,항공 서간,航空書簡,국제 항공 봉함 엽서
16863,핫토픽,hot topic(영),"관심 주제, 인기 화제"
16862,핫 스폿,hot spot(영),"고위험 지역, 화재 고위험 지역"
16861,핫 머니,hot money(영),"단기 투기성 자금, 투기성 단기 자금"
16860,핫라인,hotline(영),"① 직통 전화, 비상 직통 전화 ② 직통 회선"
16859,합필,合筆,필지합치기
16858,합철,合綴,"한데묶기, 한데매기"
16857,합인석부,蛤刃石斧,조갯날돌도끼
16856,합의 관할,合議管轄,함께 정한 범위
16855,합량,合梁,맞보
16854,함수,鹹水,짠물
16853,함선,函船,"뜬배, 평부선"
16852,할척 관세,割尺關稅,가격 연동 관세
16851,할증료,割增料,"웃돈, 추가금"
16850,할절,割切,"접힘, 접음, 나눔"
16849,할입,割入,"끼임, 사이에 끼임"
16848,할애하다,割愛--,"쪼개다, 나누다"
16847,할석,割石,"깬돌, 돌깨기"
16846,할란,"割卵, egg-breaking(영)",계란 깨기
16845,할당 요금,割當料金,배당 요금
16844,할 시,- 時,할 때
16843,한해,旱害,가뭄 피해
16842,한해,寒害,추위 피해
16841,한파,"はんぱ(일), 半端","우수리, 덜들이, 찌꺼기"
16840,한천,"寒天, かんてん(일)","우무, 우뭇가사리"
16839,한소데,"半柚, はんそで(일)",반소매
16838,한가에시누이,"半返し縫い(일), はんがえしぬい(일)",반박음질
16837,한,限,까지
16836,학자,學資,학비
16835,학부형,學父兄,학부모
16834,학령,學齡,학교 갈 나이
16833,하회하다,下廻--,밑돌다
16832,하화,下貨,"짐 내림, 짐 부림"
16831,하하,下荷,짐 부림
16830,하프 코트,half coat(영),반코트
16829,하토메,"鳩目, はとめ(일)",새눈구멍
16828,하코히다,箱襞,상자주름
16827,하코가구시,箱隱-し(일),홑입술주머니
16826,하코 포켓,"箱ポケット, はこポケット(일)",홑입술주머니
16825,하코 주머니,箱(일) -,홑입술주머니
16824,하처,何處,"어느 곳, 어디"
16823,하차장,下車場,"내리는 곳, 차 내리는 곳"
16822,하지,下肢,다리와 발
16821,하조,荷造,짐꾸리기
16820,하조,荷操,옮겨쌓기
16819,하조,下吊,내리기
16818,하재,下材,"나쁜 나무, 하치 재목"
16817,하자시,"八刺-し(일), はざし(일)",팔자뜨기
16816,하자 보증 기간,瑕疵保證期間,성능 보증 기간
16815,하자,瑕疵,"잘못, 흠"
16814,하자,何者,누구
16813,하인,何人,누구
16812,하이킹,hiking(영),"소풍, 도보 여행"
16811,하이웨이,highway(영),고속 도로
16810,하이 힐,high heel(영),뾰족구두
16809,하이 패션,high fashion(영),"고급풍, 고급 패션"
16808,하이 캐주얼,high casual(영),고급 평상복
16807,하이 칼라,high collar(영),높은칼라
16806,하이 삭스,high socks(영),긴양말
16805,하이 네크라인,high neckline(영),높은 목둘레선
16804,하우징 페어,housing fair(영),"주택 박람회, 주택 산업 박람회"
16803,하우스키핑,housekeeping(영),정리 작업
16802,하우스 웨어,house wear(영),"가정복, 집안옷"
16801,하우스 드레스,house dress(영),"가정복, 집안옷"
16800,하예,下刈,밑풀베기
16799,하역,荷役,"짐일, 짐다루기, 짐부리기"
16798,하여간,何如間,"어쨌든, 하여튼, 어쨌든지"
16797,하야,下野,관에서 물러남
16796,하시카가리누이,"端かがり縫い(일), はしかがりぬい(일)",휘갑치기 가름솔
16795,하시미싱,端-ミシン(일),"끝단박기, 접어박기가름솔, 끝단 가름솔"
16794,하시라도,何時--,"언제라도, 언제든지, 어느 때든지"
16793,하수지,下樹枝,늘어진 가지
16792,하수 가공,下手加工,재료대기 가공
16791,하상,河床,"냇바닥, 강바닥"
16790,하분,荷粉,"하물 부스러기, 짐 부스러기"
16789,하부타에,"羽二重, はぶたえ(일)",평견(平絹)
16788,하부사,--- 絲,재봉용 견사
16787,하복,下腹,아랫배
16786,하바키,幅木,"① 걸레받이 ② 굄, 괴개"
16785,하미다시,"食-み-出-し(일), はみだし(일)",내밀기
16784,하모니,harmony(영),"① 조화 ② 화성, 화음"
16783,하모,夏帽,여름 모자
16782,하모,何某,아무
16781,하마평,下馬評,물망
16780,하리,"針, はり(일)",바늘
16779,하리,"張り(일), はり(일)",뻣뻣함
16778,하례회,賀禮會,축하 모임
16777,하등의,何等-,아무런
16776,하도부,下渡簿,보냄 장부
16775,하대어,下待語,낮춤말
16774,하대두,夏大豆,여름콩
16773,하달하다,下達--,알리다
16772,하기하다,下記--,"아래 쓰다, 아래에 쓰다, 아래 적다, 아래에 적다"
16771,하기자는,下記者-,"아래 사람은, 아래 적은 사람은"
16770,하기와 여히,下記- 如-,"아래와 같이, 다음과 같이"
16769,하기,"接-ぎ(일), はぎ(일)","깁기, 잇기"
16768,하기,夏期,"여름, 여름철"
16767,하구언,河口堰,"강어귓둑, 강어귀의 둑"
16766,하교하다,下敎--,가르치다
16765,하곡,夏穀,여름걷이 곡식
16764,하견,下繭,나쁜 고치
16763,하거,河渠,강과 개울
16762,하,河,"강, 하천"
16761,핑퐁,ping-pong(영),탁구
16760,필터,filter(영),"거르개, 여과기, 여과지"
16759,필서 봉서,筆書封書,쓴 봉함 편지
16758,필링,pilling(영),"보풀, 보푸라기"
16757,필드트립,field trip(영),"견학 여행, 현장 학습, 현지 출장"
16756,필두,筆頭,맨 처음
16755,필,筆,"붓, 펜, 연필"
16754,핀트,pint(영),초점
16753,핀세트,pincette(프),"집게, 약집게"
16752,핀 턱,pin tuck(영),바늘주름
16751,핀 스트라이프,pin stripe(영),점선무늬
16750,픽토그램,pictogram(영),그림 문자
16749,픽업,pickup(영),"뽑아 냄, 가려냄"
16748,피항지,避港地,대피항
16747,피프티즈 룩,fifties look(영),50년대풍
16746,피팅,fitting(영),가봉
16745,피트-오르간,pit-organ(영),구멍 기관
16744,피트니스 라인,fitness line(영),보정선
16743,피트,fit(영),보정
16742,피크,peak(영),"① 절정, 절정기 ② 최고조"
16741,피칭,pitching(영),"투자 유치, 작가 주도 투자 유치"
16740,피착,被着,"입혀 붙이기, 입히기"
16739,피징발자,被徵發者,징발당한 사람
16738,피접,皮椄,껍질접
16737,피잣,皮-,겉잣
16736,피자 식물,被子植物,속씨 식물
16735,피오에스,POS(영),판매시점
16734,피양,避讓,길 터 주기
16733,피아,彼我,"그와 나, 그쪽과 이쪽"
16732,피싱 재킷,fishing jacket(영),낚시재킷
16731,피시,PC(영),개인용 컴퓨터
16730,피스,vis(프),"나사못, 작은 나사못"
16729,피셔맨 베스트,fishermans vest(영),낚시조끼
16728,피선,被選,뽑힘
16727,피석방자,被釋放者,석방된 사람
16726,피상적인,皮相的,겉핥기의
16725,피사체,被寫體,찍히는 것
16724,피봉,皮封,"겉봉, 봉투"
16723,피복,被覆,덮기
16722,피백,皮栢,겉잣
16721,피방식,fee(영) 方式,광고주 지불 방식
16720,피맥,皮麥,겉보리
16719,피마자,蓖麻子,아주까리
16718,피도러,fedora(영),"중절모, 중절모자"
16717,피납되다,被拉--,납치되다
16716,피견인차,被牽引車,끌려가는 차
16715,피검되다,被檢--,붙잡히다
16714,피,皮,가죽
16713,플립 러닝,flipped learning(영),"역진행 수업, 거꾸로 수업"
16712,플리츠 스커트,pleats skirt(영),주름치마
16711,플리츠 가공,pleats(영) -,주름가공
16710,플리마켓,flea market(영),벼룩시장
16709,플롯,plot(영),조사 구역
16708,플로피 룩,floppy look(영),헐렁이풍
16707,플로팅 광고,floating(영) 廣告,떠돌이 광고
16706,플로어링,flooring(영),마루판자
16705,플로럴 프린트,floral print(영),꽃무늬
16704,플레인 심,plain seam(영),가름솔
16703,플레어 스커트,flared skirt(영),플레어치마
16702,플랫폼,platform(영),"① 기반, 장 ② 승강장 ③ 덧마루 ④(온라인) 거래터"
16701,플랫 칼라,flat collar(영),평깃
16700,플랩,flap(영),"덮개, 호주머니 덮개"
16699,플랜트 수출,plant(영) 輸出,설비 수출
16698,"플랜지 앤 백, 플랜지 앤드 백",flange & bag(영),"부착판과 변 주머니, 피부 부착판과 변 주머니"
16697,플랜,plan(영),계획
16696,플래카드,placard(영),"펼침막, 현수막"
16695,플래드,plaid(영),"체크 무늬, 바둑판 무늬"
16694,플래너,planner(영),"기획자, 설계자"
16693,플라켓,placket(영),"트기, 앞트기, 트임, 앞트임"
16692,플라자,plaza(스),① 광장 ② 상가
16691,플라이,ply(영),"겹, 켜"
16690,플라운스,flounce(영),플레어주름
16689,플라스틱 아트,plastic art(영),조형 미술
16688,플라세보 효과,Placebo effect(영),"속임약 효과, 위약 효과"
16687,프릴,frill(영),주름 장식
16686,프린징,fringing(영),장식술
16685,프릭 스티치,prick stitch(영),"숨은상침, 점박음질"
16684,프리필드,pre-filled(영),"미리 채움, 사전 기재"
16683,프리 포트,free port(영),자유항
16682,프리서버,free server(영),불법 서버
16681,프리미엄,premium(영),"기득권, 웃돈, 할증금"
16680,프리로드,pre-lord(영),기본 탑재
16679,프리 라인,free line(영),자유선
16678,프롤로그,prologue(영),머리말
16677,프로스펙티브 파운딩 멤버,Prospective Founding Member(영),창립 회원 예정국
16676,프로보노,pro bono(영),"재능 기부, 전문가 공익 봉사"
16675,프로모터,promoter(영),"행사기획자, 행사기획사"
16674,프로덕트 캐리어,product carrier(영),정유 운반선
16673,프레행사,pre(영)行事,사전행사
16672,프레젠터,presenter(영),발표자
16671,프레임,frame(영),"틀, 테두리, 차체, 채 틀, 채 둘레"
16670,프레싱01,pressing(영),다림질
16669,프레스 투어,press tour(영),기자단 현장 방문
16668,프레스 키트,press kit(영),언론 홍보 꾸러미
16667,프런트힙 포켓,front hip pocket(영),사선주머니
16666,프러포즈,propose(영),① 제안(提案) ② 청혼(請婚)
16665,프러시안 블루,prussian blue(영),청색
16664,프랜차이저,franchiser(영),상품 제휴 본점
16663,프라치나,プラチナ(일),백금
16662,프라임 레이트,prime rate(영),우대 금리
16661,프라이스 존,price zone(영),가격대
16660,"프라이빗브랜드, 피비",private brand(영),자체 상표
16659,프라이버시,privacy(영),사생활
16658,프라이드,pride(영),"긍지, 자부심"
16657,프라이,fry(영),튀김
16656,풍해,風害,바람 피해
16655,"풍합, 후아이",風合い(일),"질감, 태"
16654,풍압,風壓,바람 압력
16653,풍설,風雪,눈보라
16652,"풍선, 풍선법",風選法,날려고르기
16651,풍대,風袋,겉피
16650,풍건,風乾,바람 말림
16649,품행이 방정,品行- 方正,행실이 바름
16648,품행,品行,행실
16647,품질관리서클,品質管理circle(영),품질 관리반
16646,품의서,稟議書,건의서
16645,품의,稟議,건의
16644,품신하다,稟申--,건의하다
16643,품귀,品貴,달림
16642,품고,稟告,건의
16641,풀오버,pullover(영),통옷
16640,풀,pool(영),수영장
16639,푸드스탬프,food stamp(영),식품권
16638,푸드 트럭,food truck(영),"먹거리 트럭, 음식 판매 트럭"
16637,푸드 마켓,food market(영),먹거리 나눔 가게
16636,표항,標杭,측량 표지 막대
16635,표피,表皮,겉껍질
16634,표토,表土,표층토
16633,표척,標尺,"수준 측량자, 수평 측정자"
16632,표찰,標札,① 이름표 ② 표지판
16631,표지,表紙,겉장
16630,표지,標識,푯말
16629,표준 프로세스,標準 process(영),"표준 과정, 표준 절차"
16628,표전,票箋,꼬리표
16627,표시표,標示票,알림표(국제간 특수 우편물 표면에 붙이는 표)
16626,표법,表法,앞면 기울기
16625,표방하다,標榜--,"내걸다, 내세우다, 주장하다"
16624,표목,標木,푯말
16623,표명국 명찰,表名局名札,보낼 국 꼬리표
16622,표명 변경,表名變更,주소 변경
16621,표면좌측상부에,表面左側上部-,겉면 왼쪽 윗부분에
16620,표리,表裏,"안팎, 겉과 속"
16619,표류물,漂流物,물 위에 떠다니는 물건
16618,표기,標旗,"표지 깃발, 측량 표지 깃발"
16617,표각,表刻,겉새김
16616,폼,form(영),"① 형, 형식 ② 모양, 자태 ③ 자세"
16615,폴리오,polio(영),소아마비
16614,폴리시 믹스,Policy mix(영),정책 조합
16613,폴리슈머,polisumer(영),"정책 필요 계층, 복지 소외층"
16612,폴라,,자라목니트
16611,폴딩도어,folding door(영),접이문
16610,폭주하다,輻輳--,"밀리다, 쌓이다, 밀려들다"
16609,폭원,幅員,"너비, 땅 넓이"
16608,포획하다,捕獲--,사로잡다
16607,포편,布片,헝겊 조각
16606,포패 어업,捕貝漁業,조개류 채취 어업
16605,포팅,porting(영),이식
16604,포트 홀,pot hole(영),"노면 홈, 도로 파임, 노면 구멍"
16603,포트폴리오,portfolio(영),"실적 자료집, 운용 자산 구성, 유가 증권 일람표, 자산 선택, 분산 투자"
16602,포트 듀,port due(영),선박 입항료
16601,포트,pot(영),"모종 그릇, 주전자"
16600,포토툰,Photo toon(영),사진만화
16599,포토세션,photo session(영),"사진 촬영, 사진 촬영 시간"
16598,포터블,portable(영),휴대용
16597,포태,胞胎,"임신, 새끼배기"
16596,포탈,浦脫,① 빠져나감 ② 세금 안 냄
16595,포클로어,folklore(영),민속복
16594,포크리프트,forklift(영),지게차
16593,포켓토 후타,ポケットふた(일),"덮개, 호주머니 덮개"
16592,포켓치프,pocketchief(영),주머니 손수건
16591,포켓[포케또],ポケット(일)←pocket(영),"주머니, 호주머니"
16590,포켓 가이드북,pocket guide book(영),휴대용 안내서
16589,포컬 포인트,focal point(영),"연락 담당, 연락 담당관"
16588,포커스,focus(영),초점
16587,포지하다,包持--,품다
16586,포지,圃地,밭
16585,포전 매매,圃田 賣買,"밭떼기, 밭떼기 매매"
16584,포전 거래,圃田去來,밭떼기
16583,포장검사,圃場檢査,재배지 검사
16582,"포장, 시험 포장","圃場, 試驗 圃場","재배지, 시험 재배지"
16581,포자,胞子,홀씨
16580,포인트제,point(영)制,점수제
16579,포인트,point(영),"강조, 강조점"
16578,포유품,包有品,내용물
16577,포워더,forwarder(영),화물 운송 주선인
16576,포어맨,foreman(영),"반장, 교대 반장"
16575,포승,捕繩,묶는 끈
16574,포스팅,posting(영),올리기
16573,포설,鉋屑,대팻밥
16572,포상하다,褒賞--,상 주다
16571,포상 대상자,褒賞對象者,상받을 사람
16570,포멀 웨어,formal wear(영),정장
16569,포멀 드레스,formal dress(영),야회복
16568,포말 소화기,泡沫消火器,거품 소화기
16567,포말,泡沫,"거품, 물거품"
16566,포럼,forum(영),공개 토론회
16565,포란,抱卵,알품기
16564,포락지,浦落地,무너진 곳
16563,포갑지,包匣紙,담뱃갑 싸개
16562,폐표,廢票,"무효표, 버림표"
16561,폐치 분합,廢置分合,없애고 합침
16560,폐질,廢疾,몹쓸병
16559,폐용,廢用,쓰지 못함
16558,폐야,肺野,"폐 넓이, 허파 넓이"
16557,폐색,閉塞,막힘
16556,폐산,廢酸,버린 산
16555,폐사,弊社,"우리 회사, 저희 회사"
16554,폐방 점검,閉房點檢,문 닫기 살핌
16553,폐국,閉局,"없애다, 국을 없애다, 닫다, 국을 닫다"
16552,평행삭,平行索,나란히 밧줄
16551,평직,平直,수평
16550,평잔,平殘,평균 잔액
16549,평옥개,平屋蓋,평판 지붕
16548,평분,平盆,넓적분
16547,평분,平分,고루 나누기
16546,평방,平方,제곱
16545,평가건 주택,平家建住宅,단층집
16544,평가,平家,단층집
16543,폄훼,貶毁,헐뜯고 깎아내리기
16542,편평족,偏平足,"편발, 편평발, 평발"
16541,편평석부,扁平石斧,대팻날석기
16540,편취하다,騙取--,속여 뺏다
16539,편철하다,編綴--,"매다, 묶다"
16538,편책언제공,編柵堰堤工,"바자댐쌓기, 바자둑쌓기"
16537,편조,編組,짜기
16536,편재,偏在,치우쳐 있음
16535,편의치적선,便宜置籍船,제삼국 등록선
16534,편승하다,便乘--,"붙여 타다, 얻어 타다"
16533,편부,偏父,한부모
16532,편법,便法,편리한 방법
16531,편무 계약,片務契約,일방 채무 계약
16530,편모,偏母,홀어머니
16529,편린,片鱗,"일면, 한 단면, 조각"
16528,편도,片道,한쪽 길
16527,편기,偏嗜,치우침
16526,펠릿사료,pellet(영)飼料,"덩이먹이, 압축사료"
16525,펠릿보일러,pellet boiler(영),압축연료보일러
16524,펠릿,pellet(영),"연료덩이, 비료덩이, 먹이덩이"
16523,펠 심,felled seam(영),쌈솔
16522,펜슬 실루엣,pencil silhouette(영),연필 윤곽선
16521,펜슬 스트라이프,pencil stripe(영),"가는 줄무늬, 연필 줄무늬"
16520,펜스,fence(영),장애물
16519,펜딩된,pending(영)-,처리해야 할
16518,펜더,fender(영),충격막이
16517,펜 사라,pen(영) さら(일),펜 받침
16516,페틀 칼라,petal collar(영),"꽃잎칼라, 꽃잎깃"
16515,페전트블라우스,peasant blouse(영),민속풍 블라우스
16514,페전트 스커트,peasant skirt(영),민속풍치마
16513,페전트 셔츠,peasant shirt(영),민속풍셔츠
16512,페이징,paging(영),무선 호출
16511,페이저,pager(영),무선 호출기
16510,페이,pay(영),"보수, 급료, 봉급"
16509,페스트,pest(영),흑사병
16508,페도라,fedora(프),"중절모, 중절모자"
16507,펑크 스타일,punk style(영),펑크 양식
16506,"펑크 나다, 펑크 내다",puncture--,"① 어기다 ② 무산되다 ③ 구멍 나다, 구멍 내다"
16505,펄뜨기,purl(영) -,가터뜨기
16504,펄 아미,"パ-ル編み, パ-ルあみ(일)",가터뜨기
16503,펄,pearl(영),"진주, 진주색"
16502,퍼프 슬리브,puff sleeve(영),봉긋 소매
16501,퍼커링,puckering(영),"울이, 울다"
16500,퍼실리테이터,facilitator(영),도우미
16499,퍼스트무버,first mover (영),선도자
16498,퍼스컴,personal computer(영),개인용 컴퓨터
16497,퍼센티지,percentage(영),백분율
16496,퍼블릭 아트,public art(영),공공 예술
16495,퍼블릭 도메인,public domain(영),자유 이용 저작물
16494,"퍼블리셔, 게임 퍼블리셔","Publisher, Game Publisher(영)","배급사, 게임 배급사"
16493,퍼베이시브 컴퓨팅,Pervasive Computing(영),온누리 컴퓨터 기술
16492,퍼레이드,parade(영),"행진, 행렬"
16491,퍼 코트,fur coat(영),모피코트
16490,퍼,fur(영),모피
16489,팽화,膨化,부풀기
16488,팽배하다,彭湃--,맹렬히 일어나다
16487,"팸플릿, 팜플렛*",pamphlet(영),"소책자, 작은 책자"
16486,팰릿,pallet(영),"운반대, 운반함"
16485,팬티 호즈,panty hose(영),팬티스타킹
16484,"팬츠, 팬츠슈트",pants suit(영),바지정장
16483,팬시 얀,fancy yarn(영),"장식실, 장식사"
16482,팬02,fan(영),부채
16481,팬 칼라,fan collar(영),"부채칼라, 부채킷"
16480,팩토리,factory(영),공방
16479,패트롤,patrol(영),안전 요원
16478,패턴 온 패턴,pattern on pattern(영),"혼합 패턴, 혼합 날염"
16477,패턴 북,pattern book(영),"옷본 책, 옷본 서적"
16476,패턴 메이커,pattern maker(영),옷본 제작자
16475,패턴,pattern(영),"① 옷본 ② 무늬, 유형"
16474,패키지 투어,package tour(영),"한 묶음, 한 묶음 여행"
16473,패키지 딜,Package Deal(영),일괄 신고
16472,패치워크 패턴,patchwork pattern(영),조각천 무늬
16471,패치워크,patchwork(영),"조각천, 조각천기법"
16470,패치 포켓,patch pocket(영),"붙임주머니, 덧주머니"
16469,패치,patch(영),"천조각, 덧댐 조각, 붙임 딱지, 수정 프로그램"
16468,패자,覇者,"승자, 우승자"
16467,패용하다,佩用--,"달다, 차다"
16466,패스워드,password(영),"암호, 비밀번호"
16465,패션 트렌드,fashion trend(영),유행/패션경향
16464,패션 테마,fashion theme(영),패션 주제
16463,패션 코디네이터,fashion coordinator(영),패션 연출가
16462,패션 컬러,fashion color(영),유행색
16461,패션 컨설턴트,fashion consultant(영),패션 상담원
16460,패션 어드바이저,fashion adviser(영),패션 조언자
16459,패션 사이클,fashion cycle(영),"패션 주기, 유행 주기"
16458,패션 비즈니스,fashion business(영),패션 사업
16457,패션 북,fashion book(영),"패션 서적, 패션 책"
16456,패션 머천다이저,fashion merchandiser(영),"상품 기획가, 상품 판매 기획가"
16455,패션 맵,fashion map(영),패션 지표
16454,패션 리더,fashion leader(영),유행 선도자
16453,패션 디렉터,fashion director(영),패션 분석가
16452,패브릭,fabric(영),①직물 ②천
16451,패밀리 사이트,family site(영),관련 누리집
16450,패밀리 브랜드,family brand(영),통합 상표
16449,패류,貝類,조개류
16448,패러슈트,parachute(영),낙하산
16447,패러독스,paradox(영),역설
16446,패독,貝毒,조개독
16445,패널스커트,panel skirt(영),패널치마
16444,패각,貝殼,조가비
16443,팡파르,fanfare(프),"① 개막, 개막곡 ② 축하곡"
16442,팝업 광고,pop-up(영) 廣告,불쑥 광고
16441,팜스쿨,farm school(영),농어촌 체험학교
16440,판촉 캠페인,販促campaign(영),판매 촉진 운동
16439,판초자,板硝子,판유리
16438,판좌,瓣座,마개 자리
16437,판이하다,判異--,"다르다, 매우 다르다"
16436,판봉,瓣棒,"마개대, 막대"
16435,판목,板目,무늬결
16434,판명되다,判明--,"밝혀지다, 명백히 밝혀지다, 드러나다, 명백히 드러나다"
16433,판매 조서,販賣調書,판매 명세서
16432,파훼,破毁,부숨
16431,파행,跛行,불균형
16430,파피에콜레,papiercolle(프),종이붙이기
16429,파풍견,破風繭,"끝얇은 고치, 구멍 고치, 구멍난 고치"
16428,파티웨어,party wear(영),"연회복, 파티복"
16427,파티 웨어,party wear(영),"연회복, 파티복"
16426,파티 드레스,party dress(영),파티복
16425,파티,party(영),"잔치, 연회, 모임"
16424,파트너십,partnership(영),동반 관계
16423,파킹,parking(영),"둠, 주차, 주차장"
16422,파출급,派出給,현지급
16421,파출 수납,派出收納,출장 수납
16420,파출 검사,派出檢査,출장 검사
16419,파죽의,破竹-,거침없는
16418,파종장척,播種長尺,씨뿌림틀
16417,파종상,播種床,모판
16416,파자마 스타일,pajama style(영),파자마형
16415,파일럿 룩,pilot look(영),조종사풍
16414,"파일, 파일직물",pile(영) 織物,"첨모, 첨모직물"
16413,파일 박스,file box(영),서류함
16412,파이트 머니,fight money(영),대전료
16411,파이버01,fiber(영),섬유
16410,파이버 보드,fiber board(영),섬유판
16409,파유,paille(프),"밀짚, 밀짚색"
16408,파워 게임,power game(영),"권력 다툼, 세력 다툼"
16407,파워,power(영),"힘, 권력"
16406,파울,foul(영),반칙
16405,파우치,pouch(영),외교 문서 자루
16404,"파우더 룸, 파우더룸",powder room(영),화장방
16403,파양,罷養,양자 관계 해제
16402,파악부,把握部,"손잡이, 잡는 데"
16401,파식,播植,"뿌려 심음, 씨앗을 뿌려 심음"
16400,파스너,fastener(영),지퍼
16399,파수부,把手部,손잡이
16398,파쇄암,破碎岩,부스러기 돌
16397,파쇄립,破碎粒,깨진 알
16396,파쇄,破碎,"(깨어져) 부서짐, (깨뜨려) 부숨"
16395,파속,把束,"묶음, 다발"
16394,파상적으로,波狀的--,"물결치듯, 파도치듯"
16393,파빌리온,pavilion(영),"전시관, 가설 건물"
16392,파랑,波浪,물결
16391,파란,破卵,"깨진 계란, 깨진 달걀"
16390,파라솔,parasol(영),양산
16389,파다하다,播多--,널리 퍼지다
16388,파나마 해트,panama hat(영),파나마모자
16387,파기하다,破棄--,"깨 버리다, 없애 버리다"
16386,파급되다,波及--,미치다
16385,파급 범위,波及範圍,미치는 범위
16384,파고라,pergola(영),"그늘막, 볕가리개"
16383,파고다 슬리브,pagoda sleeve(영),"파고다소매, 탑소매"
16382,파고,波高,"파도 높이, 파도의 높이"
16381,팀빌딩,team building(영),팀단합
16380,티켓,ticket(영),표
16379,티어 스커트,tiered skirt(영),"층치마, 층층치마"
16378,특약,特約,특별 계약
16377,특수전면역원,特秀轉免役願,병역 처분 변경원
16376,특사 배달,特使配達,특별 배달
16375,특별 우편낭 체결 인쇄물,特別郵便囊 締結 印刷物,우편 자루 배달 인쇄물
16374,특별 우편낭,特別郵便囊,특별 우편 자루
16373,특단,特段,특별한
16372,특근,特勤,특별 근무
16371,트윌,twill(영),능직
16370,트립,trip(영),차단기 자동 개방
16369,트릭아트,trickart(영),"착시 예술, 착시 그림, 눈속임 예술, 눈속임 그림"
16368,트리포트,tree pot(영),화분
16367,트리밍,trimming(영),장식
16366,트리거 광고,trigger(영) 廣告,유인 광고
16365,트롱프 뢰유,trompe l'oeil(프),눈속임옷
16364,트로피컬 룩,tropical look(영),열대풍
16363,트렌드 컬러,trend color(영),"유행색, 경향색, 패션경향색"
16362,트레인02,train(영),끌자락
16361,트레이싱 페이퍼,tracing paper(영),투사지
16360,트레이드마크,trademark(영),"등록 상표, 상표"
16359,트레이닝복,training(영)-服,운동복
16358,트레이닝,training(영),"훈련, 연습"
16357,트레이 페이퍼,tray paper(영),"쟁반종이, 쟁반깔지"
16356,트렁크02,trunks(영),사각팬티
16355,트러블,trouble(영),"말썽, 충돌, 고장, 문제점, 불화"
16354,"트러디셔널, 트래드",traditional(영),전통적
16353,트러디셔널 룩,traditional look(영),"전통풍, 전통적풍"
16352,트랜스,transformer(영),변압기
16351,트랙 레코드,track record(영),"실적, 경력"
16350,트랙,track(영),"① 경주로 (운동분야에서) ② 테, 저장테 (컴퓨터 분야에서) ③ 분야, 갈래"
16349,트래픽 관리,traffic(영) 管理,통화량 관리
16348,트라페즈 실루엣,trapeze silhouette(영),사다리꼴 윤곽선
16347,트라우저,trousers(영),바지
16346,튜토리얼 세션,tutorialsession(영),"특강 시간, 분야별 발표, 분야별 발표 시간"
16345,튜닝차,tuning(영),개조차
16344,투트랙 전략,two-track(영) 戰略,양면 전략
16343,투척하다,投擲--,던지다
16342,"투척용 소화기, 투척식 소화기","投擲用 消火器, 投擲式 消火器",던지는 소화기
16341,투자선,投資先,"투자자, 투자 기관"
16340,투입구,投入口,넣는 곳
16339,투입 공수,投入工數,"투입 인원, 참여 인원"
16338,투원반,投圓盤,원반던지기
16337,투어랠리,tour rallye(영),"관광지 돌아보기 대회, 관광지 순회 대회"
16336,투약복토,投藥覆土,약주고 흙덮기
16335,투알,toile(프),"캔버스, 아마"
16334,투신하다,投身--,"몸담다, 뛰어들다"
16333,투숙하다,投宿--,묵다
16332,투수성,透水性,물스밈성
16331,투묘,投錨,닻 내림
16330,투망,投網,"좽이, 던짐 그물"
16329,투기장,投棄場,버리는 곳
16328,투기,投棄,"버림, 버리기"
16327,투 웨이 드레스,two way dress(영),겹용옷
16326,투 바이 투,two by two(영),두 줄 고무뜨기
16325,퇴치하다,退治--,"물리치다, 없애다"
16324,퇴청,退廳,퇴근
16323,퇴주,退柱,툇기둥
16322,퇴사공,堆砂工,"모래쌓기, 모래쌓기공사"
16321,퇴비사,堆肥舍,"퇴비간, 두엄간"
16320,통화재리우편물,通貨在裏郵便物,현금 든 우편물
16319,통화 휴지,通話休止,"통화 중단, 통화 정지"
16318,통화 등기,通貨登記,현금 등기
16317,통표,通票,운행증
16316,통초,通草,으름덩굴
16315,통첩하다,通牒--,"알리다, 알림"
16314,통장 기장,通帳 記帳,통장 정리
16313,통원 가료,通院 加療,통원 치료
16312,통신 사무 일지,通信事務日誌,우편 업무 일지
16311,통선,通船,연락선
16310,통상기선,通常基線,썰물 기준선
16309,통상 우편물,通常郵便物,보통 우편물
16308,통상 엽서,通常葉書,보통 엽서
16307,통상,通常,보통
16306,통산하다,通算--,"합하다, 합산하다, 통틀어 계산하다"
16305,통모하여,通謀--,짜고
16304,통리하다,統理--,총괄하다
16303,통기공,通氣孔,공기 구멍
16302,통기,通氣,통풍
16301,통고,通告,알려 드림
16300,통감하다,痛感--,뼈저리게 느끼다
16299,"톱, 톱 기사","TOP(영), top(영) 記事",머리기사
16298,톨게이트,tollgate(영),요금소
16297,톤,tone(영),"① 색조 ② 음조 ③ 어조, 말씨"
16296,"토털패션, 토털 패션",total fashion(영),"종합 패션, 모듬 맵시"
16295,토크 콘서트,talk concert(영),이야기 공연
16294,토취장,土取場,"흙 파는 곳, 취토장(取土場)"
16293,토출,吐出,"토로, 속 말함, 속을 말함"
16292,토족,土足,흙발
16291,토조,土造,흙으로 만듦
16290,토입답압,土入踏壓,흙넣어밟기
16289,토우,土偶,"흙인형, 토우"
16288,토옥,土屋,"토담집, 흙담집"
16287,토양관주,土壤灌注,"토양 주입, 토양 약제 주입"
16286,토양 검정,土壤檢定,흙 검사
16285,토압,土壓,흙 압력
16284,토심,土深,흙 깊이
16283,토션,torsion(영),비틀림
16282,토성,土性,흙 성질
16281,토석,土石,흙과 돌
16280,토사도,土砂道,흙길
16279,토사,土砂,흙모래
16278,토박,土薄,메마르다
16277,토물,吐物,구토물
16276,토르소 라인,torso line(영),몸통선
16275,토류판,土留板,흙막이판
16274,토류벽,土留壁,흙막이벽
16273,토들러,toddler(영),"아장이, 유아(幼兒)"
16272,토괴,土塊,흙덩이
16271,토공,土工,흙일
16270,템플 스테이,temple stay(영),"절 체험, 사찰 체험"
16269,템포,tempo(이),"속도, 박자"
16268,텐트폴 무비,tentpole movie(영),흥행 기대작
16267,텍스타일 컨버터,textile converter(영),"패션 소재업자, 패션 소재업체"
16266,텍스타일,textile(영),"직물, 섬유, 실"
16265,텍스처,texture(영),"질감, 재질감"
16264,테크닉,technique(영),"기교, 기술, 솜씨"
16263,테크노폴리스,technopolis(영),첨단 산업 연구 도시
16262,테일러 슈트,tailored suit(영),테일러옷
16261,테이프커팅,tape cutting(영),색줄자르기
16260,테이프 커팅식,"tape cutting 式, tape cutting ceremony(영)","줄 자르기, 색줄 자르기"
16259,테이퍼링,tapering(영),양적 완화 축소
16258,테이퍼,taper(영),비탈면
16257,테이저 건,taser gun(영),전기 충격총
16256,테이블 다이어리,table diary(영),탁상 일기
16255,테이블,table(영),"탁자, 식탁, 책상, 상"
16254,테스트 베드,test bed(영),"가늠터, 시험장, 시험대, 시험 무대"
16253,테스트 마켓,test market(영),시험 시장
16252,테스트,test(영),① 시험 ② 검사
16251,테마파크,theme park(영),"주제공원, 주제공간"
16250,테마 브리핑,theme briefing(영),주제 보고
16249,테마,thema(독),주제
16248,테라피,therapy(영),"치유, 치료"
16247,테라,tailor(영),"①양복점, ②테일러, 테일러옷"
16246,테니스 웨어,tennis wear(영),테니스복
16245,턴키방식,turnkey(영)方式導入,일괄 도입 방식
16244,턴키 계약,turnkey(영) 契約,일괄 계약
16243,턴 업 커프스,turn up cuffs(영),"접단 소맷부리, 접단 커프스"
16242,턱슬리브,tuck sleeve(영),턱소매
16241,턱 인 블라우스,tuck in blouse(영),속블라우스
16240,턱 심,tuck(영) -,외주름솔
16239,턱,tuck(영),"접박기, 접박기주름"
16238,터틀넥,turtleneck(영),자라목깃
16237,터치스크린 패널,touch screen pannel(영),접촉 화면판
16236,터치01,touch(영),"기법, 솜씨"
16235,터부,taboo(영),금기
16234,터그보트,tugboat(영),"끌배, 예인선"
16233,탱크 로리,tank lorry(영),용기 적재차
16232,탱크,tank(영),통
16231,탤리맨,tallyman(영),검수원
16230,택벌,擇伐,골라베기
16229,택,tack(영),끈기
16228,태환이식,太環耳飾,굵은귀걸이
16227,태양,態樣,"모습, 형태"
16226,태그,tag(영),꼬리표
16225,탑프루트,top-fruit(영),으뜸과실
16224,탑전주,塔電柱,탑식 전주
16223,탑본,搨本,"본뜨기, 뜨기. 비문뜨기"
16222,탐닉,耽溺,즐겨 빠짐
16221,탈회,脫會,탈퇴
16220,탈포기,脫苞期,싹틀 때
16219,탈취제,脫臭劑,냄새 제거약
16218,탈취,奪取,빼앗음
16217,탈출품,脫出品,빠져 나간 물건
16216,탈지미강,脫指米糠,기름 뺀 쌀겨
16215,탈장,脫腸,창자 빠짐
16214,탈자,脫字,"빠진 자, 빠진 글자"
16213,탈모,脫毛,털 빠짐
16212,탈모,脫帽,모자를 벗으시오
16211,탈리,脫離,떨어져 나감
16210,탈루가 없도록,脫漏- ---,빠지지 않도록
16209,탈루,脫漏,"샘, 빠짐"
16208,탈꼴찌,脫--,꼴찌 벗어나기
16207,탈곡,脫穀,"낟알떨기, 타작"
16206,탈거,脫去,벗김
16205,탈각하다,脫殼--,껍질 벗기다
16204,탄창,彈倉,탄알집
16203,탄설,彈設,탄력 설치
16202,탁송품,託送品,부친 짐
16201,탁송 전보,託送電報,전화 전보
16200,탁송,託送,"맡겨 보내기, 맡겨 보냄"
16199,타후다,taffeta(영),태피터
16198,타행,惰行,"느리게 감, 저절로 감"
16197,타합,打合,협의
16196,타파하다,打破--,없애다
16195,타처,他處,다른 곳
16194,타진,打診,두드림 진단
16193,타지,打枝,가지치기
16192,타정총,打釘銃,못총
16191,타점권,他店券,다른 은행 수표
16190,타전하다,打電--,전보 치다
16189,타입,type(영),① 모양 ② 유형
16188,타임오프제,time off(영)制,"근로 시간 면제 제도, 근무 시간 인정 제도"
16187,타임 테이블,timetable(영),시간표
16186,타임 래그,time lag(영),시차
16185,타이핑,typing(영),타자
16184,타이피스트,typist(영),타자원
16183,타이프문서,type(영) 文書,타자 문서
16182,타이프라이터,typewriter(영),타자기
16181,타이틀전,title(영)戰,선수권전
16180,타이틀,title(영),"제목, 표제"
16179,타이트 슬리브,tight sleeve(영),타이트소매
16178,타이트 스커트,tight skirt(영),타이트치마
16177,타이트,tight(영),"빡빡한, 팽팽한"
16176,타이즈,tights(영),타이츠
16175,타이머,timer(영),"시간 기록, 시간 기록기, 시간조절, 시간조절기, 시계"
16174,타이,tie(영),① 동점 ② 무승부 ③ 동일
16173,타월,towel(영),수건
16172,타워,tower(영),탑
16171,타운 웨어,town wear(영),"외출복, 나들이옷"
16170,타에 우선하여,他- 優先--,"다른 것보다 앞서, 다른 것보다 먼저, 무엇보다 앞서, 무엇보다 먼자"
16169,타액,唾液,침
16168,타안,他眼,다른 눈
16167,타성,惰性,굳은 버릇
16166,타설,打設,때려박기
16165,타사,他社,딴 회사
16164,타부서,他部署,다른 부서
16163,타뢰망,打瀨網,밑그물
16162,타락법,打落法,때려털기
16161,"타깃 마케팅, 타겟 마케팅*",target marketing(영),"주요 판촉, 중점 판촉"
16160,타기하다,唾棄--,"뱉다, 침을 뱉다"
16159,타기,打記,찍기
16158,타국,他局課,다른 국
16157,타과,他課,다른 과
16156,타고,打藁,짚두들기기
16155,킬러 콘텐츠,killer contents(영),"돌풍 콘텐츠, 핵심 콘텐츠"
16154,킥오프 회의,kick-off(영) 會議,"첫 회의, 첫 기획 회의"
16153,키 플레이어,key player(영),"핵심 인물, 핵심 인사"
16152,키폰,key phone(영),연결 전화
16151,키포인트,key point(영),"요점, 핵심"
16150,키펀처,keypuncher(영),"입력원, 자료 입력원"
16149,키퍼,keeper(영),"깃뿔, 깃뿔집"
16148,키드,kid(영),새끼양가죽
16147,키네틱 아트,kinetic art(영),"동작 예술, 동적 예술"
16146,키,key(영),열쇠
16145,클립,clip(영),틀집게
16144,클린카드,clean card(영),모범카드
16143,클린디젤,clean diesel(영),저공해 디젤
16142,클린 인터넷,clean internet(영),"주민번호 없는 인터넷, 주민등록번호 없는 인터넷"
16141,클린 서포터스,clean supporters(영),청렴 홍보단
16140,클린 모드,clean mode(영),깔끔 양식
16139,클린,clean(영),"투명한, 깨끗한"
16138,클리핑,clipping(영),오려 두기
16137,클리닝,cleaning(영),"빨래, 마른 빨래, 세탁, 마른 세탁"
16136,클리닉,clinic(영),① 진료실 ② 진료소
16135,클론묘,clone(영)苗,복제 묘목
16134,클로징,closing(영),"마무리, 맺음"
16133,클레임,claim(영),① 손해 배상 청구 ② 이의 제기
16132,클럽,club(영),"① 모임, 동아리 ② 골프채"
16131,클러스터,cluster(영),"산학 협력 지구, 연합 지구, 협력 지구"
16130,클랙슨,klaxon(영),"경음기, 경적"
16129,클래식 스타일,classic style(영),"고전 양식, 고전적 양식"
16128,크링클 효과,crinkle(영) 效果,주름 효과
16127,크리즈,crease(영),"주름, 바지 주름"
16126,크리슈머,Cresumer(영),창조적 소비자
16125,크로스코디,crosscoordi-nation(영),"이질 배합, 이질 조화"
16124,크로스오버,crossover(영),넘나들기
16123,크로스 컨트리,cross country(영),"지구력 경기, 산야 경기"
16122,크레인,crane(영),기중기
16121,크레바스,crevasse(영),"빙하 균열, 빙하 틈"
16120,크레디트카드,credit card(영),신용 카드
16119,크랭크 인,crank in(영),"촬영 시작, 촬영 개시"
16118,크랙,crack(영),"균열, 갈라짐"
16117,크라우드 소싱,crowd sourcing(영),"대중 참여 제작, 대중 참여 생산"
16116,크라바트,cravate(프),넥타이
16115,큐큐,QQ(영),한쪽막이 단춧구멍
16114,"큐아르, 큐알, QR",quick response(영),"즉각 대응, 빠른 대응"
16113,큐시트,cuesheet(영),진행표
16112,"큐시, QC",quality control(영),품질 관리
16111,큐브레이크,"きゅう(일), brake(영)","급정거, 급제동"
16110,퀼팅,quilting(영),누비
16109,쿼터 전배,"Quota(영)轉配, Quota Transfer(영)",쿼터 이전
16108,쿼터,quarter(영),"한도량, 수출입 한도량, 배당량, 수출입 배당량"
16107,쿨비즈,"cool-biz(영), クール・ビズ(일)",시원차림
16106,쿨리 해트,coolie hat(영),삿갓모자
16105,쿨 울,cool wool(영),여름용 모
16104,쿠튀리에르,couturière(프),"디자이너, 여자 디자이너"
16103,쿠튀리에,couturier(프),"디자이너, 남자 디자이너"
16102,"쿠사리, 쿠사리도메",くさりとめ(일),실루프 고정
16101,쾌보,快報,기쁜 소식
16100,콩플레,complet(프),신사복 정장
16099,콩펙시옹,confection(프),기성복
16098,콩비네종,combinasion(프),①속치마 ②항공복
16097,콤플렉스,complex(영),"열등감, 욕구 불만, 강박 관념"
16096,콤프,COMP(ComplimentaryService(영)),"우대 서비스, 무료 서비스, 판촉 서비스"
16095,콤퍼지션 룩,composition look(영),콤퍼지션풍
16094,"콤퍼레이터 드럭, 컨트롤 드럭","comparator drug(영), control drug(영)",대조약
16093,"콤비, 콤비네이션",combination(영),짝
16092,콤비 플레이,combination play(영),호흡 맞추기
16091,콤 얀,combed yarn(영),콤사
16090,콜링 스케줄,calling schedule(영),입항 계획
16089,콜로니,colony(영),균총
16088,콜랑,collant(프),팬티스타킹
16087,콜드 컬러,cold color(영),찬색
16086,콜드 체인,cold chain(영),저온 유통
16085,콜드 게임,called game(영),도중 결판
16084,콘피던스 멀티플라이어,confidence multiplier(영),"신뢰 승수, 신뢰 승수 효과"
16083,"콘퍼런스, 컨퍼런스*",conference(영),"학술회의, 학술 대회"
16082,콘티넨털 스타일,continental style(영),대륙풍
16081,콘텐츠 리터러시,contents literacy(영),"콘텐츠 이해, 콘텐츠 이해력, 콘텐츠 문해, 콘텐츠 문해력"
16080,콘테스트,contest(영),경연 대회
16079,콘택트 포인트,contact point(영),연락처
16078,콘덴서,condencer(영),"축전기, 축전지"
16077,코튼,cotton(영),"면, 면직물, 목화, 솜"
16076,코트,coat(영),외투
16075,코트,court(영),"운동장, 경기장"
16074,코칭,coaching(영),지도
16073,코치,coach(영),지도자
16072,코즈메틱,cosmetic(영),화장품
16071,코워킹,coworking(영),"협업, 공동작업"
16070,코어 종목,core(영) 種目,핵심 종목
16069,코어 기술,core(영) 技術,핵심 기술
16068,코스트,cost(영),비용
16067,코스튬 주얼리,costume jewely(영),패션 모조 보석
16066,코스,course(영),"과정, -길"
16065,코뮈니케,communiqué(프),"성명, 성명서"
16064,코멘트 자료,comment(영) 資料,설명 자료
16063,코멘트,comment(영),"평, 논평"
16062,코리안 데스크,korean desk(영),교민 전담반
16061,"코디네이터, 코디","coordinator(영), コ-ディネイタ― (일)","관리자, 조정자, 의상 연출가"
16060,"코디네이션, 코디","coordination(영), coordi(영)","조화, 배합"
16059,"코디, 코디네이트","coordinate(영), コ-デテ(일)","배합, 조화"
16058,코드셰어,code share(영),공동 운항
16057,코드리스폰,cordless phone(영),"줄 없는 전화, 무선 전화"
16056,코드 커팅,cord cutting(영),유선방송 이탈
16055,코드 아담,code adam(영),미아 찾기 지침
16054,코드 심,cord seam(영),"코드솔, 코드솔기"
16053,코덱스,codex(영),국제식품규격
16052,코너,corner(영),"① 구석, 모퉁이, 구역 ② 쪽 ③ 꼭지"
16051,케이프 슬리브,cape sleeve(영),케이프소매
16050,케이스 스터디,case study(영),사례 연구
16049,케이스 바이 케이스,case by case(영),사례별
16048,케이블 스티치,cable stitch(영),꽈배기뜨기
16047,케어,care(영),"돌봄, 관리"
16046,컷 워크,cut work(영),도려뜨기
16045,"컷 오프, 컷 오프팬츠",cut off pants(영),종아리바지
16044,컴프레서,compresser(영),"① 압축기, 압착기 ② 강우기"
16043,"컴퓨터 시아르티, 컴퓨터 시알티, 컴퓨터 CRT",computer cathode ray tube(영),컴퓨터 단말기
16042,컬티베이터,cultivator(영),제초기
16041,컬처 디스카운트,culture discount(영),문화적 절하
16040,컬렉션02,collection(영),"발표회, 의상 발표회"
16039,컬러풀하다,colorful(영)--,다채롭다
16038,컬러 매치,color match(영),색 배합
16037,컬러,color(영),"색, 색채, 색상, 빛깔"
16036,"컬래버레이션, 콜라보레이션*",collaboration(영),"합작, 협업, 공동 작업"
16035,컬덕트,cultduct(영),문화 융합 상품
16034,컨펌,confirm(영),"확인, 확정"
16033,컨틴전시 플랜,contingency plan(영),비상 계획
16032,컨트리 웨어,country wear(영),전원풍옷
16031,컨트리 리스크,country risk(영),국가별 위험도
16030,컨트리 룩,country look(영),전원풍
16029,컨트리 록,country lock(영),사용국 제한
16028,컨텍스트,context(영),"맥락, 문맥"
16027,컨실 지퍼,conceal zipper(영),숨은지퍼
16026,컨센서스,concensus(영),"합의, 의견 일치"
16025,컨설턴트,consultant(영),상담사
16024,컨벤션 뷰로,convention bureau(영),"회의 사무국, 국제 회의 사무국, 회의 지원 조직, 국제 회의 지원 조직"
16023,"컨베이어, 콘베이어*",conveyor(영),"운반, 운반기"
16022,컨버팅,converting(영),변환
16021,컨버터01,converter(영),"패션 소재업, 패션 소재업자"
16020,컨버전,conversion(영),변환
16019,커플러,coupler(영),연결기
16018,커플,couple(영),①쌍 ②짝 ③부부
16017,커프스 버튼,cuffs button(영),"커프스 단추, 소맷부리 단추"
16016,커프스 단추,cuffs(영) -,소맷부리 단추
16015,커프스,cuffs(영),소맷부리 장식
16014,커패시티 분석,capacity(영) 分析,"처리 물량 분석, 용량 분석"
16013,커패시터,capacitor(영),축전기
16012,커튼,curtain(영),"장막, 휘장"
16011,커스터마이징,customizing(영),"맞춤 제작, 맞춤 상품, 맞춤 서비스, 맞춤 디자인"
16010,커버,cover(영),"덮개, 가리개, 씌우개"
16009,커미션 방식,commission(영) 方式,매체 지불 방식
16008,커미션,commission(영),"수수료, 구전"
16007,커뮤니티 맵,community map(영),마을지도
16006,커뮤니티,community(영),"동아리, 공동체"
16005,커리어우먼,career woman(영),전문직 여성
16004,커리어 웨어,career wear(영),전문직 여성복
16003,캡스톤 디자인,Capstone Design(영),창의적 종합 설계
16002,캡 슬리브,cap sleeve(영),캡소매
16001,캡,cap(영),"모자, 앞챙모"
16000,캠페인,campaign(영),"운동, 계몽 운동, 홍보, 계몽 홍보"
15999,캠페스트,"CampFest, Camp Festival(영)",야영 축제
15998,캠퍼스 타운,campus town(영),"대학촌, 대학거점도시"
15997,캠 샤프트,cam shaft(영),"캠 굴대, 캠 축"
15996,캘린더,calendar(영),달력
15995,캔슬,cancel(영),없앰
15994,캔버스,canvas(영),화포
15993,캔디,candy(영),사탕
15992,캐털리스트,catalyst(영),촉매
15991,캐치 스티치,catch stitch(영),새발뜨기
15990,캐주얼 웨어,casual wear(영),"평상복, 캐주얼복"
15989,캐주얼 워치,casual watch(영),캐주얼 시계
15988,캐주얼,casual wear(영),"평상, 평상복, 간편, 간편함, 간편복"
15987,캐시카드,cash card(영),현금 카드
15986,캐스트,cast(영),배역
15985,캐미솔 네크라인,camisole neckline(영),캐미솔 목둘레선
15984,캐릭터01,character(영),"개성, 특성"
15983,캐릭터 브랜드,character brand(영),"개성 상표, 특성 상표"
15982,캐럿,carrot(영),"홍당무, 홍당무색"
15981,"캐니스터, 방독면 캐니스터",canister(영),"정화통, 방독면 정화통"
15980,캇트,カット(일),"①삽화, 컷 ②커트"
15979,칼라,collar(영),"깃, 옷깃"
15978,"칸살, 간",間-,칸살
15977,카피레프트,copyleft(영),저작권 공유
15976,카피,copy(영),"복사, 모사, 사본"
15975,카프리데이,car-free day(영),운전 안 하는 날
15974,카프 렝스,calf length(영),종아리 길이
15973,카풀,car pool(영),승용차 함께 타기
15972,카폰,car phone(영),차 전화
15971,카펫,carpet(영),양탄자
15970,카테고리,category(영),"범주, 갈래"
15969,카탈로그,catalogue(영),① 목록 ② 일람표 ③ 상품 안내서
15968,"카키, 카키색",khaki(인),다갈색
15967,카운터,counter(영),계산대
15966,"카운슬링, 카운셀링*",counseling(영),상담
15965,카우보이 부츠,cowboy boots(영),카우보이 목구두
15964,카본 블루,carbon blue(영),암청색
15963,카무플라주 룩,camouflage look(영),위장복풍
15962,카메라맨,cameraman(영),"사진사, 사진 기사"
15961,"카르통, 카턴, 가루톤","carton(프), carton(영), カルトン(일)",감정 접시
15960,카르네,carnet(영),일시 수입 통관 증서
15959,카라 밴드,カラ(일) ← -band(영),칼라띠
15958,카디건네크라인,cardigan neckline(영),카디건 목둘레선
15957,카드 리더,card reader(영),카드 판독기
15956,카고 훅,cargo hook(영),"운반 고리, 화물 운반 고리"
15955,카고 십,cargo ship(영),"짐배, 화물선"
15954,카 셰어링,car sharing(영),"자동차 공유, 자동차 공유 서비스"
15953,침목,"枕木, まくらぎ(일)",받침 나무
15952,친 칼라,chin collar(영),턱칼라
15951,치부,恥部,"부끄러운 데, 부끄러운 곳"
15950,치면열구전색술,齒面 裂溝 塡塞術(fissure sealing(영)),치아 홈 메우기
15949,측지,側枝,곁가지
15948,취직인허증,就職認許證,취직 허가증
15947,취업알선,就業斡旋,취업 지원
15946,취업 불가능 구직자,就業不可能求職者,잠재 취업 가능자
15945,취약지,脆弱地,"어렵고 외진 지역, 약한 곳"
15944,취약점,脆弱點,허술한 점
15943,취사병,炊事兵,조리병
15942,취발,取拔,부속 회수
15941,취락,聚落,촌락
15940,취객,醉客,"취한 사람, 술 취한 사람"
15939,충매 전염,蟲媒傳染,벌레 전염
15938,출타,出他,외출
15937,출어하다,出漁,고기잡이를 떠나다
15936,출산율,出産率,출생률
15935,출납 폐쇄,出納閉鎻,출납 마감
15934,출경,出境,나가는
15933,춘파,春播,"봄씨 뿌림, 봄씨^뿌리기, 봄^파종"
15932,축중차로,軸重車路,화물 계량 차로
15931,축군,畜群,가축 무리
15930,추후 통보,追後通報,다음에 알림
15929,추첨,抽籤,제비뽑기
15928,추악,醜惡,보기 흉함
15927,추심,推尋,"받아냄, 결재 요구, 챙겨 받음, 챙김"
15926,추백리병,雛白痢病,"병아리설사병, 병아리흰설사병"
15925,추리닝,チュレ-ング(일)←training(영),운동복
15924,추렴하다,出斂--,나누어 내다
15923,추대,"抽薹, bolting(영)",꽃대 나옴
15922,추,錐,송곳
15921,총채,--,먼지떨이
15920,총장,總長,총길이
15919,총괄하여,總括,통틀어
15918,촌각,寸刻,잠깐 동안
15917,촉탁하다,囑託--,맡기다
15916,초크 스트라이프,chalk stripe(영),초크줄무늬
15915,초유의,初有-,처음 있는
15914,초심자,初心者,처음 배우는 사람
15913,초도,初度,"첫번, 처음, 최초"
15912,체크 프라이스,check price(영),"수출 가격 기준, 제한 가격"
15911,체인 스티치,chain stitch(영),사슬뜨기
15910,체인 벨트,chain belt(영),"사슬허리띠, 쇠사슬허리띠"
15909,체인 단추,chain(영) -,"사슬단추, 쇠사슬단추"
15908,체비지,替費地,환지 처분 제외 땅
15907,체류하다,滯留--,"묵다, 머무르다"
15906,청허하다,請許--,바라다
15905,청예사료,靑刈飼料,풋베기 사료
15904,첩용하다,貼用--,붙이다
15903,첨승 지도,添乘 指導,동승 지도
15902,첨두시,尖頭時,가장 붐빌 때
15901,철하다,綴--,"매다, 모아 꿰매다"
15900,철정,鐵鋌,"덩이쇠, 쇠덩이"
15899,천하,川下(일),"아랫흐름, 아랫단계흐름"
15898,천근,茜根(일),"꼭두서니, 꼭두서니색, 암적색"
15897,처하다,處--,물리다
15896,채촌,採寸(일),치수재기
15895,채종포,採種圃,씨받이밭
15894,채종원,採種園,"종자 과수원, 종자 묘목원"
15893,채종,採種,"씨받이, 씨받기"
15892,찰과상,擦過傷,긁힌 상처
15891,착협고,着莢高,첫 꼬투리 높이
15890,착복식,着服式,"새옷내기, 새옷턱내기"
15889,차후,此後,앞으로
15888,차폐림,遮蔽林,가림숲
15887,"차코, 자고",ちゃこ(일) ← chalk(영),"①초크, ②분필"
15886,차출하다,差出--,뽑아내다
15885,차축,車軸,굴대
15884,차장,車掌,"승무원, 안내원"
15883,차일드 웨어,child wear(영),아동복
15882,차일,遮日,볕 가리개
15881,차이니즈 칼라,Chinese collar(영),"중국깃, 중국옷깃, 중국칼라"
15880,차이나 단추,China(영) -,중국단추
15879,차양구,遮陽具,"햇빛 가리개, 그늘막"
15878,차밍,charming(영),"매력, 매력적"
15877,차륜지,車輪止,"바퀴 굄목, 바퀴 받침"
15876,찌찌,"乳, ちち(일)",젖
15875,집재하다,集材--,"나무를 쌓다, 목재를 쌓다"
15874,집시 슬리브,gypsy sleeve(영),집시소매
15873,집시 스커트,gypsy skirt(영),집시치마
15872,집산지문옥,"集散地問屋, しゅうさんちとんや(일)",집산지 도매상
15871,질레,gilet(프),조끼
15870,진파,跛,짝짝이
15869,진즈,jeans(영),청바지
15868,진다이,"人台, じんだい(일)",매무새인형
15867,진 세러피 프로덕트,gene therapy products(영),유전자 치료제
15866,직진 후 직좌 신호,直進後直左信號,직진 신호 후  동시 신호
15865,직접 노무비,直接勞務費,직접 인건비
15864,직인,直刃,"곧은날, 곧날"
15863,직역비리,職域非理,특정 분야 비리
15862,직무 응원,職務 應援,임무 지원
15861,직구호,直口壺,곧은입단지
15860,직결선,直結線,직접 연결선
15859,지퍼 슈트,zipper suit(영),지퍼옷
15858,지체 상금,遲滯償金,지연 배상금
15857,지융부,枝隆部,가지 이음부
15856,지오메트릭 프린트,geometric print(영),"기하학적 프린트, 기하학적 무늬찍기"
15855,지오메트릭 디자인,geometric design(영),기하학적 디자인
15854,지에리,"地襟, じえり(일)","앞길, 앞길 라벨"
15853,지아이 룩,GI look(영),GI풍
15852,지브러 스트라이프,zebra stripe(영),"얼룩말 무늬, 얼룩말 줄무늬"
15851,지방문옥,"地方問屋, ちほうとんや(일)",중간 도매
15850,지리멘,"縮緬, ちりめん(일)",축면
15849,지리,ちり(일),"맑은탕, 싱건탕"
15848,"지도리, 지도리가케","千鳥掛け, ちどりがけ(일)",새발뜨기
15847,지누이,"地縫-い(일), じぬい(일)",초벌박기
15846,지누시,じぬし(일),"바로잡기, 천바로잡기, 축임질"
15845,"지노메, 지노메센","地の目(線), じのめ(せん)(일)",올방향
15844,지나오시,"地直-し(일), じなおし(일)","바로잡기, 천바로잡기, 축임질, 천축임질, 축융가공"
15843,지급 미필금,支給未畢金,미지급금
15842,지구자꾸누이,"ジグザグ縫い, ジグザグぬい(일)",지그재그솔
15841,지관,地管,지하관
15840,"지고 소매, 지고트 소매",gigot(프) -,양다리소매
15839,지고 드레스,gigot dress(프),양다리 드레스
15838,즈봉,"ズボン(일), jupon(프)","바지, 양복바지"
15837,중착,重着,겹쳐입기
15836,중간 예납,中間 豫納,중간 납부
15835,중간 수도,中間 受渡,중간 모음
15834,죽조림,미확인,빛 쬐이기
15833,주초,柱礎,"주춧돌, 초석"
15832,주지,主枝,원가지
15831,주위작,周圍作,둘레심기
15830,주얼리,jewelry(영),귀금속
15829,주산단지,主産團地,주 생산지
15828,주니어 웨어,junior wear(영),청소년복
15827,주니어,junior(영),청소년
15826,주교,舟橋,배다리
15825,주거복지센터,住居福祉 center,"주거복지종합시설, 주거복지종합민원시설, 주거복지지원시설, 주거복지지원처"
15824,주간,株間,"포기 사이, 그루 사이"
15823,종축,種畜,씨가축
15822,종초,種醋,씨식초
15821,종자 프라이밍,"種子 priming, seed priming(영)",종자 활성 처리
15820,종자 펠리팅,seed pelleting(영),종자 피막 처리
15819,종서,種薯,씨감자
15818,종기일자,終期日字,"종료일, 끝나는 날"
15817,종구 소독,種球 消毒,씨알소독
15816,존 디펜스,zone defense(영),지역 방어
15815,존,zone(영),구역
15814,족흔,足痕,발자국
15813,조타이,"蝶 tie(영), チョウタイ(일)",나비넥타이
15812,조인트 벤처,Joint Venture(영),합작 투자
15811,조인트,joint(영),① 합동 ② 연합
15810,조시,"調子, ちょうし(일)","상태, 박음상태"
15809,조숙재배,早熟栽培,일찍 가꾸기
15808,조선족,朝鮮族,중국동포
15807,조서,調書,조사서
15806,조립 말비계,組立 말[馬]飛階,조립 발판
15805,조림,造林,"나무 심기, 나무 가꾸기"
15804,조드퍼즈,jodhpurs(영),승마바지
15803,조깅 웨어,jogging wear(영),조깅복
15802,조기,"定規, じょうぎ(일)","자, 규준대"
15801,조골재,粗骨材,굵은골재
15800,조간,"象嵌, ぞうがん(일)","파넣기, 땜질, 홈메움, 상감"
15799,젠스타일,zen(禪)(일) + style,선(禪)풍
15798,젠더,gender(영),"성 인지, 성 평등"
15797,젠가에시누이,"全返し縫い, ぜんかえしぬい(일)",박음질
15796,"제트, 제트제","jais(프), jet(영)",흑옥(黑玉)
15795,제초 작업,除草作業,"김매기, 풀 뽑기"
15794,제약 클러스터,Pharma Cluster(영),제약 단지
15793,제망,除芒,까끄라기 제거
15792,제대,臍帶,탯줄
15791,제당,堤塘,둑
15790,제내지,堤內地,둑 안 땅
15789,정주,定住,거주
15788,정용물,,철도 용품
15787,정신병자,精神病者,정신 질환자
15786,정상인,正常人,비장애인
15785,정번 상품,"定番商品, ていばんしょうひん(일)",실용 의류
15784,정리해고,整理解雇,"경영상 해고, 구조조정 해고"
15783,정류장 ID,"停留場 ID, 停留場 identification","정류장 번호, 정류장 고유 번호"
15782,접적 지역,接敵地域,휴전선 인근 지역
15781,점토대토기,粘土帶土器,점토띠토기
15780,점보 칼라,jumbo collar(영),"대형칼라, 대형옷칼라"
15779,절취선,截取線,자르는 선
15778,절취,切取,"자름, 자르기"
15777,절수,"節水, せっすい(일)",물 아낌
15776,전작물,田作物,밭작물
15775,전작,田作,밭농사
15774,전시 부스,展示 booth(영),전시칸
15773,전보 제한 기간,轉補 制限 其間,의무 보직 기한
15772,전령,傳令,연락병
15771,전도시키다,顚倒---,"넘어뜨리다, 뒤집다"
15770,전거 레코드,"典據 records(영), authority records(영)",전거 기록
15769,전개판,展開板,벌림판
15768,적지,適地,알맞은 땅
15767,적입하다,"積入--, stuffing, loading(영)","싣다, 안에 싣다"
15766,적의 조치,適宜措置,"알맞게 처리,적절한 조치"
15765,적송 명령,"積送 命令, shipment order(영)","수송 명령, 적재 수송 명령"
15764,적륜법,積輪法,테쌓기
15763,"적도간벌, 적도 간벌",適度間伐,중솎아베기
15762,저어,底魚,바닥고기
15761,저니질,底泥質,하수 퇴적물
15760,재핑 광고,zapping(영) 廣告,채널 전환 광고
15759,재퍼니즈패션,Japanese fashion(영),"일본패션, 일본풍패션"
15758,재킷,jacket(영),"상의, 윗옷"
15757,재식거리,栽植距離,심는 간격
15756,장애인 워크 투게더,障礙人 Work together(영),장애인 취업 지원
15755,장애우,障礙友,장애인
15754,장방형,長方形,직사각형
15753,장망류,張網類,고깔그물
15752,잣쿠,チャック(일)←chuck(영),지퍼
15751,잡서치,job- search(영),직업 탐색
15750,잡무,雜務,"갖가지 일, 허드렛일"
15749,잡구,雜具,"생활용품, 기타 생활용품, 허드레 세간"
15748,잡 페스티벌,Job Festival(영),"일자리 한마당, 취업 박람회"
15747,잡 카페,Job café(영),"취업 카페, 취업 상담소"
15746,잡 매칭,job matching(영),일자리 연결
15745,잠재 노동력,potential labor force(영),잠재 경제활동인구
15744,잔품,殘品,남은 물품
15743,잔반,殘飯,"남은 밥, 음식 찌꺼기"
15742,자키 캡,jockey cap(영),승마모
15741,"자카드, 자카드직",jacquard(영) 織,"문직물, 문양직물"
15740,자이로,"茶色, ちゃいろ(일)","누런, 누런색, 다색(茶色)"
15739,자원봉사 코디네이터,自願奉仕coordinator(영),자원봉사 관리자
15738,자숙하다,自肅--,스스로 삼가다
15737,자성하다,自省--,"반성하다, 스스로 반성하다"
15736,자서하다,自書--,"직접 쓰다, 직접 적다, 스스로 쓰다, 스스로 적다"
15735,자상,刺傷,찔린 상처
15734,자비 우육,"煮沸 牛肉, boiled beef(영)",열처리 쇠고기
15733,자부,子婦,며느리
15732,자바라,蛇腹,"주름관, 주름상자"
15731,자명하다,自明--,뻔하다
15730,자리,"砂利, じゃり(일)",자갈
15729,자력 카드,資歷 card(영),관리 카드
15728,자력,自力,제힘
15727,자동제세동기,"自動除細動器, Automated External Defibrillator, A. E. D., AED(영)","자동 심장 충격기, 심장 충격기"
15726,자기 주식,自己 株式,자사 발행 주식
15725,자금,資金,돈
15724,자국,自局,"제 국, 제 우체국"
15723,자고로,自古,예로부터
15722,자경,自耕,"스스로 경작함, 손수경작"
15721,자가 노동,自家勞動,제집품
15720,입회시키다,入會---,가입시키다
15719,입형동기,笠形銅器,고깔수레장식
15718,입추의 여지없이,立錐- 餘地--,"빈틈없이, 빈자리 없이"
15717,입시 컨설팅,入試 consulting(영),입시 상담
15716,입수 보행,入手 步行,"손 넣고 걷기, 주머니에 손 넣고 걷기"
15715,입석,立石,"선돌, 입석"
15714,입국,粒麴,쌀알 누룩
15713,입관자,入館者,이용자
15712,입경,入境,들어오는
15711,임황,林況,산림 현황
15710,임상도,林相圖,산림 지도
15709,임금 피크제,salary peak system(영),임금 정점제
15708,일자 스커트,一字 skirt(영),일자치마
15707,일위 대가,一位代價,품셈 단가
15706,일약,一躍,"단번에, 대번에"
15705,일소,日燒,볕데기
15704,일말,一抹,한 가닥
15703,일러스트레이터,illustrater(영),"삽화가, 도해자"
15702,일러스트레이션,illustration(영),"삽화, 도안"
15701,인플루언서,influencer(영),영향력자
15700,인플레이션,inflation(영),물가 오름세
15699,인포멀 웨어,informal wear(영),준예복
15698,인터로크,interlock(영),양면 편성물
15697,인터넷 빌링 제도,internet billing(영) 制度,전자 결제 제도
15696,인터넷 BJ,Internet Broadcasting Jockey(영),인터넷방송진행자
15695,인큐베이팅,incubating(영),"육성, 보육"
15694,인큐베이터,incubator(영),"배양기, 보육기"
15693,인출해 가다,引出- --,찾아가다
15692,인지하는 바,認知-- -,아는 바
15691,인지,認知,"그리 여김, 앎, 인정하여 앎"
15690,인주,印朱,도장밥
15689,인어 스커트,人魚 skirt(영),인어치마
15688,인스피레이션,inspiration(영),영감
15687,인스털레이션 아트,installation art(영),설치 미술
15686,인수하다,引水--,물을 끌어들이다
15685,인센티브,incentive(영),"성과급, 유인책, 특전"
15684,인버트 스커트,inverted skirt(영),맞주름치마
15683,인바운드,inbound(영),국내
15682,인력풀,人力-pool(영),"인력 자원, 인력 은행"
15681,인력 시장,人力市場,일자리 마당
15680,인랜드포트,inland fort(영),내륙항
15679,인디언 옐로,indian yellow(영),인도황
15678,인디아 스타일,india style(영),인도 양식
15677,인 스토어 머천다이징,in store merchandising(영),"매장 구성, 매장 배치"
15676,익충,益蟲,이로운 벌레
15675,"익년, 익년도","翌年, 翌年度","다음 해, 이듬해"
15674,익금,益金,이익금
15673,이토키리,"絲切-り(일), いときり(일)",실끊개
15672,이타자이,"板材, いたざい(일)",판재
15671,이타바,"板場, いたば(일)",숙수
15670,이타메,"板目, いため(일)",무늬결
15669,이콜로지 룩,ecology look(영),생태학풍
15668,이콜로지,ecology(영),생태학
15667,이콘,icone(프),"아이콘, 성상"
15666,이카,"烏賊, いか(일)",오징어
15665,이치부,"一分, いちぶ(일)","한푼, 3mm"
15664,이치마이소데,"一枚袖, いちまいそで(일)",한 장 소매
15663,이취미,異臭味,이상한 맛과 냄새
15662,이직확인서,離職確認書,퇴직 확인서
15661,이지 오더,easy order(영),"간이 주문, 간이 주문복"
15660,이지 아이롱,easy iron(영),다리기 쉬움
15659,이중구연토기,二重口緣土器,겹입술토기
15658,이적,利敵,적을 이롭게 함
15657,이어링,earring(영),귀고리
15656,이어드롭,eardrop(영),귀고리
15655,이어 머프,ear muff(영),귀덮개
15654,이시메오리,"石目織, いしめおり(일)",새눈조직
15653,이시메,"石目, いしめ(일)",송곳정
15652,이스터에그,the easter egg(영),① 숨은 메시지 ② 숨은 기능
15651,이소하다,離巢--,둥지를 떠나다
15650,이세,いせ(일),"홈줄임, 여유분, 여유분줄임"
15649,이브닝 코트,evening coat(영),야회코트
15648,이브닝 백,evening bag(영),야회가방
15647,이브닝 드레스,evening dress(영),야회복
15646,이불용,移不用,"이월, 불용"
15645,이부가리,"二分刈, にぶかり(일)",두푼 깎기
15644,이미테이션 퍼,imitation fur(영),인조모피
15643,이미테이션 레더[레자],imitation leather(영),인조가죽
15642,이미테이션,imitation(영),"모조, 흉내, 모방"
15641,이매저너티브 리얼리즘,imaginative realism(영),상상적 사실주의
15640,이니셜,initial(영),머리글자
15639,이니셔티브,initiative(영),"① 주도권, 선제권 ② 구상 ③ 발의, 발의권"
15638,이노베이터,innovatior(영),혁신자
15637,이너 서클,inner circle(영),내부 핵심 집단
15636,이너,inner,속옷
15635,이그조틱,exotic(영),이국풍
15634,이고,移庫,창고 이전
15633,이격,離隔,"어긋남, 벌림"
15632,의제 매입 세액 공제,擬制 買入 稅額 控除,매입 세액 간주 공제
15631,의사 환자,"擬似 患者, suspected patient(영)",의심 환자
15630,의빈대,擬牝臺,암틀
15629,의료 텔레메트리,醫療 telemetry(영),"화상 처치 체제, 원격 화상 처치 체제"
15628,의당,宜當,마땅히
15627,응집,凝集,엉김
15626,응당,應當,마땅히
15625,음용하다,飮用--,마시다
15624,음용수,飮用水,"먹는 물, 마시는 물"
15623,음수기,飮水機,식수대
15622,은폐하다,隱蔽--,"감추다, 숨기다"
15621,윤환 방목,輪換放牧,돌려 가며 먹이기
15620,윤번,輪番,차례 돌림
15619,육수장망,六手張網/六艘張網,숭어들망
15618,유휴 노동력,遊休勞動力,노는 일손
15617,유도리,←ゆとり(일),"여유, 여유분, 융통, 늘품"
15616,유키,"裄, ゆき(일)",화장
15615,유치,誘致,"붙들어 둠, 보관"
15614,유충,幼蟲,애벌레
15613,유지,遺志,남긴 뜻
15612,유용하다,流用--,돌려쓰다
15611,유예하다,猶豫--,미루다
15610,유언비어,流言蜚語,"헛소문, 뜬소문"
15609,유아,幼兒,어린아이
15608,유아,乳兒,젖먹이
15607,유수 탱크,溜水 tank(영),물받이 탱크
15606,유수,幼穗,어린 이삭
15605,유빙,流氷,"떠다니는 얼음덩어리, 성엣장"
15604,유비와,"指輪指環, ゆびわ(일)","반지, 가락지"
15603,유비누키,"指環き, ゆびぬき(일)",골무
15602,유배우,有配偶,배우자 있음
15601,유물조합,遺物組合,유물갖춤새
15600,유모차,乳母車,"유아차, 아기차"
15599,유러피안 트러디셔널,European traditional(영),전통 유럽풍
15598,유러피안 캐주얼,European casual(영),유럽풍 캐주얼
15597,유니폼,uniform(영),제복
15596,유니티,unity(영),통일
15595,유니섹스 모드,unisex mode(영),남녀 겸용 양식
15594,유니섹스,unisex(영),남녀 겸용
15593,유기농멤버십,有機農 membership(영),"유기농 회원, 유기농 회원제"
15592,유고 시,有故時,사고가 있을 때
15591,유감지진,"有感地震, felt earthquake(영)",감지 지진
15590,윙 칼라,wing collar(영),날갯깃
15589,윈터 코트,winter coat(영),"겨울 외투, 겨울 코트"
15588,윈치맨,winchman(영),자아틀 조종사
15587,윈드 점퍼,wind jumper(영),"바람막이 점퍼, 방풍 점퍼"
15586,윈드 재킷,wind jacket(영),"방풍재킷, 바람막이옷, 바람막이재킷"
15585,윈드 시어,wind shear(영),급변풍
15584,윈드 서핑 웨어,wind surfing wear(영),윈드 서핑복
15583,위해물,危害物,해로운 물건
15582,위크,week(영),"주간, 주"
15581,위약 예정의 금지,違約豫定의 禁止,위약금 약속 금지
15580,위그선,WIG船 (Wing-In-Ground Effect ship(영)),수면 비행 선박
15579,위그,wig(영),가발
15578,웹진,webzine(영),누리잡지
15577,웰니스 제품,wellness products(영),건강 관리 제품
15576,웰 드레서,well dresser(영),"옷멋쟁이, 멋쟁이"
15575,웨이스트코트,waistcoat(영),"조끼, 겉옷"
15574,웨이스트 라인,waist line(영),허리둘레선
15573,웨이스트,waist(영),①허리 ②셔츠 웨이스트
15572,웨어러블 스마트 디바이스,wearable smart device(영),착용(하는) 스마트 기기
15571,웨어러블,wearable(영),"착용 가능, 착용 가능한"
15570,웨어,wear(영),"옷, 복(服)"
15569,웨스턴 스타일,western style(영),"서부 양식, 미서부 양식"
15568,웨스턴 부츠,western boots(영),"서부 장화, 미서부 장화"
15567,"웨딩드레스, 웨딩 드레스",wedding dress(영),"혼례복, 신부예복"
15566,웨더 올 코트,weather all coat(영),전천후코트
15565,웜 컬러,warm color(영),따뜻한 색
15564,월류,越流,무넘이
15563,원주,圓柱,원기둥
15562,원자로 트립,"原子爐 Trip, reactor trip(영)",원자로 정지
15561,"원스톱, 원스탑*",one-stop(영),"한자리, 일괄, 통합"
15560,원무,園務,원의 업무
15559,원 사이즈 셔츠,one size shirt(영),한 치수 셔츠
15558,원 바이 원,one by one(영),한 줄 고무뜨기
15557,원 마일 웨어,one mile wear(영),동네옷
15556,워킹맘,working mom(영),"직장인 엄마, 일하는 엄마"
15555,워킹 슈트,walking suit(영),산책복
15554,워킹 슈즈,walking shoes(영),산책화
15553,워킹 대디,working daddy(영),"일하는 아빠, 직장인 아빠"
15552,워키토키,walkie-talkie(영),휴대용 무전기
15551,"워크숍, 워크샵*",workshop(영),"공동 연수, 공동 수련"
15550,워커,walkers(영),군화
15549,워시 앤드 웨어,wash and wear(영),"민다림질, 민다림질옷"
15548,워셔블 타이,washable tie(영),"물빨래 타이, 물빨래 넥타이"
15547,워셔블 슈트,washable suit(영),"물빨래 옷, 물빨래 양복"
15546,울트라 미니,ultra mini(영),초미니
15545,울트라 모던,ultra modern(영),"초현대, 초현대적, 초현대적 패션 감각"
15544,울트라 머린,ultra marine(영),군청색
15543,울른 서지,woolen serge(영),방모서지
15542,울 자바라,wool(영) 蛇腹,울 장식끈
15541,울 블렌드 마크,wool blend mark(영),모 혼방 표시
15540,울 마크,wool mark(영),모 표시
15539,운휴하다,運休--,운행을 쉬다
15538,운재로,運材路,나무 운반길
15537,운무,雲霧,구름과 안개
15536,운두준,雲頭皴,운두준법
15535,우편본인표,郵便本人表,받는 이 확인증
15534,우편배달부,郵便配達夫,집배원
15533,우편 요금 계기,郵便料金計器,우편 요금 표시기
15532,우치에리,"內襟, うちえり(일)",안칼라
15531,우치아이센,"打合い線, うちあいせん(일)",여밈선
15530,우치아와세,"打合-せ(일), 打合-わせ(일), うちあわせ(일)",여밈
15529,우치소데,"內袖, うちそで(일)",밑소매
15528,우치바케,打刷毛,다짐귀얄
15527,우체료,郵遞料,우편 요금
15526,우와에리,"上襟, うわえり(일)",윗깃
15525,우와마에,"上前, うわまえ(일)",겉자락
15524,우와기,"上着, 上衣, うわぎ(일)","윗도리, 상의, 저고리, 양복저고리"
15523,우연,右撚,에스(S)자꼬임
15522,우시로아키,"後-ろ-明-き(일), うしろあき(일)","뒤트기, 뒤트임"
15521,"우시로미, 우시로미고로","後ろ身, 後ろ身頃, うしろみごろ(일)",뒷길
15520,"우스티드, 우스티드얀",worsted yarn(영),"소모사, 소모직물"
15519,우수받이,雨水받이,빗물받이
15518,우수기,"薄着, うすぎ(일)",얇게입기
15517,우수 트랜치,雨水 trench(영),빗물 도랑
15516,우수 관로,雨水管路,빗물관
15515,우마노리,"馬乘-り(일), うまのり(일)","뒤트기, 뒤트임"
15514,우마,"馬, うま(일)","소매 다림질대, 어깨 다림질대"
15513,우량목,優良木,좋은 나무
15512,우라포켓토,"裏ポケット, うらポケット(일)",안주머니
15511,우라지,"裏地, うらじ(일)",안감
15510,우라우치,"裏地, うらじ(일)",덧댄 안감
15509,우라에리,"裏襟, うウえり(일)",밑깃
15508,우라아미,"裏編え, うらあ(일)",안뜨기
15507,"우라가에, 우리가에시","裏返し, うらがえし(일)","뒤집기, 뒤집어짓기"
15506,우데01,"腕, うで(일)","틀머리, 팔"
15505,우결핵,牛結核,소결핵
15504,용탈,溶脫,녹아 빠짐
15503,용지대,用地代,토지 사용료
15502,용제,溶劑,녹는 약
15501,용의,容疑,의심 감
15500,요크 스커트,yoke skirt(영),"바대치마, 요크치마"
15499,요크,Yoke(영),바대
15498,요코에리,"橫襟, よこえり(일)",가로깃
15497,요코시마,"橫縞, よこしま(일)",가로 줄무늬
15496,요코,"橫, よこ(일)","가로, 씨실"
15495,요척,要尺,"소요량, 옷감 소요량"
15494,요존국유림,要存國有林,보전 국유림
15493,요정비품,要整備品,수리 필요품
15492,요수리,要修理,수리 필요
15491,요부조자,要扶助者,도움이 필요한 사람
15490,요망,要望,바람
15489,요거석,燎炬石,횃불 받침돌
15488,외조,外助,"도움, 배우자의 도움"
15487,외교파우치,外交pouch(영),외교 행낭
15486,왓펜,ワッペン(일) ← wappen(독),바펀
15485,와해,瓦解,무너짐
15484,와플 클로스,waffle cloth(영),"벌집직물, 봉소(蜂巢)직물"
15483,와토 가운,watteau gown(프),바토가운
15482,와타리,渡り(일),앞뒤 중심선
15481,와키트임,脇 -,옆솔기트임
15480,와키주머니,脇 -,옆솔기주머니
15479,와키센,"脇線, わきせん(일)",옆솔기선
15478,와키누이,"脇縫-い(일), わきぬい(일)","옆솔 박기, 옆솔 박음, 옆솔기 박기, 옆솔기 박음"
15477,와키 지퍼,脇 zipper(영),옆솔기지퍼
15476,와키 사이바,"脇 さいば, わきさいば(일)",옆길
15475,와키,"脇, わき(일)","옆솔, 옆솔기"
15474,와리미싱,"わりミシン(일), 割-ミシン(일), わりミシン(일)",쌍줄솔
15473,와리누이,割縫-い(일),가름솔
15472,옵티컬 일루전,optical illusion(영),착시
15471,옵 아트,op art ← optical art(영),광학 미술
15470,옴부즈맨,ombudsman(영),민원 도우미
15469,옴니채널,omni-channel(영),통합 유통망
15468,올드 패션,old fashion,구식
15467,온실가스배출 인벤토리,inventory(영),온실가스배출 목록
15466,온리 숍,only shop,대리점
15465,온 듀티,on duty,"근무, 근무복"
15464,옥스퍼드 슈즈,oxford shoes(영),옥스퍼드화
15463,옥사,獄死,재소 중 사망
15462,옥고,獄苦,옥살이
15461,오한,惡寒,춥고 떨림
15460,오피서 칼라,officer collar(영),사관칼라
15459,오피니언 리더,opinion leader(영),"여론 주도자, 여론 주도층"
15458,오픈 칼라,open collar(영),앞튼칼라
15457,오픈 심,open seam(영),가름솔
15456,오픈 소스,open source(영),"공개 소스, 공개 자료"
15455,오픈 셔츠,open shirt(영),앞튼셔츠
15454,오프쇼어링,off-shoring(영),국외 이전
15453,오프라벨 드러그,off-label drug(영),허가 외 사용 의약품
15452,오프닝,opening(영),"개막, 개막 공연, 개관, 개통"
15451,"오프 듀티, 오프 듀티웨어",off duty wear(영),자유복
15450,오페라 해트,opera hat(영),오페라모자
15449,오페라 백,opera bag(영),"오페라 가방, 오페라 손가방"
15448,오트 쿠튀르,haute couture(프),고급 의상점
15447,오쿠마쓰리,奧纏,속감침
15446,오쿠리,"送-り(일), おくり(일)","톱니, 재봉틀 톱니, 톱니판, 재봉틀 톱니판"
15445,오카네,おかね(일),돈
15444,오일펜스,oil fence(영),"기름막이, 기름 차단막"
15443,"오이시디, OECD",organization for economic cooperation and development(영),경제 협력 개발 기구
15442,오송메디컬그린시티,五松 medical green city(영),오송의료중심도시
15441,오션복합콤플렉스,ocean(영) 複合 complex(영),해양복합단지
15440,오서독스,orthodox(영),"전통적, 정통적"
15439,오사에,"押-え(일), おさえ(일)",노루발
15438,오비01,"帶, おび(일)","띠, 허리띠, 허릿단"
15437,오비 벨트,"帶 belt(영), おび(일) belt(영)","허리 띠, 허리 가로띠"
15436,오브제,objet(프),"물체, 대상"
15435,오버홀정비,overhaul(영) 整備,"완전 분해 정비, 전면 분해 정비"
15434,오버슈즈,overshoes(영),덧신발
15433,오버부킹,overbooking(영),초과 예약
15432,"오버롤, 오버롤즈",overalls(영),가슴바지
15431,"오버로크, 오바로크",オ-バ-ロック(일) ← overlock(영),"휘갑, 휘갑치기, 푸서 박기, 푸서 박음"
15430,오버로크,overlock(영),"휘갑, 휘갑치기, 푸서박기, 푸서박음"
15429,오버 코트,over coat(영),외투
15428,오버 스커트,over skirt(영),겉치마
15427,오바02,オ-バ-・コ-ト(일)←overcoat(영),외투
15426,오모테지,"表地, おもてじ(일)",겉감
15425,오모테에리,"表襟, おもてえり(일)",겉깃
15424,오모테아미,"表編み, おもてあみ(일)",겉뜨기
15423,오모테,"表, おもて(일)","겉, 겉감"
15422,오마루,"大丸, おおまる(일)",큰굴림
15421,오리후세누이,"折り伏 せ縫い, おりふせぬい(일)",쌈솔
15420,오리카에시,"折返-し(일), おりかえし(일)",단접기
15419,오리지널,original(영),① 독창적 ② 진품
15418,오리엔탈리즘,orientalism(영),동양주의
15417,오리엔탈 스타일,oriental style(영),동양풍 양식
15416,오리엔탈 드레스,oriental dress(영),"동양풍 드레스, 동양풍 옷"
15415,오리에리,"折-り-襟(일), おりえり(일)",접깃
15414,오리시로,"折-り-代(일), おりしろ(일)","접단, 옷단"
15413,오리메,"折-り-目(일), おりめ(일)","접음선, 접금"
15412,오로시동야,"御問屋, おろしとんや(일)",도매상
15411,오란,汚卵,불결란
15410,"오다, 오더메이드",オ-ダ-(일) ← order made(영),①주문 ②주문복
15409,오너,owner(영),소유주
15408,오기하다,誤記--,"잘못 적다, 잘못 쓰다"
15407,오간지,オ-ガンジ(일) ← organdy(영),오건디
15406,오가미히다,拝-み-襞(일),"맞주름, 안주름"
15405,오가미아와세,拝-み-合-せ(일),맞여밈
15404,오가닉,organic(영),유기농
15403,오 드 투알레트,eau de toilette(프),화장수
15402,예찰 검사,豫察檢査,사전 검사
15401,예인식,曳引式,끌어당김식
15400,예가,"豫價, 預價",예정 가격
15399,영현비,英顯費,장례비
15398,영접하다,迎接--,"맞이함, 맞음, 맞이, 맞다, 맞이하다"
15397,엽색,葉色,"잎 색, 잎 색깔"
15396,염류 집적,鹽類 集積,염분 축적
15395,연흔,漣痕,물결자국
15394,연호,連號,관련 문서
15393,연소화,年少化,"어려짐, 나이가 어려짐"
15392,연산,年産,한 해 생산
15391,연발,延發,늦떠남
15390,연란,軟卵,무른 알
15389,여망,輿望,"기대, 바람"
15388,여로,旅路,여행길
15387,여군편의실,"女軍便宜室, female convenience room(영)",여성 편의실
15386,엠블럼,emblem(영),"상징, 상징표"
15385,엠보싱 가공,embossing finish(영),요철 가공
15384,"엠디, MD",merchandiser(영),상품 기획가
15383,엠 사이즈,M size(영),"엠(M)치수, 중치수"
15382,엘엘 사이즈,LL size(영),초대형치수
15381,엘리베이터 카,elevator car(영),엘리베이터 탑승 칸
15380,엘리건트,elegant(영),"우아한, 고상한"
15379,엘레강스,élégance(프),"우아, 고상"
15378,엘 사이즈,L size(영),"엘(L)치수, 대형치수"
15377,엔빌로프 드레스,envelope dress(영),"봉투옷, 봉투형옷"
15376,엔도톡신,endotoxin(영),균체 내 독소
15375,엑스트라,extra(영),"보조 연기자, 보조 출연자"
15374,엑스 사이즈,X size(영),엑스(X)치수
15373,에피소드,episode(영),일화
15372,"에프디에이, FDA",FDA(Food and Drug Administration(영)),미국식품의약품청
15371,에프 사이즈,F size(영),"에프(F)치수, 자유치수"
15370,에폴레트,épaulette(프),"견장, 어깨장식"
15369,에코힐링,eco-healing(영),자연 치유
15368,에코 어드벤처,echo adventure(영),"자연 탐험 시설, 자연 체험 시설"
15367,에코 사운딩,Echo Sounding(영),음파 수심 측량
15366,에코 디자인,eco design(영),친환경 디자인
15365,에코 그린 투어리즘,eco green tourism(영),친환경 여행
15364,에지,edge(영),"스케이트날 끝 부분, 그린 가장자리, 모서리"
15363,에이프런01,apron(영),앞치마
15362,에이프런 스타일,apron style(영),앞치마형
15361,에이프런 드레스,apron dress(영),"앞치마옷, 앞치마형옷"
15360,에이비에이터 룩,aviator look(영),조종사풍
15359,에어로빅 슈즈,aerobics shoes(영),에어로빅 신발
15358,에어 클리너,air cleaner(영),"공기 거르개, 공기 청정기"
15357,에어 벤트,air vent(영),공기구멍
15356,에스닉 룩,ethnic look(영),민속풍
15355,에스닉,ethnic(영),"민속복, 민속풍"
15354,에리하시,"襟端, えりはし(일)",깃끝
15353,에리키자미,"襟刻-み(일), 襟-きざみ(일), えりきざみ(일)",깃아귀
15352,에리코시센,"襟腰線, えりこしせん(일)",깃운두선
15351,에리코시,"襟腰, えりこし(일)",깃운두
15350,에리즈리,"衿吊, えりづり(일)",걸고리
15349,에리우라,"襟裏, えりうら(일)","밑깃, 밑깃감"
15348,에리오사에,"襟押-え(일), えりおさえ(일)",깃단눌러박기
15347,에리오모테,"襟表, えりおもて(일)","겉깃, 겉깃감"
15346,에리아시,"襟足, えりあし(일)",깃띠
15345,에리쓰케,襟付-け(일),깃달기
15344,에리선,襟(일) -,목둘레선
15343,에리마키,"襟卷き, えリまき(일)",목도리
15342,에리마쓰리,"襟-まつり(일), えりまつり(일)",깃감침
15341,에리나시,襟-なし(일),민깃
15340,에리구리,襟刳-り(일),목둘레선
15339,에리가자리,"襟飾り, えりかざり(일)",깃상침
15338,에드워드자켓,エドワ-ドジャケット(일),에드워드 재킷
15337,에드워드 스타일,エドワ-ド スタイル(일),에드워드 양식
15336,에듀컬처 콘텐츠,edu culture contents(영),교육문화 콘텐츠
15335,에나멜 컬러,enamel color(영),에나멜색
15334,"업스케일링, 업스케일링 기술","up scaling(영), up scaling(영) 技術","해상도 상향, 해상도 상향 기술"
15333,업 투 데이트,up to date(영),최신
15332,업스트림,upstream(영),"위 흐름, 윗단계 흐름"
15331,업 스타일,up style(영),①올린머리 ②업(up) 양식
15330,엄브렐러 플리츠,umbrella pleats(영),우산주름
15329,엄브렐러 스커트,umbrella skirt(영),우산치마
15328,엄단하다,嚴斷--,엄하게 다스리다
15327,얼리 아메리칸 룩,early american look(영),"개척시대풍, 미국개척시대풍"
15326,언컨스트럭티브 웨어,unconstructive wear(영),비구축복
15325,언컨스트럭트재킷,unconstructedjacket(영),"비구축재킷, 비구축적재킷"
15324,언컨스트럭트슈트,unconstructed suit(영),"비구축 슈트, 비구축적 슈트"
15323,"언컨스트럭트, 언컨",了ゾコソ(일) ← unconstructed(영),"비구축, 비구축적"
15322,언이븐 헴라인,uneven hemline(영),불규칙 밑단
15321,언사,言辭,"말, 말씨"
15320,언변,言辯,"말재주, 말솜씨"
15319,언밸런스체크 패턴,unbalanced check pattern(영),불균형 체크무늬
15318,언밸런스스커트,unbalanced skirt(영),불균형 치마
15317,"언밸런스, 언발란스*",unbalance(영),"불균형, 부조화"
15316,언더라이팅,underwriting(영),계약 심사
15315,언더 퍼,under fur(영),솜털
15314,언더 스커트,under skirt(영),속치마
15313,언더 셔츠,under shirt(영),"속셔츠, 속옷"
15312,언더 블라우스,under blouse(영),속블라우스
15311,어퍼 포풀러 존,upper popular zone(영),중저가
15310,어퍼 베터 존,upper better zone(영),상고가
15309,어퍼 미들 프라이스,upper middle price(영),중고가
15308,어패럴메이커,apparel maker(영),"의복 제조업, 의류 업체"
15307,어패럴 산업,apparel(영) 産業,의류 산업
15306,어패럴 디자인,apparel design(영),의복 디자인
15305,어패럴,apparel(영),"의복, 의류"
15304,어태치 칼라,attached collar(영),"붙임 칼라, 탈착 칼라"
15303,어타이어,attire(영),성장(盛裝)
15302,어젠다,agenda(영),의제
15301,어워드,award(영),상
15300,어시머트리컬 프런트,asymmetrical front(영),비대칭 앞여밈
15299,어시머트리,asymmetry(영),비대칭
15298,"어소트, 어소트먼트",assortment(영),구색갖추기
15297,어반 아트리움,urban artrium(영),"문화 상업 가로, 도시 문화 상업 가로"
15296,어린 사슴 무늬,,"홀치기, 홀치기염"
15295,어덜트,adult(영),"성인, 성인패션 시장"
15294,어깨싱,- 芯(일),어깨심
15293,양정,糧政,식량 정책
15292,양이부호,兩耳附壺,두귀달린항아리
15291,양수,兩手,"두 손, 두 팔"
15290,양산,量産,대량 생산
15289,양도하다,讓渡--,넘겨주다
15288,양계,養鷄,닭치기
15287,양거리,"量距離, quantities distance(영)",폭발물 안전 거리
15286,양가,養家,"양자나 양녀로 간 집, 입양된 집"
15285,양 트기,,"옆트임, 양옆트임, 옆트기, 양옆트기"
15284,얀 콤비네이션,yarn combination(영),실교직
15283,얀,yarn(영),"실, 꼰 실, 사"
15282,"약도간벌, 약도 간벌",弱度間伐,약솎아베기
15281,야키만두,"燒饅頭, やきまんじゅう(일)",군만두
15280,야생조수,野生鳥獸,들짐승
15279,야기되다,惹起--,생기다
15278,앵클 팬츠,ankle pants(영),발목바지
15277,앵클 워머,ankle warmer(영),"발목덮개, 발목토시"
15276,앵클 부츠,ankle boots(영),발목부츠
15275,앵클 렝스,ankle length(영),발목 길이
15274,앵클 개더 팬츠,ankle gather pants(영),"발목 개더 바지, 주름 바지"
15273,앵커숍,anchor shop(영),거점 매장
15272,앵커 시설,anchor(영) 施設,종합 지원 시설
15271,앵커 기업,Anchor(영) 企業,선도 기업
15270,앵미,惡米,붉은 쌀
15269,앱스트랙트 컷,abstract cut(영),추상 재단
15268,앱스트랙트 아트,abstract art(영),추상 미술
15267,앱스트랙트 디자인,abstract design(영),추상 디자인
15266,앱스트랙트,abstract(영),"추상, 추상적"
15265,앱 마켓,app Market(영),앱 장터
15264,앰플 팬츠,ample pants(영),풍성바지
15263,앰플 스타일,ample style(영),풍성 양식
15262,앰플 라인,ample line(영),풍성 라인
15261,앤티크 프린트,antique print(영),고풍 프린트
15260,앤티크,antique-(프),고풍스러운
15259,앤드로지너스 룩,androgynous look(영),양성풍
15258,액티브에이징,active aging(영),활기찬 노년
15257,액티브 스트리트 웨어,active street wear(영),거리 활동복
15256,액션 플랜,action plan(영),"실행 계획, 세부 계획"
15255,액션 미팅,action meeting(영),활성화 모임
15254,액션 모드,action mode(영),활동 양식
15253,액셀러레이터,accelerator(영),새싹기업 육성 기관
15252,애플리케이션 프로세서,application processor(영),응용 프로그램 처리 장치
15251,애시 블루,ash blue(영),회청색
15250,애시 그레이,ash gray(영),"잿빛, 회색"
15249,애슬레틱셔츠,athletic shirt(영),운동 셔츠
15248,애슬레틱 숄더,athletic shoulder(영),파인어깨
15247,애버리지,average(영),평균
15246,애드버토리얼,advertorial(영),기사형 광고
15245,압좌증후군,壓挫症候群(crush syndrome(영)),깔림 증후군
15244,압입,壓入,밀어 넣기
15243,암홀 둘레,armhole(영) -,"진동, 진동둘레"
15242,암홀,armhole(영),진동
15241,암장,巖墻,바위봉우리
15240,암거,暗渠,"속도랑, 지하 도랑"
15239,암 렝스,arm length(영),소매길이
15238,알비노,albino(영),"백색증, 백화개체"
15237,"안콘, 안콘스트럭티드",アンコンストラクテイド(일) ← uncon-struct(영),비구축적
15236,안치대,安置臺,보관대
15235,악천후,惡天候,거친 날씨
15234,아후간,アフガン(일) ← afghan(영),"수(手)편물, 손뜨개"
15233,아포믹시스,apomixis(영),무수정 생식
15232,아파레루,アパレル(일),"의복, 어패럴"
15231,아틀리에,atelier(프),"작업실, 제작실"
15230,아트 페어,art fair(영),미술 전람회
15229,아트 웨어,art wear(영),예술 의상
15228,아트 모드,art mode(영),예술 양식
15227,아트,art(영),예술
15226,"아테, 아테누노","當布, あてぬの(일)",보강천
15225,아타치,アタッチ(일) ← attach collar(영),"붙임 칼라, 탈착 칼라"
15224,아키텍처,architecture(영),"설계, 시스템 구성"
15223,아키,"明-き(일), あき(일)","트기, 트임"
15222,아쿠아,aqua(영),물색
15221,아코디언 플리츠,accordion pleats(영),아코디언 주름
15220,아카,"赤, あか(일)","빨강, 적, 적색"
15219,아일릿 스티치,eyelet stitch(영),새눈구멍수
15218,"아이핀, I-PIN",internet personal identification number(영),인터넷 개인 식별 번호
15217,아이템,item(영),"① 소재 ② 품목, 항목, 종목"
15216,아이지루시,合標,"실표뜨기, 겹뜨기"
15215,아이스 브레이킹,ice breaking(영),"어색함 풀기, 서먹함 깨기, 서먹함 풀기"
15214,"아이보리, 아이보리색",ivory(영)-色,상아색
15213,아이론시아게,"アイロン 仕上げ, アイロンしあげ(일)",다림질 마무리
15212,아이론 정비,IRON(Inspect & Repair Only as Necessary(영)) 整備,최소 정비
15211,아이론,アイロン(일) ← iron(영),다리미
15210,아이디어 페스티벌,idea festival(영),"생각 모음 잔치, 아이디어 발표 대회"
15209,아이디어 챌린지,idea challenge(영),"참신한 생각 겨루기, 아이디어 겨루기, 참신한 생각 공모, 아이디어 공모"
15208,아이더블유에스,IWS(영),국제양모 사무국
15207,아워글라스 실루엣,hourglass silhouette(영),"모래시계선, 모래시계윤곽선, 선, 외형선"
15206,아웃사이즈,outsize(영),특대형
15205,아웃사이드 포켓,outside pocket(영),겉주머니
15204,아우트리치,outreach(영),"현장 지원 활동, 현장 원조 활동, 거리 상담"
15203,"아웃, 아웃포켓",out pocket(영),붙임주머니
15202,아우트라인 스티치,outline stitch(영),"윤곽선 땀, 외형선 땀"
15201,아우트라인,outline(영),"윤곽, 테두리, 윤곽선"
15200,아와세누이,"合わせ縫い, あわせぬい(일)","맞춰박기, 합봉"
15199,아야,"綾, あや(일)","능, 능직"
15198,아시아아트컬처파크,asia art culture park(영),아시아예술문화공원
15197,아방 가르드,avant garde(프),전위(前衛)
15196,아미 룩,army look(영),"군복풍, 육군복풍"
15195,아메토라,アメトラ(일),전통 미국풍
15194,아메리칸 트러디셔널 캐주얼,american traditional casual(영),전통 미국풍 캐주얼
15193,아메리칸 트러디셔널,American traditional(영),전통 미국풍
15192,아메리칸 캐주얼,American casual(영),미국풍 캐주얼
15191,아마부타,"雨蓋, あまぶた(일)","덮개, 호주머니 덮개"
15190,아르 누보,art nouveau(프),신예술(新藝術)
15189,아가리가타,"上り肩, あがりがだ(일)",솟은어깨
15188,쓰리,"掏摸, すり(일)",소매치기
15187,쓰레카이,,앞 처짐
15186,쎄무,セ-ム(일) ← suede(영),스웨이드
15185,쌍트임,,옆트임
15184,쌍입술후타주머니,- 蓋(일) -,쌍입술 덮개주머니
15183,쌍 스티치,stitch(영),두 줄 땀
15182,싱크 탱크,think tank(영),"두뇌 집단, 참모 집단"
15181,싱글윈도시스템,single window system(영),통관 단일 창구제
15180,싱글 브레스트,singlebreast(영),"홑여밈, 홑자락"
15179,싱,"芯, しん(일)","심, 심지, 속"
15178,심포지엄,symposium(영),"학술 토론회, 학술 토론 회의, 집단 토론 회의"
15177,심부 체강 창상 피복재,"深部 體腔 創傷 被覆材, adhesion barrier(영)",유착 방지제
15176,심벌,symbol(영),"상징, 상징 기호"
15175,"심리검사결과 이상자, 심리검사결과 취약자","心理檢査 結果 異常者, 脆弱者","2차 심리 검사 대상, 2차 심리 검사 대상자"
15174,"심 퍼커링, 심퍼커링",seam puckering(영),솔기울이
15173,심,seam(영),"시접, 솔기"
15172,실크,silk(영),"견, 견직물, 비단, 명주, 명주실"
15171,실버 폭스,silver fox(영),"은빛여우, 은빛여우털"
15170,실루엣01,silhouette(프),"음영, 윤곽선"
15169,실례 가격,實例價格,시장 가격
15168,실러버스,syllabus(영),"강의 계획, 강의 계획서"
15167,실권,失權,권리 상실
15166,실02,seal(영),"물개, 바다표범"
15165,"실 하토메, 실 하도메","- はとぬ, 鳩目(일)",새눈구멍
15164,신호모진,信號冒進,"정차 위반, 정차 신호 위반, 신호 무시 운전"
15163,신초,"身長, しんちょう(일)","키, 신장"
15162,신초,新梢,새순
15161,신입,申込,"신청, 청약"
15160,신세틱 파이버,synthetic fiber(영),합성 섬유
15159,신세틱 컬러,synthetic color(영),인공색
15158,신립,申立,"신청, 아룀"
15157,식재,植栽,"심기, 나무 심기, 가꾸기, 나무 가꾸기"
15156,식옥,飾玉,"꾸밈옥, 장식옥"
15155,식염,食鹽,소금
15154,식식성,植食性,초식성
15153,식스티즈 패션,sixties fashion(영),60년대 패션
15152,식료,食料,음식물
15151,식대,食代,밥값
15150,시프스킨,sheepskin(영),양가죽
15149,시티 엘레강스,city elegance(영),우아한 도시풍
15148,시티 에스닉,city ethnic(영),민속적 도시풍
15147,시티 시크,city chic(영),도시풍 멋
15146,시티 룩,city look(영),도시풍
15145,시트,seat(영),"좌석, 자리"
15144,시타에리,"下襟, したえり(일)",아랫깃
15143,시타소매,"下-, した -(일)",밑소매
15142,시타소데타케,"下袖丈, したそでたけ(일)",밑소매 길이
15141,시타마에,"下前, したまえ(일)",안자락
15140,시키기리,"敷き-, しき-(일)",다리미판
15139,시크,chic(프),"멋, 근사함"
15138,시즈닝,seasoning(영),양념
15137,시조 컷,ciseaux cut(프),가위컷
15136,시와,"皺, しわ(일)","구김, 구김살"
15135,시연,試演,"시행, 시험 공연"
15134,시어링,shearing(영),"①자르기, 절단기 ②털깎기, 전단기"
15133,시쓰케,"躾, しつけ(일)","시침, 시침질"
15132,시스템,system(영),"① 체제, 조직, 방식, 체계 ② 선수 배치"
15131,시스 스커트,sheath skirt(영),시스치마
15130,"시비, CB",Convertible Bond(영),전환 사채
15129,"시머트리, 시메트리*",symmetry(영),"균형, 균제"
15128,시말서,始末書,경위서
15127,시마,"縞, しま(일)","줄 맞추기, 줄무늬 맞추기"
15126,시리센,"尻線, しりせん(일)","엉덩이선, 뒷솔기, 바지뒷솔기"
15125,시루시,"印, しるし(일)","표시, 기호"
15124,시딩,sitting(영),앉히기
15123,시드뱅크,Seed Bank(영),종자 은행
15122,시드 볼트,seed vault(영),종자 영구 보관고
15121,시드 머니,seed money(영),종잣돈
15120,시도미싱,ひとミシン(일),한 번 박기
15119,시니어 클럽,idea challenge(영),"어르신 모임, 어르신 동아리"
15118,시뇽,chignon(프),쪽진머리
15117,시너지 효과,synergy(영) 效果,상승효과
15116,시나조로에,"品揃え, しなぞろえ(일)",구색갖추기
15115,시나리오,scenario(영),"대본, 각본"
15114,시그널,signal(영),신호(信號)
15113,시건장치,施鍵裝置,"잠금장치, 자물쇠 장치"
15112,시건,施鍵,잠금
15111,시간엄수,時間嚴守,시간 꼭 지키기
15110,시간 관련 불완전 취업자,時間 關聯 不完全 就業者(time related underemployed(영)),추가 취업 희망자
15109,시가렛 팬츠,cigarette pants(영),날씬바지
15108,승소,勝訴,소송 이김
15107,승선근무예비역,乘船勤務豫備役,승선 근무 요원
15106,승률 비용,乘率費用,유사 원가 비용
15105,슬릿 스커트,slit skirt(영),트임치마
15104,슬릿,slit(영),트임
15103,슬립02,slip(영),흙물
15102,슬립01,slip(영),속치마
15101,슬림형,slim(영),"좁은형, 납작형"
15100,슬림 실루엣,slim silhouette(영),날씬한 윤곽선
15099,슬림 스커트,slim skirt(영),날씬치마
15098,슬리퍼 히트,sleeper hit(영),"깜짝 흥행, 깜짝 흥행작"
15097,슬리브 가터,sleeve garter(영),소매가터
15096,슬리브,sleeve(영),소매
15095,슬로퍼,sloper(영),기준 옷본
15094,슬로건,slogan(영),"표어, 강령, 구호"
15093,슬랙스,slacks(영),긴바지
15092,슬랙 어저스터,slack adjuster(영),"조절기, 간격 조절기"
15091,슬래시 슬리브,slash sleeve(영),"가름소매, 벤소매"
15090,스핀들 라인,spindle line(영),"실꾸리선, 방추선"
15089,스피치 라이터,speech writer(영),"연설문 작성자, 연설문 작가"
15088,스피드,speed(영),"속도, 속력, 빠르기"
15087,스프링 코트,spring coat(영),"봄 코트, 봄가을 코트"
15086,스프레이,spray(영),"① 분무, 분무기 ② 안개색"
15085,스폿 라이트,spot light(영),"집중 조명, 집중 조명기, 각광, 주시, 주목"
15084,스폿 뉴스,spot news(영),"초점 뉴스, 반짝 뉴스"
15083,스폿 기획,spot(영) -,반짝 기획
15082,스포츠 콤플렉스,sports comflex(영),스포츠 복합 단지
15081,스포츠 웨어,sports wear(영),운동복
15080,스포츠 스태킹,sport stacking(영),컵 쌓기 게임
15079,스포츠 슈즈,sports shoes(영),스포츠화
15078,스페이스 해트,space hat(영),우주모
15077,스페이스 컬러,space color(영),우주색
15076,스페이스 슈트,space suit(영),우주복
15075,스페이스 룩,space look(영),우주풍
15074,스페이스,space(영),"공간, 여백, 빈 데, 빈 곳, 사이"
15073,스페셜티스토어,specialty store(영),전문점
15072,스펀징,sponging(영),"축임질, 기계 축임질"
15071,스팽글,spangle(영),반짝이
15070,스패니시숄,spanish shawl(영),스페인숄
15069,스패니시 스커트,spanish skirt(영),스페인치마
15068,스파이럴 스커트,spiral skirt(영),나선치마
15067,스팀,steam(영),"증기, 수증기, 김"
15066,스트링 타이,string tie(영),끈타이
15065,스트링,string(영),①문자열 ②끈
15064,스트립용 채권,STRIPS (Separate Trading of Registered Interest and Principal of Securities(영))用 債券,원금‧이자 분리 채권
15063,스트리트패션,street fashion(영),거리 패션
15062,스트리트 마켓(영),street market(영),거리 가게
15061,스트레치부츠,stretch boots(영),신축성 부츠
15060,스트레이트 팬츠,straight pants(영),"직선바지, 일자바지"
15059,스트레이트 재킷,straight jacket(영),직선재킷
15058,스트레이트 스커트,straight skirt(영),"직선치마, 일자치마"
15057,스트랩리스 브라,strapless bra(영),끈없는 브래지어
15056,스트랩리스 네크라인,strapless neckline(영),끈없는 목둘레선
15055,스트랩리스,strapless(영),"끈없는, 끈없는옷"
15054,스트라이프패턴,stripe pattern(영),줄무늬
15053,스트라이프,stripe(영),"줄, 줄무늬"
15052,스튜디오,studio(영),"녹음실, 제작실, 촬영실, 방송실, 연주실"
15051,스톱오버,stop-over(영),경유지 체류
15050,"스톱, 스탑*",stop(영),"정지, 정차, 멈춤"
15049,스톨,stall(영),단칸우리
15048,스토퍼,stopper(영),끝막이 (장식)
15047,스토리텔링,storytelling(영),이야기하기
15046,스테치,ステッチ(일) ← stitch(영),"땀, 수, 스티치"
15045,스테이플 의료,staple(영),실용 의류
15044,스테이지,stage(영),무대
15043,스테미싱,"拾てミシン, すてミシン(일)",시침박기
15042,스탬프 투어,stamp tour(영),도장 찍기 여행
15041,스탠딩 칼라,standing collar(영),띠칼라
15040,스탠드스틸,standstill,"이동 제한, 일시 이동 제한"
15039,스탠드 업 칼라,stand up collar(영),"세운칼라, 세운띠칼라"
15038,스탠드 어웨이 칼라,stand away collar(영),"띠칼라, 벌어진띠칼라"
15037,스태미나,stamina(영),"힘, 정력, 원기"
15036,스타트업,start up(영),"새싹 기업, 창업 초기 기업"
15035,스타트,start(영),"출발, 시작"
15034,스타디움 점퍼,stadium jumper(영),"경기장 점퍼, 야구 점퍼"
15033,스킨케어,skin care(영),"피부 관리, 피부 치료"
15032,스킨 슈트,skin suit(영),밀착복
15031,스킨,skin(영),"피부, 피부색, 살갗"
15030,스키드 마크,skid mark(영),타이어 밀린 자국
15029,스키 팬츠,ski pants(영),스키바지
15028,스키 웨어,ski wear(영),스키복
15027,스크리닝,screening(영),"선별, 훑어보기, 점검, 수비 차단"
15026,스크랩,scrap(영),가공 잔여물
15025,스크랩,scrap(영),"자료 모음, 오려 모으기"
15024,스퀘어 라인,square line(영),사각선
15023,스퀘어 네크라인,square neckline(영),"사각 목둘레선, 사각형 목둘레선"
15022,스쿨 존,school zone(영),어린이 보호 구역
15021,스쿨 걸 룩,school girl look(영),여학생풍
15020,스쿠이,す<い(일),공그르기
15019,스케일,scale(영),"① 규모, 축척, 크기, 통 ② 크기 조정"
15018,스카우트,scout(영),"고르기, 골라 오기, 뽑아 옴, 빼 옴"
15017,"스카블라, 파상설","skavla(영), 波狀雪",물결무늬 눈
15016,스윔 슈트,swim suit(영),수영복
15015,스웻 셔츠,sweat shirt(영),"스웨트셔츠, 땀셔츠"
15014,스왈로 테일 코트,swallow tail coat(영),연미복
15013,스와리,"座り, すわり(일)",본새
15012,스소폭,"裾幅, すそ幅(일)","단너비, 도련너비"
15011,스소누이,"裾縫い, すそぬい(일)","도련박기, 밑단박기"
15010,스소구치센,"裾口線, すそぐちせん(일)",바짓부리선
15009,스소구치,"裾口, すそぐち(일)",바짓부리
15008,스소,"裾, すそ(일)","도련, 밑단"
15007,스몸비,smombie(←smart phone zombie)(영),"스마트폰 몰입 보행자, 스마트폰 몰입 이동자"
15006,스목 드레스,smock dress(영),덧옷
15005,스목,smock(영),"덧옷, 일덧옷"
15004,스마트폰 베즐,smart phone bezel (영),스마트폰 테두리
15003,스마트 그리드,smart grid(영),지능형 전력망
15002,스마트 팜,smart farm(영),지능형 농장
15001,스릴,thrill(영),"긴장감, 전율"
15000,스로틀 구동 방식,throttle(영) 驅動 方式,가속기 조작 방식
14999,스냅,snap(영),똑딱단추
14998,"슈퍼 전파자, 슈퍼 스프레더","super(영) 傳播者, super spreader(영)",다수 전파 환자
14997,슈퍼 사이즈,super size(영),초대형치수
14996,슈트 케이스,suit case(영),"여행가방, 여행용가방"
14995,슈트,suit(영),"옷, 의복, 양복, 투피스"
14994,슈즈,shoes(영),"신발, 구두"
14993,슈미지어,chimisier(프),셔츠 블라우스
14992,슈거,sugar(영),설탕
14991,숭상,崇上,"높임, 돋우기, 돋움, 높이기"
14990,순산,巡山,산림 순찰
14989,숙람,熟覽,"세밀히 봄, 자세히 봄"
14988,수화인,受貨人,짐 받는 이
14987,수혜자,受惠者,혜택받는 사람
14986,수혈식석곽묘,竪穴式石槨墓,"구덩식돌곽무덤, 수혈식석곽묘"
14985,수혈식,竪穴式,"구덩식, 수혈식"
14984,수포,水疱,물집
14983,수지고,手持高,보유량
14982,수지,收支,수입과 지출
14981,수종,樹種,나무 종류
14980,"수족구, 수족구병","手足口(病), hand-foot-mouth disease(영)",손발입병
14979,수정 신고,修正申告,바로고침 신고
14978,수전,水栓,물마개
14977,수재,收載,수록
14976,수입,手入,"손질, 병기 손질"
14975,수익권,受益權,이익 받을 권리
14974,수익,收益,이익 남
14973,수익,受益,이익 받음
14972,수위,首位,"으뜸, 첫째"
14971,수용성,水溶性,"녹음성, 물에 녹음성"
14970,수심,水深,"물 깊이, 물의 깊이"
14969,수실,樹實,나무 열매
14968,수순,手順,"순서, 절차, 차례"
14967,수수방관하다,袖手傍觀--,보고만 있다
14966,수수도열병,穗首稻熱病,이삭 도열병
14965,수수,收受,받음
14964,수수,授受,주고받음
14963,수속,手續,"절차, 순서"
14962,수상자,受賞者,상 받는 이
14961,수상자,授賞者,상 주는 이
14960,수불,受拂,받음과 치름
14959,수배,手配,"찾기, 사람 찾기"
14958,수방,水防,수해 방지
14957,수반하다,隋伴--,따르다
14956,수미,鬚眉,수염과 눈썹
14955,수리,受理,"받음, 받아들임, 처리"
14954,수로지,"水路誌, sailing direction(영)",수로 안내서
14953,수로,水路,"물길, 물도랑, 뱃길"
14952,수령,受領,받음
14951,수렴,收斂,모아들임
14950,수도세,水道稅,수돗물 사용료
14949,수긍하다,首肯--,옳게 여기다
14948,수괴,水塊,해수 덩어리
14947,수경 재배,水耕栽培,물가꾸기
14946,수간 주사,樹幹注射,나무 주사
14945,"숍마, 숍마스터",shop master(영),"매장 담당, 매장 담당자"
14944,숄더 패드,shoulder pad(영),어깨심
14943,숄더 백,shoulder bag(영),어깨가방
14942,쇼핑백,shopping bag(영),장바구니
14941,쇼핑몰,shopping mall(영),"상점가, 상가"
14940,쇼트 헤어,short hair(영),짧은 머리
14939,쇼트 팬츠,short pants(영),"짧은바지, 반바지"
14938,쇼트 스커트,short skirt(영),짧은치마
14937,쇼크,shock(영),충격
14936,쇼츠,shorts(영),"짧은바지, 반바지"
14935,쇼윈도,show window(영),"진열장, 전시장"
14934,쇄정하다,鎖錠--,잠그다
14933,쇄도하다,殺到--,몰려들다
14932,송출,送出,"보내기, 내보내기"
14931,송달,送達,"보냄, 띄움"
14930,솔라시티,solar city(영),"태양 에너지 도시, 햇살 도시"
14929,손상,損傷,① 다침 ② 상처
14928,손금산입,損金算入,세법상 비용 인정
14927,손금,損金,손실금
14926,소화하다,消化--,불끄다
14925,소행,所行,짓
14924,소피스티케이트,sophisticate(영),"세련되다, 세련됨"
14923,소프트 릴리스,soft release(영),단계적 방사
14922,소포 목록,小包目錄,소포 발송 목록
14921,소퍼모어 징크스,sophomore jinx(영),"후속작증후군, 2년차증후군"
14920,소트,sort(영),정렬
14919,소토소데,"外袖, そとそで(일)",윗소매
14918,소타케,"總長, 總丈, そたけ(일)",총길이
14917,소채,蔬菜,채소
14916,소임,所任,맡은 일
14915,소인,消印,날짜 도장
14914,소요 자금,所要資金,"드는 자금, 필요 자금"
14913,소스,source(영),"출처, 자료, 원전"
14912,소셜 커머스,social commerce(영),공동 할인 구매
14911,소셜 애널리틱스,social analytics(영),"누리 소통망 분석 기술, 사회 관계망 분석 기술"
14910,소선,小船,작은 배
14909,소사,小使,"사환, 사동"
14908,소맥분,小麥粉,밀가루
14907,소매아키,- 明き(일),"소매트기, 소매트임"
14906,소매스소 폭,- 裾幅(일),"소매 단너비, 소매 도련너비"
14905,소데하바,"袖幅, そではば(일)","소매통, 소매너비"
14904,소데타케,"袖丈, そでたけ(일)",소매길이
14903,소데우라,"袖裏, そでうら(일)","소매안, 소매안감"
14902,소데야마,"袖山, そでやま(일)",소맷마루
14901,소데아키,"袖明き, そであき(일)","소매트기, 소매트임"
14900,소데쓰케,"袖付け, そでつけ(일)",소매달기
14899,소데구치,"袖口, そでぐち(일)",소맷부리
14898,소데구리,"袖刳,そでぐり(일)","진동, 소맷마루둘레"
14897,소데,"袖, そで(일)",소매
14896,소급하다,遡及--,거슬러 올라가다
14895,소개,疏開,분산
14894,소강,小康,"가라앉음, 주춤함"
14893,소,訴,소송
14892,셸 버튼,shell button(영),"조개단추, 조가비단추"
14891,셔틀버스,shuttle bus(영),순환 버스
14890,"셋파, 셋파도메","切羽止-め(일), せっぱどめ(일)","① 빗장박기, 빗장박음 ② 깃구멍, 깃눈"
14889,셀,cell(영),"몇 개의 세포, 몇 단위 세포"
14888,센터,center(영),"중심, 중심지, 중앙, 본부"
14887,센시티브 아이템,Sensitive Item(영),요주의 수입 품목
14886,센스,sense(영),"눈치, 분별, 분별력, 감각"
14885,세하바,"背幅, せはば(일)",뒤품
14884,세트,set(영),"벌, 한 벌"
14883,세타케,"背丈, せたけ(일)","등길이, 등기장"
14882,세타,セ-タ-(일) ← sweater(영),스웨터
14881,세키훈,"石粉, せきふん(일)","돌가루, 석분"
14880,세키자이,"石材, せきざい(일)",석재
14879,세키산,"積算, せきさん(일)",적산
14878,세정수,洗淨水,씻은 물
14877,세일즈맨,salesman(영),"외판원, 판매원, 영업사원"
14876,세일러 해트,sailor hat(영),"해군모, 해군모자"
14875,세일러 팬츠,sailor pants(영),해군바지
14874,세일러 칼라,sailor collar(영),해군복칼라
14873,세일러 룩,sailor look(영),해군복풍
14872,세이브,save(영),"① 보존 ② 갈무리, 저장"
14871,세우라,"背裏, せうら","뒷길안, 뒷길안감"
14870,세션,session(영),"부, 시간, 분과"
14869,세비로,"背廣, せびろ","신사복, 신사복정장"
14868,세븐티즈 룩,the seventies look(영),70년대풍
14867,세미나,seminar(영),"발표회, 토론회, 연구회"
14866,"세무, 세무가와","セ-ム, がわ(일)",스웨이드
14865,세리,稅吏,세무 공무원
14864,"세루, 세루사지",serge(영),서지
14863,"세라후크, 세라복","セ-ラ-服, セ-ラ-ふく(일)","세일러복, 해군복"
14862,세나카,"背中, せなか(일)",등
14861,세그먼테이션,segmentation(영),①세분화 ②조각내기
14860,세관 seals,"稅關 seals(영), customs seals(영)",세관 봉인
14859,성형석부,星形石斧,별 모양 돌도끼
14858,성토,盛土,"흙 돋움, 흙 쌓기"
14857,성어,成魚,자란 고기
14856,성돈,成豚,"다큰돼지, 어미돼지"
14855,섭외 사건,涉外事件,"외국 관련 사건, 외국인 관련 사건"
14854,설시,說示,"설명, 자세한 설명, 자세히 설명함"
14853,설루션 다큐,solution documentary(영),문제해결 다큐
14852,"설루션, 솔루션*",solution(영),"해결책, 해법"
14851,설계 경기,設計競技,설계 공모
14850,선하지,線下地,전선 통과 토지
14849,선탠,suntan(영),살갗태우기
14848,선택 사양,選擇仕様,"선택 항목, 선택 품목"
14847,선저폐수,船底廢水,배 바닥 폐수
14846,선인망,船引網,배후리
14845,선수금,先受金,미리 받은 돈
14844,선도농가,先導 農家,앞선농가
14843,선단지,先端地,피해 확산 예상지
14842,선글라스,sunglass(영),색안경
14841,선 드레스,sun dress(영),"일광욕옷, 해받이옷"
14840,석수,石獸,돌짐승
14839,석설,石屑,부스러기돌
14838,석교,石橋,돌다리
14837,석관묘,石棺墓,"돌무덤, 석관묘"
14836,석곽묘,石槨墓,"돌덧널무덤, 석곽묘"
14835,서화도,書畵圖,글씨와 그림
14834,서포터스,supporters(영),"응원단, 후원자"
14833,서티즈 룩,the thirties look(영),30년대풍
14832,"서티, 써티, 서티피케이션",certification(영),검역 증명서
14831,서큘러 스커트,circular skirt(영),원형치마
14830,서큘러,circular(영),원형
14829,서스펜더 스커트,suspender skirt(영),멜빵치마
14828,서스펜더,suspender(영),멜빵
14827,서번트 리더십,servant leadership(영),섬김지도력
14826,서밋,summit(영),"회담, 정상 회담"
14825,서머 드레스,summer dress(영),여름옷
14824,서근,茜根,"꼭두서니, 꼭두서니색, 암적색"
14823,샤포,chapeau(프),모자
14822,"샤쿠, 샤쿠시","杓子, しゃくし(일)",국자
14821,샤레트,charrette(영),집중 검토 회의
14820,생활조정수당,生活調整手當,복지 증진 수당
14819,생지01,"生地, きじ(일)","생천, 옷감"
14818,생물다양성 핫스폿,biodiversity hot spot(영),생물 다양성 집중 지역
14817,생력화,省力化,"노동력 절감, 노동력 줄이기"
14816,샘플,sample(영),"보기, 본보기, 표본"
14815,색인 목록,索引目錄,찾아보기
14814,색,sack(영),배낭
14813,새틴,satin(영),수자직
14812,"새시, 새시밸트",sash belt(영),"허리띠, 장식띠"
14811,상폭,上幅,윗너비
14810,상응하다,相應--,걸맞다
14809,상신,上申,"올림, 보고"
14808,상쇄하다,相殺--,맞비기다
14807,상석,上席,윗자리
14806,상사,上司,"윗사람, 상급자, 상급 기관"
14805,상병,傷病,부상 및 질병
14804,상동,上同,위와 같음
14803,삿카,サッカ(일) ← seersucker(영),시어서커
14802,삼방틀,三方틀,3면틀
14801,산지집재,山地集材,나무 쌓기
14800,산유,産乳,젖내기
14799,산원가격,山元價格,"산지 가격(産地價格), 목재 생산지 값"
14798,산부,"三分, さんぶ(일)",서푼
14797,산간오지,山間奧地,두메산골
14796,산가쿠,"三角, さんかく(일)",세모
14795,삭스 가터,socks garter(영),양말대님
14794,삭스,socks(영),양말
14793,삭도,索道,① 밧줄 ② 하늘찻길
14792,"사회복무요원 복무관리, 트윈트라이앵글시스템","社會服務要員 服務管理, Twin triangle system(영)",전방위 복무 지원 체계
14791,사행성 게임장,射倖性 game(영)場,도박성 게임장
14790,사텡,サテン(일) ← satin(영),수자직
14789,사텐 스텟치,サテン ステッチ(일),새틴 땀
14788,사장하다,死藏--,"묵혀 두다, 썩혀 두다"
14787,사일리지,silage(영),"담근 먹이, 발효 사료, 매장 사료"
14786,사일로,silo(영),"저장탑, 저장 창고, 사료‧곡물 저장탑, 사일로"
14785,사인,私人,사삿사람
14784,사인,sign(영),"①서명, 수결 ② 신호, 암호 ③ 기호"
14783,사이키 스타일,psyche style(영),"사이키양식, 사이키델릭양식"
14782,사이즈,size(영),"크기, 치수"
14781,사이버 스쿼팅,cyber squatting(영),"도메인 불법 선점, 도메인 선점"
14780,사이버 불링,cyber bullying(영),사이버 괴롭힘
14779,사이버 멘토링,cyber mentoring(영),누리 상담
14778,사이바라,細腹,옆길
14777,사이드 벤츠,side vents(영),옆트임
14776,사이,"才, さい(일)",재
14775,사의,辭意,"사직할 뜻, 사퇴할 뜻"
14774,사의,謝意,고마운 뜻
14773,사용,使用,"씀, 부림"
14772,사열,査閱,"조사, 검문"
14771,사시코미,"差込, 差-し-込-み(일), さしこみ(일)","꽂개집, 콘센트"
14770,사상,私傷,사적 부상
14769,사사오입,四捨五入,반올림
14768,사빈,砂濱,모래해안
14767,사브리나 팬츠,sabrina pants(영),맘보바지
14766,사리도,砂利道,자갈길
14765,사료하다,思料--,생각하다
14764,사라사,"更紗, さらさ(일)","납방염, 바티크"
14763,사각뿔깡,- かん(일),사각뿔고리
14762,사가리가타,"下がりかた, さかりかた(일)",처진어깨
14761,삥바리,,핀꽂이
14760,삔봉,,바늘꽂이
14759,"뼈연모, 골각기",骨角器,뼈뿔연모
14758,뼁끼,ペンキ(일)←paint(영),페인트
14757,빽바지,tight pants(영),"낀바지, 꼭낀바지"
14756,빙정,氷晶,얼음 결정
14755,빔 커버리지,beam coverage(영),"수신 권역, 위성 수신 권역"
14754,빈티지 클로딩,vintage clothing(영),재고 의류
14753,빈지뷰잉,binge-viewing(영),몰아보기
14752,빈사 상태,瀕死狀態,다 죽은 상태
14751,빈발하다,頻發--,"자주 생기다, 자주 일어나다"
14750,비품,備品,비소모품
14749,비타민 컬러,vitamin color(영),비타민색
14748,비치 웨어,beach wear(영),해변복
14747,비치 샌들,beach sandal(영),해변샌들
14746,비치 드레스,beach dress(영),해변옷
14745,비치 가운,beach gown(영),해변가운
14744,비즈플라자,biz plaza(영),사업마당
14743,비즈쿨,biz-cool(영),"경영 체험, 경영 체험 학교"
14742,비즈링,Biz-Ring(영),홍보용 통화 연결음
14741,비즈니스웨어,business wear(영),사무복
14740,비즈니스 센터,business center(영),"사업소, 사업처"
14739,비즈니스 셔츠,business shirt(영),사무셔츠
14738,비주얼 머천다이징,visual merchandising(영),"시각 상품 전략, 시각적 상품 전략, 시각 상품 기획, 시각적 상품 기획"
14737,비주얼 마케팅,visual marketing(영),진열 판매
14736,비주얼 노블,visual novel(영),소설형 게임
14735,비주거용,非住居用,주거용이 아닌
14734,비종,肥種,"비료 종류, 비료의 종류"
14733,비조칸,"尾錠, びじょうかん(일)",조름단장식
14732,비조,鼻祖,시조
14731,비스코스 레이온,viscose rayon(영),인견(人絹)
14730,비스론,,열림지퍼
14729,비상 콜,非常 call(영),비상 호출
14728,비비드 컬러,vivid color(영),원색
14727,비말,"飛沫, droplet(영)",침방울
14726,"비로도, 블루드",天鵝絨ビロ-ド(일) ← veludo(포),벨벳
14725,비등하다,沸騰--,"끓어오르다, 물 끓듯 하다"
14724,비드,bead(영),구슬
14723,비니루,ビニ-ル(일)←vinyl(영),비닐
14722,비근한,卑近-,가까운
14721,블루콘텐츠,blue contents(영),해양 문화자원
14720,블루 진,blue jean(영),청바지
14719,블루,blue(영),"파랑, 파랑색"
14718,블록 패턴,block pattern(영),기본 옷본
14717,블로 바이 가스,Blow-by Gas(영),누출 가스
14716,블렌디드 러닝,blended learning(영),"온오프 연계 교육, 온오프라인 연계 교육"
14715,블랭킷스티치,blanket stitch(영),"담요 땀, 담요 땀수"
14714,블랙 타이,black tie(영),"검정넥타이, 정장 차림"
14713,블랙 슈트,black suit(영),검정색 정장
14712,블라인드스티치,blind stitch(영),공그르기
14711,브이 넥라인,V neckline(영),브이(V)목둘레선
14710,브림,brim(영),차양
14709,브릭 스티치,brick stitch(영),벽돌수
14708,브리프,brief(영),"① 짧은 팬티 ② 요약 보고, 요약서"
14707,브리치스,breeches(영),반바지
14706,브론즈,bronze(영),청동
14705,브로케이드,brocade(영),"금, 금란, 양단"
14704,브렉시트,brexit(영),영국의 유럽연합 탈퇴
14703,브레이슬릿,bracelet(영),팔찌
14702,브레이드,braid(영),장식끈
14701,브러싱,brushing(영),"빗질, 솔질"
14700,브랜드육,brand(영)肉,"상표고기, 상표등록고기"
14699,브랜드 가치,brand(영) 價値,상표가치
14698,브랜드,brand(영),상표
14697,"브라운 백 세미나, 브라운 백 미팅","brown bag seminar, meeting(영)","도시락 토론회, 도시락 모임, 도시락 회의"
14696,브라운,brown(영),갈색
14695,뷰티 스폿,beauty spot(영),장식점
14694,뷰티 살롱,beauty salon(영),미용실
14693,붐,boom(영),"대유행, 성황, 대성황"
14692,불우 이웃,不遇--,어려운 이웃
14691,불요존국유림,不要存國有林,준보전 국유림
14690,불망,佛網,"프랑스 망사, 프랑스 레이스"
14689,불구,不具,"장애, 신체 장애"
14688,불가항력,不可抗力,어쩔 수 없음
14687,분지,分枝,곁가지
14686,분쟁 닥터,紛爭 doctor(영),분쟁 조정 전문가
14685,분장하다,分掌--,"나누어 맡다, 나누어 맡아 처리하다"
14684,"분의, 분의 처리",紛衣 處理,"가루 묻힘, 가루 묻힘 처리"
14683,분시,分施,거름 나눠 주기
14682,분수림,分收林,"이익 나눔 숲, 수익 분배림"
14681,분말염료,粉末染料,가루물감
14680,북카페,book café(영),책카페
14679,부후목,腐朽木,썩은 나무
14678,부패과,腐敗果,썩은 과실
14677,부츠,boots(영),"목구두, 목긴구두"
14676,부외 원가,簿外 原價,장부 외 원가
14675,부언하다,附言--,덧붙여 말하다
14674,부어,"浮魚, Pelagic fish(영)",표층 어류
14673,부심하다,腐心--,"애쓰다, 힘쓰다"
14672,부스,booth(영),"~관, 공간"
14671,부석,浮石,뜬돌
14670,부상하다,浮上--,떠오르다
14669,부목,附木,덧댐 나무
14668,부르텔 배색,- 配色,털 배색
14667,부르마,ブルマ -(일) ← bloomers(영),블루머
14666,부랑인,浮浪人,떠돌이
14665,"부대되다, 부대하다",附帶--,딸리다
14664,부대도,部隊渡,부대 납품
14663,부대 항소,附帶抗訴,딸림 항소
14662,부대시설,附帶施設,딸린 시설
14661,부기하다,附記--,덧붙여 기재하다
14660,봉상 관창,棒狀 管槍,막대관창
14659,봉비,縫飛,뜀땀
14658,봉독,蜂毒,벌독
14657,볼륨,volume(영),양감
14656,"볼런티어, 볼룬티어*",volunteer(영),자원봉사자
14655,본무,本務,"주무, 보조, 본 업무, 맡은 일"
14654,복항,復航,귀항(歸航)
14653,복종,服種,"종류, 옷종류, 품목, 옷품목"
14652,복싱데이,boxing day(영),자선의 날
14651,복본,複本,겹본
14650,복대리인,復代理人,겹대리인
14649,보파,補播,덧뿌림
14648,보트 넥라인,boat neckline(영),배 모양 목둘레선
14647,"보텀, 보텀즈",bottoms(영),하의
14646,보탄쓰케,ボダンつけ(일),단추달기
14645,"보태닉 공원, 보타닉 공원*",botanic park(영),"생태 공원, 식물원"
14644,보철 차량,補綴 車輛,장애유공자 차량
14643,보직,補職,"담당 업무, 맡은 일"
14642,보증부 월세,monthly rent with deposit(영),보증금 있는 월세
14641,보정 요구,補正 要求,보완 요구
14640,보잔목,保殘木,잔여 나무
14639,보이시 룩,boyish look(영),소년풍
14638,보어[보아],boa(영),"털깃, 털목도리"
14637,보수교육,補修敎育,복무 지도 교육
14636,보상,補償,채워줌
14635,보상,報償,갚음
14634,보빈 케이스,bobbin case(영),북집
14633,보빈,bobbin(영),① 북 ② 북토리
14632,보브 스타일,bob style(영),단발머리
14631,보머 재킷,bomber jacket(영),전투재킷
14630,보레로,ボレロ(일) ← belero(스),볼레로
14629,보디스,bodice(영),길
14628,보디 컨셔스,body conscious(영),체형 지향
14627,보디,body(영),"①몸, 체형 ②인대"
14626,보더,border(영),머리막
14625,보당홀,button hole(영),단춧구멍
14624,보급원 하자,補給源 瑕疵,조달업체 하자
14623,보그,vogue(영),대호평
14622,보 타이,bow tie(영),나비넥타이
14621,병성감정,"病性鑑定, animal disease diagnosis(영)",동물 질병 진단
14620,병과하다,倂科--,"함께 부과하다, 동시에 부과하다"
14619,별항,別項,딴 항목
14618,별첨,別添,따로 붙임
14617,별단 예금,別段預金,별도 예금
14616,변별하다,辨別--,"가리다, 분별하다, 옳고 그름 등을 분별하다"
14615,변개하다,變改--,다르게 고치다
14614,벽지,僻地,외딴 곳
14613,벨트 루프,belt loop(영),띠고리
14612,벨 슬리브,bell sleeve(영),종(鐘)소매
14611,벨 보텀즈,bell bottoms(영),"판탈롱, 나팔바지"
14610,벤츠,vents(영),트임
14609,벤처 액셀러레이터,venture accelerator(영),"벤처 육성 기관, 벤처 육성 체계"
14608,벤더,vendor(영),중간 유통 업자
14607,베타 버전,beta version(영),시험판
14606,베이식 스타일,basic style(영),기본 양식
14605,베이비 돌 룩,baby doll look(영),"인형풍, 아기 인형풍"
14604,베이,bay(영),컨테이너 지정줄
14603,베스트01,vest(영),조끼
14602,베루벳또,ベルベット(일),벨벳
14601,베로아,べロア(일) ← velour(영),벨루어
14600,법면 보호,法面保護,비탈면 보호
14599,벌키 룩,bulky look(영),벌키풍
14598,벌키,bulky(영),부피감 있는
14597,벌크선,bulk carrier(영),산적 화물선
14596,벌채하다,伐採--,"나무 베다, 나무를 베다"
14595,벌룬 스커트,balloon skirt(영),풍선치마
14594,벌개제근,伐開除根,"나무뿌리 파내기, 나무뿌리 제거"
14593,번인 현상,burn-in(영) 現象,"잔상 현상, 화면 잔상 현상"
14592,벅스킨,buckskin(영),사슴가죽
14591,버티컬 라인,vertical line(영),수직선
14590,버튼홀 스티치,buttonhole stitch(영),단춧구멍 땀
14589,버튼홀,button hole(영),단춧구멍
14588,버튼 다운 칼라,button down collar(영),"단춧깃, 셔츠단춧깃"
14587,버즈 마케팅,buzz marketing(영),입소문 마케팅
14586,버스트 포인트,"bust point(영), BP(영)",유두점
14585,버스트 라인,bust line(영),가슴선
14584,버스트,bust(영),가슴
14583,버스,berth(영),선석
14582,버블 라인,bubble line(영),거품선
14581,버뮤다 쇼츠,bermuda shorts(영),"짧은바지, 버뮤다바지"
14580,버드 아이 위브,birds eye weave(영),"새눈직, 새눈직물"
14579,버드 스트라이크,bird strike(영),"조류 충돌 사고, 항공기 조류 충돌 사고"
14578,뱅크,bank(영),은행
14577,밸리 효과,"valley(영) 效果, valley effect(영)","후유증, 올림픽 후유증"
14576,"밸런스, 발란스*",balance(영),균형
14575,밴사,VAN(Value Added Network(영))社,"신용카드 결제망 사업자, 부가가치통신망 사업자"
14574,밴드02,Band(영),"고리, 띠, 허리띠"
14573,밴드 타이,band tie(영),띠타이
14572,밴드,Band(영),"악단, 악대"
14571,밴대너,bandana bandanna(영),홀치기 염색
14570,백화나무,白樺--,자작나무
14569,백호,"backhoe(영), バックホー(일)",굴착기
14568,백주,白晝,대낮
14567,백 드롭,back drop(영),배경막
14566,백드래프트 현상,backdraft(영) 現象,불길 역류 현상
14565,백동장,白銅匠,백통장
14564,배틀 재킷,battle jacket(영),전투재킷
14563,배트윙 슬리브,batwing sleeve(영),"박쥐소매, 박쥐날개소매"
14562,배치하다,背馳--,어긋나다
14561,배스로브,bathrobe(영),"목욕옷, 화장옷"
14560,배소,焙燒,"덖기, 가열"
14559,배리어 프리,barrier free(영),"무장벽, 장벽 없는"
14558,배럴 스커트,barrel skirt(영),항아리치마
14557,배너티 케이스,vanity case(영),화장 가방
14556,배너티 백,vanity bag(영),화장 가방
14555,배기 팬츠,vanity bag(영),자루바지
14554,배기 룩,baggy look(영),자루풍
14553,방화선,防火線,산불 저지선
14552,방형분,方形墳,"네모무덤, 방형분"
14551,방한 수갑,防寒手甲,방한 장갑
14550,방풍림,防風林,바람막이숲
14549,방진,防振,진동차단
14548,방오 도료,"防汚 塗料, antifouling Paint(영)",오염 방지 페인트
14547,방사선피폭,放射線被曝,방사선 노출
14546,방사능 물질 제염,放射能 物質 除染(decontamination(영)),방사능 물질 오염 제거
14545,방뇨,放尿,오줌누기
14544,발현,發現,"드러냄, 드러내 보임"
14543,발청하다,發錆--,"녹이 생기다, 녹이 발생하다"
14542,발아,發蛾,나방내기
14541,발부,發付,발급
14540,발병하다,發病--,병나다
14539,발발하다,勃發--,"발생하다, 일어나다"
14538,발문하다,發問--,질문하다
14537,발로넷,"ballonnets(프), ballonets(영)",수상부양장치
14536,발레 슈즈,ballet shoes(영),발레신
14535,발군의,拔群,"뛰어난, 빼어난"
14534,발광 신호,發光信號,불빛 신호
14533,반추,反芻,"새김, 되새김, 새김질, 되새김질"
14532,반즈봉,半ズボン(일),반바지
14531,반우라,半裏(일),반안감
14530,반비간,飯備間,"찬간, 반빗간"
14529,반도,バンド(일)←band(영),"고리, 띠, 허리띠"
14528,박토,薄土,메마른 땅
14527,박스 플리츠,box pleats(영),"통주름, 맞주름"
14526,박스 포켓,box pocket(영),홑입술주머니
14525,박무,薄霧,옅은 안개
14524,박멸,撲滅,"없앰, 모조리 없앰"
14523,바티크,batik(말),납방염(蠟防染)
14522,바택,bar tack(영),"빗장박음, 빗장박기"
14521,바카,馬廘,바보
14520,"바자, 바자회",bazar(영)-會,"특매장, 자선 특매장, 자선장, 자선장터"
14519,바잉오퍼,buying offer(영),구매 제안서
14518,바잉 파워,buying power(영),구매력
14517,바인딩,binding(영),① 조임쇠 ② 부착기
14516,바이콘,bicorne(영),이각모
14515,바이오메디컬 허브,biomedical hub(영),"생명 의약 중심, 생명 의약 중심지"
14514,바이오 매스,biomass(영),생물량
14513,"바이어스, 바이어스천",bias(영),"어슷끊기, 어슷끊은천"
14512,바이어,buyer(영),"구매자, 수입상"
14511,바이럴,viral(영),입소문
14510,바운드 심,bound seam(영),감싼시접
14509,바운드 심,bound seam(영),감싼시접
14508,바우하우스 스타일,Bauhaus style(독),바우하우스 양식
14507,바스켓 체크,basket check(영),"바스켓무늬, 바스켓격자무늬"
14506,바바리,burberrys(영),트렌치코트
14505,바로크 컬러,baroque color(영),"바로크색, 바로크색채"
14504,바로크 스타일,baroque style(영),바로크양식
14503,밀웜,meal worm(영),먹이용 애벌레
14502,밀사,密飼,밀집 사육
14501,밀리터리룩,military look(영),"군복 차림, 군복풍"
14500,밀리터리 페스티벌,military festival(영),군사 과학 축제
14499,미튼,mitten(영),통장갑
14498,미코미,,옆면
14497,미카에시,"見返し, みかえし(일)",안단
14496,미완성 석기,未完成石器,덜된돌연모
14495,미쓰오리누이,"三つ折り縫い, みっつおりぬい(일)","세 겹 접어 박기, 세 겹 말아박기"
14494,미쓰마키누이,"三, つ卷き縫い, みっつまきぬい",세 겹 말아 박기
14493,미싱,ミシン(일)←machine(영),재봉틀
14492,미시즈 사이즈,Mrs. size(영),부인 치수
14491,미스매치 컬러,mismatch color(영),부조화 배색
14490,미스매치 슈트,mismatch suit(영),부조화 슈트
14489,미세조로에,"店揃え, みせぞろえ(일)","상점 갖추기, 상점구색 갖추기"
14488,미석,楣石,이마돌
14487,미불용지,未拂用地,"미지급 토지, 보상금 미지급 토지"
14486,미미,"耳, みみ(일)",식서(飾緖)
14485,미모레,mi-mollet(프),"종아리, 종아리길이"
14484,미망인,未亡人,"고 ㅇㅇㅇ의 부인, 고 ㅇㅇㅇ씨의 부인, (그 외 '전사자의 부인, 순국 선열의 부인' 등 문맥에 맞게 사용)"
14483,미러 서버,mirror server(영),거울 서버
14482,미디어 스크램블,media scramble(영),매체 혼합
14481,미디어 리터러시,media literacy(영),매체 이해력
14480,미디 스커트,midi skirt(영),미디치마
14479,미드리프 재킷,midriff jacket(영),짧은재킷
14478,미드리프,midriff(영),배꼽티
14477,미드 카프 팬츠,mid calf pants(영),종아리바지
14476,미드 카프 부츠,mid calf boots(영),종아리부츠
14475,미도리,"綠, みどり(일)","녹색, 초록"
14474,미도래하다,未到來--,오지 않다
14473,미니클러스터,minicluster(영),산학연 협의체
14472,"미니아튀르, 미니어처","miniature(프), miniature(영)",세밀화
14471,미니멈 개런티,minimum guarantee(영),최소 보장 금액
14470,미니멀리즘,minimalism(영),최소주의
14469,미니멀 드레싱,minimal dressing(영),"최소 차림, 최소 차림법"
14468,미니 스타일,mini style(영),미니양식
14467,미고로아와세,"身頃合-せ(일), 身頃合-わせ(일), みごろあわせ(일)","길붙이기, 앞뒤길붙이기"
14466,미고로,"身頃, みごろ(일)",길
14465,미경산우,未經産牛,미출산소
14464,물품 수불부,物品受拂簿,물품 출납부
14463,물실크,- silk(영),유사견
14462,무환수입,無換輸入(non-payment import(영)),무상 수입
14461,무카자리,"無飾り, むかざり(일)","민짜, 민장식"
14460,"무지개천장, 아치형천장, 궁륭상천장",穹隆狀天井,반원통천장
14459,무장애 탐방로,無障礙 探訪路,평탄길
14458,무육 간벌,撫育間伐,"가꿈 솎아베기, 숲 가꿈 솎아베기"
14457,무빙 스토어,moving store(영),이동 가게
14456,무버블 패널,movable panel(영),이동식 칸막이
14455,무드,mood(영),"분위기, 정서"
14454,무네하바,"胸幅, むねはば(일)",앞품
14453,무나쿠세,"胸癖, むなくせ(일)","허리 줄임, 허리 다트"
14452,묘포,苗圃,묘목밭
14451,묘상격자,苗床格子,모판틀
14450,묘령,苗齡,묘목 나이
14449,몸뻬,もんぺ(일),"일 바지, 왜바지"
14448,목책,木柵,"나무울, 나무울타리"
14447,목재 펠릿,木材 pellet(영),목재 압축 연료
14446,모포라지,毛 - 地,모포럴천
14445,모요,"模樣, もよう(일)","모양, 무늬"
14444,모션 컨트롤,motion control(영),"동작 제어, 동작 제어법"
14443,모바일 앱,mobile app(영),"이동통신 앱, 이동통신 응용프로그램"
14442,모미타마,"揉玉, もみだま(일)","눈썹단, 눈썹시접"
14441,모도,モ-ド(일) ← mode(프),"유행, 양식"
14440,모댈리티,modality(영),협상 기본 지침
14439,모단가루,モダンガ-ル(일) ← modern girl(영),"현대 여성, 멋쟁이, 멋쟁이 여자"
14438,모닝 드레스,mourning dress(영),상복(喪服)
14437,모니터링,monitoring(영),"정보 수집, 점검, 감시, 검색"
14436,모니터,monitor(영),"① 논평자, 정보 제공자, 협찬 위원 ② 감시자 ③ 검색자"
14435,모노톤 배색,monotone(영)-配色,단색조 배색
14434,모노톤,monotone(영),"단색조, 무채색"
14433,모객비,募客費,관광객 모집 비용
14432,면접 클리닉,面接 clinic(영),"면접 지원, 면접 지원 프로그램"
14431,멤스,MEMS(Micro Electro Mechanical Systems(영)),미세 전자 기계 시스템(MEMS)
14430,"멤버십, 멤버쉽*",membership(영),"회원, 회원제"
14429,멜빵 클립,- clip(영),멜빵고리
14428,멜랑주 컬러,melange color(프),멜랑주색
14427,멘토링,mentoring(영),"후원, 상담, 지도"
14426,멘토,mentor(영),"지도자, 담당 지도자"
14425,메탈지퍼,metal zipper(영),금속지퍼
14424,메탈릭 컬러,metallic color(영),금속색
14423,메탈 클로스,metal cloth(영),금속직물
14422,메탈 드레스,metal dress(영),"금속옷, 금속재옷"
14421,메타테,目立,흠고르기
14420,메타데이터,meta data(영),"설명 데이터, 해당 대상 설명 데이터"
14419,메인 보드,main board(영),"본기판, 주기판"
14418,메이커 교육,maker(영) 敎育,창조 혁신 교육
14417,메이커,maker(영),"창조 혁신, 창조 혁신 인재"
14416,메이커,maker(영),"제작자, 제조업체"
14415,메우치,"目打ち, めうち(일)",송곳
14414,메시 백,mesh bag(영),"그물 가방, 그물짜기 가방"
14413,메시,mesh(영),망사
14412,메시,mesh(영),그물망
14411,메리야스지,medias(스) 地,"편성물, 메리야스천"
14410,메리야스,"莫大小, メリヤス(일) ← medias(西), meias(포), medias(스)","편성물, 니트"
14409,"메르스, MERS",middle east respiratory syndrome(영),중동 호흡기 증후군
14408,메가 FTA,mega FTA(영),다자간 자유 무역 협정
14407,멀티태스킹,multitasking(영),다중 작업
14406,머프,muff(영),실책
14405,머즐린,muslin(영),모슬린
14404,머시룸 해트,mushroom hat(영),버섯모자
14403,머메이드 룩,mermaid look(영),인어풍
14402,머린 룩,marine look(영),선원풍
14401,맨틀,mantle(영),망토
14400,맨즈 웨어,mens wear(영),남성복
14399,맥시 스커트,maxi skirt(영),맥시치마
14398,매트 페인팅,matte painting(영),배경 합성용 그림
14397,매트,mat(영),"깔개, 침대요, 침대용요"
14396,매칭 시스템,matching system(영),협력 체계
14395,매칭 비율,matching(영) 比率,분담 비율
14394,매스 프로덕션,mass production(영),대량 생산
14393,매목 조사,每木 調査,나무 생장 전수 조사
14392,매니페스토,manifesto(영),참공약
14391,매니저,manager(영),"지배인, 관리인, 감독"
14390,매니시 룩,mannish look(영),남성풍
14389,매니시,mannish(영),남성적
14388,망실,"網室, net screen house(영)",그물망 시설
14387,"만토, 망또",マント(일),망토
14386,만전을 기할 것,萬全- 期- -,"최선을 다하기 바람, 빈틈없이 하기 바람, 틀림없이 하기 바람"
14385,만돌린 슬리브,mandoline sleeve(영),만돌린소매
14384,만경류 제거,蔓莖類 除去,덩굴치기
14383,막사,幕舍,병영생활관
14382,"마후라, 머플러",マフラ-(일)←muffler(영),"목도리, 머플러"
14381,마토메,"纏-め(일), まとめ(일)","마무리, 끝손질"
14380,마타시타,股下,바지안길이
14379,마타도어 룩,matador look(영),투우사풍
14378,마타가미,股上,샅윗길이
14377,마키즈시,"卷, 卷壽司, まきずし(일)","김초밥, 김말이"
14376,마키,"卷き, まき(일)","필, 두루마리"
14375,마크,mark(영),"① 기호, 상표 ② 막기 ③ 표, 표지"
14374,마쿠라지,"枕地, まくらじ(일)","어깨심지, 덧심지"
14373,마쿠라,"枕, まくら(일)","어깨심, 덧심"
14372,마켓 테스트,market test(영),시범 판매
14371,마켓 셰어,market share(영),시장 점유율
14370,마케팅 리서치,marketing research(영),"시장 조사, 소비자 조사, 상품 조사"
14369,마커 비콘,marker beacon(영),항로 전파 표지
14368,마커,marker(영),"본 제작자, 타수 기록원"
14367,마커,marker(영),"표지, 식별 표지"
14366,마치,"襠, まち(일)",무
14365,마찬다이진구,マ-チャン ダイジング(일) ← merchandising(영),상품 기획
14364,마진,margin(영),"이윤, 중간 이윤"
14363,마족연,馬足椽,말굽 서까래
14362,마이크로 버스트,microburst(영),순간 돌풍
14361,마이크로 미니,micro mini(영),초미니
14360,마이크로 모멘츠,micro-moments(영),스마트폰 즉시 활용
14359,마이너 패션,minor fashion(영),소수패션
14358,마이,前(일),재킷
14357,마오 아 라 모드,mao à la mode(프),중국풍
14356,마연토기,磨硏土器,간그릇
14355,마에칸,"前閂, まえかん(일)","걸단추, 걸고리단추"
14354,마에카케,"前け, まえかけ(일)",앞치마
14353,마에우라,前裏,"앞안, 앞길안, 앞안감, 앞길안감"
14352,마에스소,"前裾, まえすそ(일)","앞도련, 앞도련선"
14351,"마에미고로, 마에미","前身頃, まえみごろ(일)",앞길
14350,마에다테,"前立-て(일), まえたて(일)","덧단, 단춧집 덧단"
14349,마에네지키센,まえねじきせん(일),"바지 앞줄, 앞주름선, 바지앞주름선"
14348,마쓰리구케,"纏り絎 け, まつりぐけ(일)",공그르기
14347,"마쓰리, 마쓰리누이","纏縫い, まつりぬい(일)","감치기, 감침, 감침질"
14346,마스터 패턴,master pattern(영),기준 옷본
14345,마스크,mask(영),"① 얼굴, 얼굴선 ② 얼굴막이 ③ 가면"
14344,마스큘린 페미닌,masculine feminine(프),남성적 여성풍
14343,마스컨 키,←master controller key(영),"주 전원 키, 주 전원 열쇠"
14342,마블링 스코어,marbling score(영),"근육 지방도, 마블링 수치"
14341,"마루도리, 종도리",宗道里,마룻도리
14340,마도매,まとめ(일),"마무리, 끝손질"
14339,마그넷 라인,magnet line(영),"말굽 라인, U자형선"
14338,링크텍스트,link text(영),연결 문서
14337,링크,rink(영),"경기장, 스케이트장"
14336,링03,ring(영),"빠짐 방지 고리, 고리"
14335,림스,LIMS(Laboratory Information Management System(영)),"정보 관리 시스템, 실험실 정보 관리 시스템"
14334,릴레이,relay(영),"중계, 계전기, 이어달리기, 이어가기"
14333,릴랙스 웨어,relax wear(영),"휴식복, 편의복"
14332,리허설,rehearsal(영),"예행연습, 총연습, 연습, 무대^연습"
14331,리플릿,leaflet(영),"광고지, 홍보지, 홍보 책자, 홍보 전단, 광고 쪽지, 홍보물, 안내문"
14330,리플레이스,replace(영),"제자리놓기, 공 제자리놓기"
14329,리프캐스팅,leaf-casting(영),종이 메움 처리
14328,리프레시 휴직,refresh(영) 休職,재충전 휴직
14327,리프레시 데이,refresh day(영),재충전의 날
14326,리틀 걸 룩,little girl look(영),소녀풍
14325,리테일러,retailer(영),소매업자
14324,리테일 스토어,retail store(영),소매점
14323,리턴,return(영),"되넘기기, 되돌아오기"
14322,리크루트 슈트,recruit suit(영),신입 사원 슈트
14321,리컨스트럭션,reconstruction(영),"재구축, 개조"
14320,리카피,recopy(영),재복사
14319,리조트웨어,resort wear(영),휴가복
14318,리전트 스타일,regent style(영),리전트 양식
14317,리어휠,rear wheel(영),뒷바퀴
14316,리스크,risk(영),"손실 우려, 손실 위험"
14315,리스,lease(영),빌림
14314,리쇼어링,reshoring(영),국내복귀
14313,리사이클링,recycling(영),재활용
14312,리빌드,rebuild(영),재구성
14311,"리브편, 리브아미","rib(영) 編, リブあみ(일)",고무뜨기
14310,리브 스웨터,rib sweater(영),고무뜨기 스웨트
14309,리브,rib(영),"골, 이랑"
14308,리뷰,review(영),"비평, 평론, 논평, 개관"
14307,리버서블 코트,reversible coat(영),양면코트
14306,리버서블,reversible(영),양면
14305,리바이벌,revival(영),재연
14304,리모델링,remodeling(영),"새 단장, 구조 변경"
14303,리니언시,leniency(영),"자진 신고 감면, 자진 신고 감면제"
14302,리뉴얼,renewal(영),"새 단장, 재구성"
14301,리넨,linen(영),"마, 마직물"
14300,륙색,Rücksack(독),배낭
14299,뤼슈,ruche(프),"주름 장식, 양주름 장식"
14298,룩,look(영),풍
14297,루프,loop(영),① 단추고리 ② 똬리
14296,루트,route(영),"통로, 경로"
14295,루스 룩,loose look(영),"헐렁풍, 큼직풍, 넉넉풍"
14294,루스,loose(영),"여유분, 넉넉한"
14293,료타마부치,"兩玉緣, りょたまぶち(일)","쌍입술, 쌍입술주머니"
14292,료마에,兩前,"겹여밈, 겹여밈옷, 겹자락"
14291,롱패스 / 롱 패스,long pass(영),"긴 연결, 긴 패스, 길게주기"
14290,롱런하다,long run(영)--,"장기 흥행하다, 장기 상영하다"
14289,롱 헤어,long hair(영),긴 머리
14288,롱 스커트,long skirt(영),긴치마
14287,롱 부츠,long boots(영),"긴부츠, 목긴부츠"
14286,롤러쉐이드,roller shade(영),두루마리 차양
14285,롤 모델,role model(영),"본보기, 본보기상"
14284,론칭,launching(영),"사업 개시, 신규 사업 개시"
14283,론드리,laundry(영),"세탁소, 세탁물"
14282,로힐,lowheeled shoes(영),단화
14281,"로하스, LOHAS",lifestyle of health and sustainability(영),친환경살이
14280,로테이션,rotation(영),"순환, 번돌기, 회전, 선회"
14279,로크 스티치,lock stitch(영),"틀 바느질, 재봉틀 바느질"
14278,로크 머신,lock machine(영),"오버로크틀, 휘갑치기틀"
14277,로컬 푸드,local food(영),"지역 먹을거리, 향토 먹을거리"
14276,"로컬 시네마, 로컬 인디 시네마","local cinema, local independent cinema(영)","지역 영화, 지역 독립 영화"
14275,로인 클로스,loin cloth(영),"허리옷, 요의(腰衣)"
14274,로열티,royalty(영),"사용료, 저작권료"
14273,로브 드 샹브르,robe de chambre(프),"실내복, 가정복"
14272,로브,robe(프),"옷, 가운"
14271,로버,rover(영),"순회 감시원, 사복 감시원"
14270,로맨틱,romantic(영),"낭만적, 낭만풍"
14269,로딩,loading(영),"올리기, 띄우기, 옮기기"
14268,로드 쇼,road show(영),"길거리쇼, 거리 공연, 특별 공연, 특별 상영, 순회 상영"
14267,로그인,login(영),회원 들어가기
14266,로그아웃,logout(영),회원 나가기
14265,로 웨이스트,low waist(영),낮은 허리선
14264,로 네크라인,low neckline(영),파인 목둘레선
14263,렛데루,レッテル(일) ← letter(영),"상표, 레테르"
14262,렌트 푸어,rent poor(영),세입 빈곤층
14261,"렌털, 렌탈*",rental(영),대여
14260,레퍼드,leopard(영),"표범 무늬, 표범 가죽"
14259,레트로,retro(영),복고풍
14258,레토르트 식품,retort food(영),고압 가열 살균 식품
14257,레테르,letter(네),"표, 상표"
14256,레짐,regime(영),체제
14255,레지던스,residence(영),"창작공간, 창작촌"
14254,"레절루션, 데누망","resolution(영), denoument(프)",결말
14253,레저 웨어,leisure wear(영),여가복
14252,레저,leisure(영),"여가, 여가 활동"
14251,레자,レジャ(일) ← leather(영),인조 가죽
14250,레일 바이크,rail bike(영),레일 자전거
14249,레인 코트,rain coat,비옷
14248,레이온,rayon(영),"인조 고치실, 인조견, 인조견사, 비단"
14247,"레이어드룩, 레이어 룩, 레이어드 룩",layered look(영),"겹쳐입기 차림, 겹쳐입기풍"
14246,레어템,rare-tem(영),희귀품
14245,레디메이드,ready-made(영),기성복
14244,레디 투 웨어,ready to wear(영),기성복
14243,레드 오션,red ocean(영),포화 시장
14242,레그 워머,leg warmer(영),다리토시
14241,레그 오브 머튼 슬리브,leg of mutton sleeve(영),양다리소매
14240,레그 라이너,leg liner(영),고리바지
14239,"러플칼라, 리플칼라",ruffle collar(영),주름장식 칼라
14238,러플,ruffle(영),주름장식
14237,러키,lucky(영),행운
14236,러시아워,rush hour(영),"몰릴 때, 붐빌 때, 혼잡 시간"
14235,러시 티켓,rush ticket(영),공연 직전 할인표
14234,러닝 톱,running top(영),탱크톱
14233,러닝 스티치,running stitch(영),홈질
14232,러닝,running(영),달리기
14231,러너,runner(영),기는 줄기
14230,"랩 어라운드 스커트, 랩 오버 스커트",wrap around skirt(영),랩치마
14229,랜싯,lancet(영),채혈침
14228,랜섬웨어,ransomware(영),금품 요구 악성 프로그램
14227,란제리 드레스,lingerie dress(영),"속옷, 여성용속옷"
14226,란제리,lingerie(프),"속옷, 여성용속옷"
14225,라펠,lapel(영),아랫깃
14224,라인스톤,rhinestone(영),인조 다이아몬드
14223,라이프태그,life tag(영),생명 팔찌
14222,라이프 케어,life care(영),건강 돌봄
14221,라이트 블루,light blue(영),하늘색
14220,라이스 클레이,rice clay(영),쌀찰흙
14219,라이센스,licence(영),"인허가, 수출입인허가"
14218,라이브 폴,live poll(영),"여론 조사, 실시간 여론 조사"
14217,라이딩 코트,riding coat(영),승마코트
14216,라이닝,lining(영),안감
14215,라운지용,lounge(영),휴게실용
14214,라운지 슈트,lounge suit(영),신사복 정장
14213,라운드 테이블,round table(영),원탁회의
14212,라운드 칼라,round collar(영),둥근칼라
14211,라벤더,lavender(영),연보라
14210,라디엔티어링,radienteering(영),라디오 여행
14209,"땡땡이, 땡땡이 무늬","點點, てんてん(일)","물방울, 물방울무늬"
14208,딜레이,delay(영),지연
14207,디퓨전 숍,diffusion shop(영),보급점
14206,디파트먼트 스토어,department store(영),백화점
14205,디오더런트,deodorant(영),체취 제거제
14204,디스플레이어,displayer(영),전시 연출가
14203,디스카운트 세일,discount sale(영),할인 판매
14202,"디스카운트, 디시, DC",discount(영),"에누리, 할인"
14201,디스카운트 스토어,discount store(영),할인 판매점
14200,디바이드 스커트,divided skirt(영),치마바지
14199,디렉션 컬러,direction color(영),"제안색, 주도색"
14198,디너 재킷,dinner jacket(영),만찬재킷
14197,디너 드레스,dinner dress(영),만찬복
14196,등요,登窯,굴가마
14195,등광,燈光,등댓불
14194,드립,drip(영),수분
14193,드림 스타트 센터,dream start center(영),희망 가꿈터
14192,드롭 숄더,dropped shoulder(영),내린 어깨선
14191,드로스트링 백,drawstring bag(영),"끈가방, 맬끈가방"
14190,드로스트링,drawstring(영),"끈, 맬끈"
14189,드레이핑,draping(영),입체 재단
14188,드레이프,drape(영),"주름, 커튼"
14187,드레이퍼리,drapery(영),현의(懸衣)
14186,드레싱 가운,dressing gown(영),화장복
14185,드레스메이커,dressmaker(영),"양재사, 양장점"
14184,드레스 업,dress up(영),"성장(盛裝), 예장"
14183,드레스 셔츠,dress shirts(영),와이셔츠
14182,드레스 메이킹,ドレスメ-キング(일) ←dress making(영),"여성복 제조업, 아동복 제조업, 양재"
14181,드레스,dress(영),"옷, 의복"
14180,"드라이클리닝, 드라이 클리닝",drycleaning(영),"마른 세탁, 건식 세탁"
14179,드라마 창작 클러스터,drama(영) 創作 cluster(영),드라마 창작 협력지구
14178,듀스,deuce(영),"막동점, 동점 승부"
14177,두잉 비즈니스,Doing Business(영),기업 환경 평가
14176,두블레,"doublet(프), pourpoint(프)","더블릿, 푸르푸앵"
14175,두과,"豆科, 荳科",콩과
14174,동족부락,同族部落,동족마을
14173,동자주,童子柱,동자기둥
14172,동래야유,東來野遊,동래들놀음
14171,동과,銅戈,청동꺾창
14170,동경,銅鏡,"청동거울, 동경"
14169,돗팡,"凸版, とっぱん(일)",볼록판
14168,돗파,トッパ(일),"반코트, 토퍼"
14167,돔 스커트,dome skirt(영),반구형치마
14166,돌제,突堤,"돌출둑, 수제(水制)"
14165,"돌쟁이, 석수",石手,"석수, 석수장이"
14164,돈사,豚舍,돼지우리
14163,돈두,豚痘,돼지마마
14162,독거 수용,獨居收容,독방 수용
14161,도트,dot(영),물방울무늬
14160,도태간벌,淘汰間伐,불량목 솎아베기
14159,도철문,饕餮紋,도철무늬
14158,도질토기,陶質土器,도기
14157,도작,稻作,벼농사
14156,도시,圖示,"그림으로 보임, 그려 보임"
14155,도선법,導船法,전진법
14154,도메핀,とめピン(일),고정핀
14153,"도르망 슬리브, 돌먼 슬리브",ドルマン スリ-ブ(일) ← dolman sleeve(영),"돌먼, 돌먼소매"
14152,도롯푸한마,トロップ ハンマ(일)←drop hammer(영),"떨공이, 드롭 해머"
14151,도레스,ドレス(일) ← dress(영),"옷, 의복"
14150,도래하다,到來--,"이르다, 오다, 닥치다"
14149,도라이,ドライ(일) ← dry(영),"①드라이 클리닝 ②드라이, 헤어 드라이"
14148,도과하다,到過--,경과하다
14147,도과,到過,"경과, 넘김, 기간 넘김"
14146,도거,陶車,물레
14145,덴핀,天秤,실채기
14144,덴센,傳線,"풀린 올, 올 풀림, 전선(傳線)"
14143,덴구,"天狗, てんく(일)",코단
14142,덱 슈즈,deck shoes(영),선상화
14141,덱 로드,deck road(영),"툇마루 산책길, 툇마루 등산길"
14140,"데커레이션, 데코레이션*",decoration(영),"장식, 장식품"
14139,데자인,デザイン(일) ← design(영),디자인
14138,데일리 웨어,daily wear(영),평상복
14137,데이터클리닝,data cleaning(영),자료 점검
14136,데이터 뱅크,data bank(영),자료 은행
14135,데이타임 웨어,daytime wear(영),"외출복, 주간복"
14134,데이 글로 컬러,day glo color(영),형광색
14133,데스크,desk(영),① 부서장 ② 취재 책임자 ③ 책상
14132,데뷔 웨어,dbut wear(영),데뷔복
14131,데마친,手間賃,품삯
14130,데마치,手待-ち(일),"기다림, 대기"
14129,데마르슈,démarche(프),외교적 조치
14128,데마,手間,"품, 품삯"
14127,데릭,derrick(영),짐올림틀
14126,데가키,手畵き(일),손그림
14125,던들 스커트,dirndle skirt(영),던들치마
14124,더그아웃,dug out(영),선수 대기석
14123,"더블즈, 더블즈 게임","doubles, doubles game(영)",복식 경기
14122,더블스택트레인,DST(Double Stack Train(영)),이단 적재 열차
14121,더블 폴트,double fault(영),"두 번 실패, 동시 반칙"
14120,더블 칼라,double collar(영),이중칼라
14119,더블 스티치,double stitch(영),쌍땀
14118,더블 스커트,double skirt(영),이중치마
14117,"더블 브레스트, 더블 브레스트 버튼",double breasted button(영),"겹자락, 겹여밈"
14116,더불미카에시,double(영) - みかえし(일),두 겹 안단
14115,더미 커플링,dummy coupling(영),"호스걸이, 호스막이"
14114,댄스 드레스,dance dress(영),무도복
14113,대호,大壺,큰항아리
14112,대향하다,對向--,마주보다
14111,대포폰,大砲 phone(영),명의 도용 휴대 전화
14110,대포통장,大砲通帳(a fake deposit bank pass book(영)),명의 도용 통장
14109,대포차,大砲車,명의 도용 차량
14108,대충 장비,代充 裝備,대체 장비
14107,대체 수지,代替收支,대체 수입 지출
14106,대중소 그린파트너십,大中小 green partnership(영),"녹색 경영 협력, 대중소 녹색 경영 협력"
14105,대수망,,소매 다림대
14104,대석기법,臺石技法,모루떼기
14103,대석,臺石,"받침돌, 모룻돌, 돌모루"
14102,대서하다,代書--,"대리 작성 하다, 대신 작성하다"
14101,대상자 풀,對象者 pool(영),대상자 집단
14100,대부호,臺附壺,굽다리항아리
14099,대부직구호,臺附直口壺,굽다리곧선입항아리
14098,대부장경호,臺附長頸壺,굽다리긴목항아리
14097,대부완,"臺附碗, 臺附盌",굽접시
14096,대부소호,臺附小壺,굽다리단지
14095,대부발,臺附鉢,굽다리바리
14094,대부 계약 대부료,貸付契約 貸付料,임대료
14093,대량,大樑,대들보
14092,대금사정,代金査定,가격산출
14091,대구,帶鉋,허리띠패
14090,대관,對官,관공서 상대
14089,당판문,唐板門,우리판문
14088,당초문,唐草紋,"덩굴 무늬, 당초 무늬"
14087,당꼬 바지,男工 -,홀쭉이바지
14086,당관,當館,"우리 공관, 우리 대사관, 우리 총영사관"
14085,당간지주,幢竿支柱,"당간버팀돌, 당간지주"
14084,닷쿠,タック(일) ← tuck(영),"접박기, 접박기주름, 턱"
14083,"닷집, 당가",唐家,닫집
14082,담묵,淡墨,"엷은먹, 담묵"
14081,닭도리탕,-とり(일)[鷄]-湯,닭볶음탕
14080,달고,"ram, rammer",달구
14079,단조,鍛造,"두드리기, 단조"
14078,단자쿠,"短冊, たんざく(일)",덧단
14077,단실분,單室墳,외칸무덤
14076,단도마연토기,丹塗磨硏土器,적색간토기(red burnished pottery)
14075,단곽식,單槨式,외널식
14074,닥터 쇼핑,doctor shopping(영),병원 순례
14073,다후타,タフタ(일) ← taffeta(영),태피터
14072,다테 테이프,たて(일) tape(영),세로 테이프
14071,다크호스,dark horse(영),복병
14070,다크 컬러,dark color(영),어두운색
14069,다케,"丈, たけ(일)",길이
14068,다치,"裁ち, たち(일)","재단, 마름질"
14067,다잉,dyeing(영),염색
14066,다이어리,diary(영),① 일기장 ② 비망록
14065,다이어뎀,diadem(영),띠왕관
14064,다이야,ダイヤ -(일) ← diamond(영),"금강석, 다이아몬드"
14063,다이애거널,diagonal(영),"능직물, 정칙능직물"
14062,다이마루,"臺丸, だいまる(일)",환편(環編) 직물
14061,"다운, 다운파카",down parka(영),오리털 파카
14060,다운 코트,down coat(영),오리털 코트
14059,다운스트림,downstream(영),"아래 흐름, 아랫단계 흐름"
14058,다우너 소,downer cow(영),앉은뱅이 소
14057,다쓰,タ-ツ(일) ← dart(영),다트
14056,다스키,"襷, たすき(일)",멜빵
14055,다마부치아나,"玉緣穴, たまぶちあな(일)",입술 단춧구멍
14054,"다마부치, 다마부치누이","玉緣縫い, たまぶちぬい(일)",감싼시접
14053,다대기,たたき,"다짐, 다진 양념"
14052,다뉴경,多鈕面,"꼭지거울, 두꼭지거울"
14051,"님비, NIMBY",not in my backyard(영),지역 이기주의
14050,니팅,knitting(영),"편물, 편직"
14049,니트 웨어,kint wear(영),니트옷
14048,니타,ニッタ-(일) ← knitter(영),"편성물 제조업, 편성물 제조업자"
14047,"니커 보커즈, 니커즈",knicker bockers(영),"무릎바지, 무릎조인바지"
14046,니즈,needs(영),"수요, 바람"
14045,니마이소데,"二枚袖, にまいそで(일)",두 장 소매
14044,니꾸사꾸,リックサック(일)←Rucksack(독),배낭
14043,"니기리, 니기리즈시",握鮨,생선초밥
14042,니 하이 삭스,knee high socks(영),무릎양말
14041,니 하이 부츠,knee high boots(영),무릎장화
14040,니 팬츠,knee pants(영),무릎바지
14039,니 렝스,knee length(영),"무릎길이, 무릎기장"
14038,뉴트럴 톤,neutral tone(영),"중성 색조, 중간 색조"
14037,뉴트럴 컬러,neutral color(영),"중성색, 중간색"
14036,뉴욕 트래디셔널,New York traditional(영),전통 뉴욕풍
14035,뉴똥,,명주
14034,뉴 트래디셔널,new traditional(영),신 전통풍
14033,뉴 토라,ニュ - トラ(일),신 전통풍
14032,뉴 웨이브패션,new wave fashion(영),신경향 패션
14031,뉴,紐,끈
14030,누이시로,"縫代, ぬいしろ(일)",시접
14029,누이센,"縫線, ぬいせん(일)",솔기선
14028,누이메,"縫目, ぬいめ(일)","땀, 박음새, 박음꼴"
14027,누수답,漏水畓,시루논
14026,누수,漏水,"새는 물, 물이 샘"
14025,누노메,"布目,ぬのめ (일)","올방향, 천결"
14024,농후 사료,濃厚飼料,기름진 먹이
14023,농아자,聾啞者,청각 언어 장애인
14022,농아,聾啞,"청각·언어 장애, 청각·언어 장애인"
14021,농무 현상,濃霧現象,짙은 안개 현상
14020,놉 얀,knop yarn(영),"놉사, 놉실"
14019,논 슬립,non slip(영),"미끄럼 방지물, 미끄럼 방지 시설"
14018,논스톱으로,nonstop(영)--,"멈추지 않고, 곧바로"
14017,논 페이퍼,non-paper(영),비망록
14016,논 에이지 패션,non age fashion(영),전연령 패션
14015,녹색어머니회,綠色---會,녹색학부모회
14014,녹사료,綠飼料,푸른 사료
14013,녹다운방식 수출,knockdown(영) 方式 輸出(export),현지 조립식 수출
14012,노형,爐形,① 원자로 형태 (원자력 발전 분야에서 쓰일 때) ② 용광로 형태 (원자력 발전 외의 분야에서 쓰일 때)
14011,노폭,路幅,"길 폭, 길 너비"
14010,노파심,老婆心,"염려, 걱정, 쓸데없는 걱정"
14009,노킹,knocking(영),이상 폭발
14008,노치 칼라,notch collar(영),파임깃
14007,노치,notch(영),"가위집, 가위집내기"
14006,노천요,露天窯,한뎃가마
14005,노지,爐址,"불자리, 노지"
14004,노즈,nose(영),"코, 코치기, 채머리 끝"
14003,"노정하다, 노정되다",露呈--,"드러내다, 드러나다, 나타내다, 나타나다"
14002,노점상,露店商,거리 가게
14001,노작,勞作,"힘써 일함, 역작"
14000,노이즈 스크린,noise screen(영),소음 방지막
13999,노이즈,noise(영),"잡음, 소음"
13998,노이로제,neurose(독),신경 쇠약
13997,노유자 보호,老幼者 保護,노약자 보호
13996,노유자,老幼者,노약자
13995,노역,勞役,"품일, 노동"
13994,노약자석,老弱者席,배려석
13993,노쇼,no show(영),예약 부도
13992,노변,路邊,길가
13991,노바시,"伸ばし, のばし(일)",늘이기
13990,노리,"乘-り(일), のり(일)","뒤트기, 뒤트임, 기울기"
13989,노동 저활용 지표,"勞動 低活用 指標, labor underutilization indicator(영)",고용 보조 지표
13988,노 웨이스트 드레스,no waist dress(영),통허리옷
13987,노 아이롱 셔츠,no iron shirt(영),민다림질 셔츠
13986,노 슬리브,no sleeve(영),민소매
13985,노 세일,no sale(영),"비매품, 비할인 판매"
13984,노 마크 찬스,no mark chance(영),"단독 기회, 단독 찬스"
13983,노 마크,no mark(영),무방비
13982,노 마진,no margin(영),원가 판매
13981,노 다림질,no(영),민다림질
13980,넥,neck(영),"채 목, 연결부, 이음매"
13979,네트워킹 포럼,networking forum(영),연석 토론회
13978,네트,net(영),"그물, 망"
13977,네클리스,necklace(영),목걸이
13976,네크포인트,neck point(영),"목점, 목중심점"
13975,네크라인,neckline(영),목둘레선
13974,네크 포인트,neck point(영),"목점, 목중심점"
13973,네지키,"寢敷き, ねじき(일)",바지주름
13972,네일 아트,nail art(영),손톱 관리
13971,네이비 블루,navy blue(영),검남색
13970,네온사인,neon sign(영),"네온등, 네온 광고, 조명판"
13969,네오클래식,neoclassic(영),신고전적
13968,네오 모더니즘,neo modernism(영),신 모더니즘
13967,네루지,ネル地(일) ← flannel(영),플란넬
13966,네고하다,nego(←negotiation)--(영),협상하다
13965,네고,nego(←negotiation(영)),"협상, 가격 협상"
13964,네가와트 시장,negawatt market(영),수요자원 거래시장
13963,"널길, 연도",羡道,"무덤안길, 연도(tomb entrance passage)"
13962,너트,nut(영),암나사
13961,냉연,"冷煙, cold smoke(영)",불 없는 연기
13960,냅색,knapsack(독),"배낭, 륙색"
13959,내추럴 톤,natural tone(영),"자연색, 자연색조"
13958,내추럴 렝스,natural length(영),"무릎길이, 무릎기장"
13957,내주,來周,다음 주
13956,내조,內助,"도움, 배우자의 도움"
13955,내역,內譯,명세
13954,내신,內申,"보고, 내부 보고"
13953,내셔널 트러스트,national trust(영),국민 신탁
13952,내셔널 랏 릴리스,national lot release(영),국가 출하 승인
13951,내사하다,內査--,은밀히 조사하다
13950,내복약,內服藥,먹는 약
13949,내방하다,來訪--,찾아오다
13948,"내레이터, 나레이터*",narrator(영),"해설자, 화자"
13947,"내레이션, 나레이션*",narration(영),"해설, 서사 작용"
13946,내러티브,narrative(영),"줄거리, 서사체, 서사물"
13945,내도하다,來到--,"도착하다, 오다"
13944,내구연한,耐久年限,"사용 가능 햇수, 견딜 햇수"
13943,내관,內罐,속통
13942,내경 검사,內景 檢査,내부 검사
13941,낭하,廊下,복도
13940,낭설,浪說,"뜬소문, 헛소문"
13939,낭보,朗報,"반가운 소식, 기쁜 소식"
13938,낫찌,ノッチ(일),"맞춤, 맞춤점, 가위집"
13937,낫사,knot(영) 絲,"놉사, 놉실"
13936,납골당,納骨堂,봉안당
13935,남바,ナンバ(일)←number(영),"번호, 호, 호수, 넘버"
13934,날조하다,捏造--,"사실처럼 꾸미다, 생으로 꾸미다"
13933,날인하다,捺印--,도장 찍다
13932,"날, 인부",刃部,"칼날, 창날(edge)"
13931,난색을 표명하다,難色- 表明--,"어려운 빛을 나타내다, 어려운 빛을 보이다"
13930,난삽하다,難澁--,어렵다
13929,난망,難忘,"잊지 못함, 못 잊음"
13928,난닝구,ランニング(일)←running shirts(영),러닝 셔츠
13927,난,卵,"알, 달걀"
13926,낙호,落戶,트랩 도어
13925,낙인,烙印,불도장
13924,낙양,落陽,석양
13923,낙상,落傷,떨어져 다침
13922,낙반,落盤,무너짐
13921,낙뢰,落雷,벼락
13920,낙도,落島,외딴섬
13919,나포하다,拿捕--,붙잡다
13918,나카오모테,"中表, なかおもて(일)",겉맞대기
13917,나침의,羅針儀,나침반
13916,나일롱,ナイロン(일) ← nylon(영),나일론
13915,나이트 캡,night cap(영),잠자리 모자
13914,나오시,"直し, なおし(일)",고침질
13913,나염,"捺染, なっせん(일)",날염
13912,나시,そでなし(일),민소매
13911,나미,糯米,찹쌀
13910,"나마코, 나마코자쿠",なまこ尺(일),곱자
13909,나라시다이,"均し臺, ならしだい(일)",마름질대
13908,나라시,"均し, ならし(일)","고루펴기, 고루놓기, 길들이기, 날음질, 연단"
13907,나라비누이,"竝び縫い, ならびぬい(일)",홈질
13906,나도,糯稻,찰벼
13905,나데바케,撫刷毛,문지름귀얄
13904,나대지,裸垈地,빈집터
13903,나나이치,なないち(일),"일자단춧구멍, 일자형단춧구멍"
13902,나나메지쓰케,"斜め躾, ななめじつけ(일)",빗금시침질
13901,나가테쓰미,長手積-み(일),길이쌓기
13900,나가소데,"長袖, ながそで(일)",긴소매
13899,깐,"鐶, かん(일) ← buckle(영)",고리
13898,깃저고리,,"배내옷, 배냇저고리"
13897,김프사,gimp(영)-絲,술실
13896,길항 작용,拮抗作用,대항 작용
13895,기합을 주다,氣合,"정신차리게 하다, 벌주다, 꾸중하다"
13894,기타케,"着丈, きたけ(일)","옷길이, 기장"
13893,기채지,起債地,채권 발행처
13892,기지,"生地, きじ(일)",①생천 ②옷감
13891,기제복,旣製服,기성복
13890,기적일,機積日,"싣는 날, 비행기에 싣는 날"
13889,기장 세액 공제,記帳 稅額 控除,장부 기록 세액 공제
13888,기작,機作,작용 원리
13887,기자미에리,刻み襟(일),"뾰족깃, 칼깃"
13886,기예,技藝,"재주, 솜씨, 기술 및 예술"
13885,기약,期約,약속
13884,기스,←きず(일),"흠, 흠집"
13883,기술유용,技術流用,기술 무단 사용
13882,기속,羈束,얽맴
13881,기성금,旣成金,중간 정산금
13880,기성고,旣成高,진척도
13879,기비,基肥,밑거름
13878,기모노 슬리브,kimono sleeve(영),기모노소매
13877,기모노 네크라인,kimono neckline(영),기모노 목둘레선
13876,기리코미,"切り込み, きりこみ(일)",가위집
13875,"기리카에, 기리카에센","切替え線, きりかえ, せん(일)",절개선
13874,기리지쓰케,"切り仕つけ, きりじつけ(일)",실표뜨기
13873,기리다마,"切玉, きりたま(일)",털방울
13872,기레이,"奇麗, きれい(일)",좋아
13871,기레쓰,"龜裂, きれつ(일)","갈램, 갈라짐, 균열"
13870,기단식 적석총,基段式積石塚,"돌기단무덤, 기단식적석총"
13869,기계적 침식,機械的浸蝕,물리적 침식
13868,급이기,給餌器,먹이통
13867,급여 기초 임금일액,給與 基礎 賃金日額,구직급여 기준액
13866,급사,給仕,"사환, 사동"
13865,급래,急來,"급히 오십시오, 급히 오시기 바랍니다"
13864,급구,急求,급히 구함
13863,금후,今後,앞으로
13862,금회,今回,이번
13861,금수성 물질,禁水性 物質,물 접촉 위험 물질
13860,금비,金肥,화학비료
13859,금반,今般,이번
13858,금명간,今明間,오늘내일 사이
13857,"금렵구, 금렵구역",禁獵區域,사냥 금지 구역
13856,금력,金力,돈의 힘
13855,금 웨이스트,金 waste(영),금 부스러기
13854,글로컬라이제이션,glocalization(영),세방화(世方化)
13853,글로시 컬러,glossy color(영),광택색
13852,글로벌 개발 펀드 프로젝트 플라자,Global development fund project plaza(영),국제 조달 사업 설명회
13851,글로벌,global(영),"지구촌, 국제적, 세계적, 국제, 세계"
13850,글레이징,glazing(영),물코팅
13849,글라스 파이버,glass fiber(영),유리섬유
13848,글라스,glass(영),"유리, 유리잔"
13847,근고공,根固工,밑막이
13846,그린 푸드 존,green food zone(영),어린이 식품 안전 구역
13845,그린워싱,greenwashing(영),친환경 위장
13844,그린시티,green city(영),녹색도시
13843,그린 터치,Green Touch(영),"컴퓨터 절전, 컴퓨터 절전 프로그램"
13842,그린 캠퍼스,green campus(영),"녹색 교정, 친환경 캠퍼스"
13841,그린 빌리지,green village(영),친환경 마을
13840,그린 레시피,green recipe(영),친환경 조리법
13839,그룹 웨어,groupware(영),공동 작업 전산망
13838,그레이프,grape(영),"포도, 포도색"
13837,그레이시 톤,grayish tone(영),회색조
13836,그레이딩,grading(영),치수 조정
13835,그러데이션,gradation(영),"바림, 농담(濃淡)법"
13834,그라인딩 머신,grinding machine(영),"연삭기, 갈이 기계"
13833,그라운드 룰,ground rule(영),경기장 규칙
13832,그라운드,ground(영),"운동장, 경기장, 구장, 야구장"
13831,그라우팅,grouting(영),메우기
13830,균열하다,龜裂,"금가다, 갈라지다"
13829,규제 프리 존,規制 free zone(영),"규제 청정 지역, 규제 자유 구역, 규제 (대폭) 완화 지역, 무규제 지역"
13828,규제 기요틴,規制 guillotine(영),규제 일괄 개선
13827,규격 봉서,規格封書,규격 봉함 편지
13826,귀석,貴石,보석
13825,귀갑문,龜甲紋,거북등무늬
13824,궐위하다,闕位--,"비다, 자리가 비다"
13823,궐석,闕席,결석
13822,"권종별, 권종별로",券種別,"우표 종류별, 우표 종류별로"
13821,권면 금액,券面金額,표기 금액
13820,권,卷,두루마리
13819,굴취하다,掘取--,"캐내다, 파내다"
13818,군직정비,軍直整備,군 직접 정비
13817,군외정비,軍外整備,군지원정비
13816,국화,國花,나라꽃
13815,국제타운,國際town(영),"국제관, 국제관지구"
13814,국부적인,局部的-,부분적인
13813,국기,國基,"국가의 기초, 국가의 근본, 나라 터전"
13812,구치베니,"口紅, くちべに(일)","연지, 입술 연지, 루주, 립스틱"
13811,구치누노,"口布, くちぬの (일)","입술감, 입술천"
13810,"구지라, 쟈쿠",くじらじゃく(일),직선자
13809,구조내력,構造耐力,"구조내구력, 구조견딜힘"
13808,구제하다,驅除--,없애다
13807,구전,口傳,말로 전함
13806,구유 재산,區有財産,구 소유 재산
13805,"구연부, 아가리",俱緣部,입술아가리
13804,구연부,口緣部,아가리
13803,구쓰헤라,"靴篦, くつへら(일)",구두주걱
13802,구쓰즈레,"靴擦れ, くつづれ(일)",신바대
13801,구시누이,"串縫い, くしぬい (일)",홈질
13800,구순각목토기,口脣刻目土器,골아가리토기
13799,구세토리,"癖取り, くせとり(일)","몸새맞춤, 형태잡기, 모양잡기"
13798,구상하다,求償--,"배상을 요구하다, 보상을 요구하다"
13797,구상 번개,"球狀, balllightning(영)",공 모양 번개
13796,구사리누이,"鎖縫い, くさりぬい(일)",사슬뜨기
13795,구보,驅步,달리기
13794,구변,口辯,말솜씨
13793,구명동의,救命胴衣,구명조끼
13792,구매패턴,購買 pattern(영),구매 유형
13791,구로,"黑, くろ (일)","검정, 검정색"
13790,구레빠지,クレバネット(일),"크래버넷, 방수개버딘"
13789,구곡,舊穀,묵은 곡식
13788,구경,口徑,지름
13787,구가타,"舊型, きゅうがた(일)","낡은 모양, 구형"
13786,교환 차금,交換差金,교환 차액
13785,교차 오염,cross-contamination(영),전이 오염
13784,교육 훈련,Education & Training(영),인재 개발
13783,교염,絞染,홀치기염(染)색
13782,교시하다,敎示--,"가르치다, 가르쳐 주다, 알려 주다"
13781,교반기,攪拌機,섞음 기계
13780,"교목, 교목성",喬木性,"큰키나무, 큰키나무성"
13779,교구,交鉤,띠고리
13778,괴운문,怪雲紋,구름무늬
13777,괴뢰,傀儡,꼭두각시
13776,괘불,掛佛,"걸개불화, 괘불"
13775,광해,鑛害,광업 피해
13774,광분하다,狂奔--,미쳐 날뛰다
13773,광미,鑛尾,광물 찌꺼기
13772,광구소호,廣口小壺,입큰귀때단지
13771,괄목하다,刮目--,놀랄 만하다
13770,관행농법,慣行農法,"전통농법, 관행농법"
13769,관지,冠芝,머리떼
13768,관조정비,"觀照整備, contemplation maintenance(영)",길들이기 정비
13767,관정,棺釘,"널못, 관못"
13766,관정,管井,대롱우물
13765,관재 업무,管財業務,재산 관리 업무
13764,관장하다,管掌--,"담당하다, 맡다, 맡아 보다, 처리하다"
13763,관인,官印,기관 도장
13762,관용,官用,관청용
13761,관물대,管物臺,"개인 보관함, 개인 물건 보관함, 사물함"
13760,관대,棺臺,널받침
13759,관급 자재,官給資材,관공급 자재
13758,관급,官給,"관공서 지급, 관공서에서 지급"
13757,관개 수심,灌漑水深,"물 대는 깊이, 물 댄 깊이"
13756,과피,果皮,열매 껍질
13755,과표 신장률,課標伸張率,과세 표준 증가율
13754,과총,果叢,"과실 송이, 과실 송이 무리"
13753,과중,果重,열매 무게
13752,과오 지급,過誤支給,잘못 지급
13751,과소 납부 세액,過小納付稅額,부족 납부 세액
13750,과세이연,課稅移延,납세 기한 연장
13749,과세 쟁점 자문,課稅爭點諮問,과세 사실 판단 자문
13748,과세 기준 자문,課稅基準諮問,과세 법령 해석 자문
13747,과대 계상,過大計上,"과대 반영, 과다 반영"
13746,공항 하이웨이,空港 highway(영),공항고속도로
13745,공한,公翰,공식 편지
13744,공하다,供--,"① (~에) 사용하다, 사용되다, 쓰이다 ② (~에) 제공하다, 주다, 바치다"
13743,공지,空地,"빈 땅, 빈터"
13742,공열토기,孔列土器,공렬토기
13741,공실,空室,빈방
13740,공식,共食,서로 잡아먹기
13739,공사 현장 대리인,工事現場代理人,공사 현장 책임자
13738,공사 공정 예정표,工事工程豫定表,공사 일정표
13737,공부,公簿,공용 장부
13736,공기,工期,공사 기간
13735,공간포,空間包,"공간포, 주간포"
13734,골촉,骨鏃,뼈활촉
13733,골바지,,줄무늬바지
13732,골목,榾木,"버섯 나무, 버섯 재목"
13731,곤포,梱包,"압축 포장, 뭉치"
13730,곡저분지,谷低盆地,골 밑 분지
13729,곡자,"麴子, 麯子",누룩
13728,고지 의무,告知義務,알릴 의무
13727,고즈,gauze(영),"①거즈 ②나, 사"
13726,고죽,枯-,마른 줄기
13725,고주,高柱,"높은기둥, 고주"
13724,고조,高潮,"높은 파도, 높이 인 파도"
13723,고정,苦情,"불평, 불만"
13722,고장,尻長,엉덩이 길이
13721,고용주,雇用主,사업주
13720,고어 스커트,gored skirt(영),무치마 고어치마
13719,고어,gore(영),무
13718,고시타케,腰丈,엉덩이길이
13717,"고시마와리센, 고시센","腰回り線, こしまわりせん(일)","허리 둘레선, 엉덩이 둘레선"
13716,고시마와리,"腰回り, こしまわり(일)","①허리 둘레, 허리 통 ②엉덩이 둘레"
13715,고시,"腰, こし(일)",① 허리 ② 엉덩이 ③ 빳빳함
13714,고석,敲石,공이돌
13713,고사목,枯死木,죽은 나무
13712,고박,固縛,"화물 고정, 화물 묶기"
13711,고바 스티치,ごび(일) stitch(영),끝스티치
13710,"고무아미, 고무편","ゴムあみ, ゴム編(일)",고무뜨기
13709,고마타,"小股, こまた(일)","샅기장, 샅길이"
13708,고로시,"殺し, ころし(일)","비벼내기, 끝손질"
13707,고데 플리츠,godet pleats(영),고데주름
13706,고가의,高架-,공중에 설치하는
13705,계자각난간,鷄子閣欄干,"닭볏난간, 계자각난간"
13704,계상하다,計上--,"계산하여 반영하다, 셈에 넣다"
13703,계류 의안,繫留議案,검토 안건
13702,계두,鷄痘,닭마마
13701,경출엽,莖出葉,줄기잎
13700,경축순환자원화센터,耕畜循環資源化 center(영),"농업재활용사업소, 농업재활용센터"
13699,경질 신고,"更迭 申告, 更佚 申告",후견인 바뀜 신고
13698,경종 농업,耕種農業,갈이 농사
13697,경정하다,更正--,"고치다, 다시 고치다"
13696,경정조사,更正調査,바로잡음 조사
13695,경정 결정하다,更正決定--,바로잡다
13694,경정,更正,"고쳐 잡음, 다시 고침"
13693,경의실,更衣室,"탈의실, 옷 갈아입는 곳"
13692,경운지,耕耘地,"경작지, 농사짓는 땅"
13691,경승,警僧,"경찰 스님, 경찰 위촉 스님"
13690,경수,硬水,센물
13689,경색,梗塞,막힘
13688,경산우,經産牛,출산소
13687,경봉,警棒,경찰봉
13686,경방,警防,경계하여 지킴
13685,경목,警牧,"경찰 목사, 경찰 위촉 목사"
13684,경료하다,經了--,마치다
13683,경락인,競落人,경매 낙찰자
13682,경락인,競落人,"경매 차지한 이, 경매 붙은 이"
13681,경락,競落,경매차지
13680,경동,傾動,기울어짐
13679,경도,硬度,"굳기, 굳음새"
13678,"경구투약, 경구투여","經口投藥, 經口投與",복용약 주기
13677,경개,更改,"채무 변경, 채무 바꿈"
13676,경,莖,줄기
13675,겸유,兼有,"아울러 가짐, 아울러 지님"
13674,결호,缺號,빠진 호
13673,"결합식 낚시, 조합식 조침",組合式釣針,조합식 낚시바늘
13672,결합 금구,結合金具,결합 철물
13671,결하다,缺--,"없다, 빠지다"
13670,결손 가족,缺損家族,"한부모 가족, 조손 가족"
13669,결속엽,結束葉,① 묶은 담배 ② 꼭짓잎
13668,결석계,"缺席屆, けつせきとどけ(일)","결석 신고, 결석 신고서"
13667,결번,缺番,"없는 번호, 빠진 번호"
13666,결문,結文,맺는 글
13665,결구,結構,짜임새
13664,결구,結球,속들이
13663,결감,缺減,감소
13662,견형,繭形,고치 모양
13661,견출장,見出帳,"찾음장, 색출부, 색출장"
13660,견책,譴責,주의
13659,견질토,堅質土,"단단한 땅, 단단한 흙"
13658,견중,繭重,고치 무게
13657,견주로,犬走路,작업 통로
13656,견자,見刺,색대
13655,견양,見樣,"서식, 보기, 본, 본보기"
13654,견습,見習,수습
13653,견사,繭絲,고치실
13652,견면,繭綿,"고치솜, 풀솜"
13651,견관절,肩關節,어깨 관절
13650,견갑골,肩胛骨,어깨뼈
13649,견,繭,고치
13648,격휴교호벌채법,隔畦交互伐採法,이랑건너 번갈아베기
13647,격지자 간,隔地者間,멀리 있는 사람 사이
13646,격지,隔地,멀리 떨어진 곳
13645,"격자문, 격자창","格子門, 格子窓","문살문, 살창, 살문, 격자문, 격자창"
13644,격자문,格子紋,격자무늬
13643,격부,格付,매김
13642,격벽,隔璧,칸막이벽
13641,격물,隔物,떨어진 물건
13640,격납,格納,넣어 둠
13639,겐치이시,"間知石, けんちいし(일)",축댓돌
13638,겐에리 칼라,"劍襟, けんえり(일)","뾰족깃, 칼깃"
13637,겐보로,劍ボロ(일),뾰족단
13636,게첩,揭帖,내붙임
13635,게첨대,揭添臺,게시대
13634,게첨,揭添,"내붙임, 게시, 걸음, 내걸음"
13633,게징,"毛芯, けじん(일)",모심(毛心)
13632,게임머니,game money(영),게임 화폐
13631,게이트웨이,gateway(영),관문
13630,게이트 키퍼,gate keeper(영),자살 방지 도우미
13629,게이트,gate(영),"문, 기문(旗門)"
13628,게이지,gauge(영),"① 재개, 계기 ② 기준 코단수"
13627,게양하다,揭揚--,"달다, 기를 달다, 올리다, 기를 올리다"
13626,게스트,guest(영),"손님, 특별 출연자"
13625,게마와시,"蹴回し, けまわし(일)","도련, 도련 둘레, 밑단, 밑단 둘레"
13624,게꽁,けっこん(일),"봉제사, 부부봉제사"
13623,게기하다,揭記--,"싣다, 써 붙이다, 기재하다"
13622,검파형동기,劍把形銅器,대쪽모양 청동기
13621,검파두식,"劍把頭飾,",검자루끝장식
13620,검파,劍把,검자루
13619,검침원,檢針員,"조사원, 계량기 조사원"
13618,검치,檢致,"송치, 검찰청 송치"
13617,검취,檢取,"검사, 조사"
13616,검초부속구,劍鞘附屬具(영),검집붙이
13615,검체,檢體,검사 대상물
13614,검척,檢尺,자로재기
13613,검찰,檢札,표 검사
13612,검진지령서,檢診指令書,검진 지시서
13611,검인,檢印,확인 도장
13610,검신,劍身-body of dagger(영),칼몸
13609,검식,檢食,음식 검사
13608,검사 일할,檢査日割,"검사 일정, 검사 날짜"
13607,검방,檢房,"수용실 검사, 방 검사, 거실 검사"
13606,검량,檢量,"수량 재기, 무게 달기"
13605,검란기,檢卵機,알 검사기
13604,검근,檢斤,"무게 재기, 무게 검사"
13603,검경,檢鏡,현미경 검사
13602,건표고,乾--,"마른표고, 말린표고"
13601,건폐율,建蔽率,대지 건물 비율
13600,건초,乾草,마른풀
13599,건착망,巾着網,주머니 그물
13598,건조,乾燥,"말림, 마름"
13597,건정,鍵錠,자물쇠
13596,건율,乾栗,말린밤
13595,건육,乾肉,마른고기
13594,건엽중,乾葉重,마른잎 무게
13593,건열,乾裂,말라 터짐
13592,건식,建式,"설치, 세움"
13591,건설 가계정,建設 假計定,"건설 중 자산, 건설 중 자산 계정"
13590,건사용 모래,乾沙用 --,"미끄럼막이 모래, 미끄럼 방지 모래"
13589,건사료,乾飼料,마른사료
13588,건사,乾飼,마른먹이
13587,건빵 포켓,- pocket(영),"건빵 주머니, 건빵 호주머니"
13586,건발기,乾髮器,"머리말리개, 머리건조기"
13585,건미역,乾--,마른미역
13584,건물지,建物址,"집터, 건물지, 집자리"
13583,건목,乾木,마른나무
13582,건면,乾麵,마른국수
13581,건마,乾麻,마른 삼
13580,건답,乾畓,마른논
13579,건널목 간수,看守,건널목 안내원
13578,"건구상, 건구점",建具商,"문짝 가게, 창호 가게"
13577,건고추,乾--,"말린고추, 마른고추"
13576,건견,乾繭,"마른고치, 고치 말리기"
13575,"건, 한 건",件,"가지 일, 한 가지 일"
13574,거화 신호,炬火信號,횃불 신호
13573,거형동기,車衡銅器,수레굴대끝씌우개
13572,거한,巨漢,몸집 큰 이
13571,거하,去夏,지난 여름
13570,거택,居宅,"집, 댁"
13569,거치하다,据置--,설치하다
13568,거치입목,鋸齒立目,"톱날 세우기, 톱니 세우기"
13567,거치문,鉅齒文,톱날무늬
13566,거치 기간,据置期間,예치 기간
13565,거증하다,擧證--,증거를 들다
13564,거중 조정,居中調停,중간 조정
13563,거어,巨魚,큰 고기
13562,거양하다,擧揚--,"들다, 올리다, 높이다, 드높이다"
13561,거싯,gusset(영),무
13560,거신,鋸身,"톱, 톱몸"
13559,거스,girth(영),둘레
13558,거수자,擧殊者,수상한 사람
13557,거세창,去勢瘡,"불친상처, 거세상처"
13556,거설,鋸屑,톱밥
13555,거사,巨事,큰일
13554,거버넌스,governance(영),"정책, 행정, 관리, 민관 협력, 협치"
13553,거반,去般,지난번
13552,거마비,車馬費,"교통비, 차비"
13551,거류,"居留, きょりゅう(일)",머물러 삶
13550,거래원,去來員,증권 회원
13549,거래 실례 가격,去來實例價格,시장 거래 가격
13548,거개,擧皆,"거의, 대개"
13547,거간,居間,"중매인, 중간 상인"
13546,거가,去家,집 떠남
13545,거,鋸,톱
13544,갹출하다,醵出--,"나누어 내다, 추렴하다"
13543,갸쿠마쓰리,"逆まつり, ぎゃくまつり(일)","거꾸로 감침, 거꾸로 감치기"
13542,갸자 스커트,ギャザ-スカ-ト(일),개더치마
13541,갱환,更換,"다시 바꿈, 교환, 교체"
13540,갱장,更裝,재포장
13539,갱생원,更生院,자립원
13538,갱생 보호회,更生保護會,새생활 지도소
13537,갱미,秔米,멥쌀
13536,갭,gap(영),"틈, 차이, 간격,"
13535,갤러리,gallery(영),"그림방, 화랑"
13534,갠트리 크레인,gantry crane(영),갠트리 기중기
13533,객혈,喀血,피 토하기
13532,객토,客土,"흙넣기, 새 흙 넣기, 새 흙"
13531,객장,客場,영업장
13530,객담,喀痰,가래
13529,개호하다,介護--,"보호하다, 보살피다"
13528,개피하다,開披--,"뜯다, 열어 보다"
13527,개품 운송,個品運送,"낱개 나르기, 낱개 운송"
13526,개칭하다,改稱--,이름을 바꾸다
13525,개축하다,改築--,"고쳐 짓다, 고쳐 쌓다"
13524,개체하다,改替--,"바꾸다, 고쳐 바꾸다"
13523,개찬,改竄,"고쳐 씀, 글자 따위를 고쳐 씀"
13522,개착,開鑿,"뚫음, 뚫기, 헤쳐뚫기"
13521,개조식,個條式,조목조목
13520,개제하다,改製--,다시 제작하다
13519,개전의 정,改悛- 情,뉘우치는 빛
13518,개전,開田,밭풀이
13517,개입권,介入權,끼어들 권리
13516,개임,改任,고쳐 임명
13515,개인,改印,"인감(印鑑) 바꿈, 인감을 바꿈"
13514,개심하다,改心--,"뉘우치다, 회개하다"
13513,개신,改新,"새로 고침, 새로 바꿈"
13512,개식,改植,다시 심기
13511,개시,開示,"펴 보임, 드러내 보임"
13510,개수통,--桶,설거지통
13509,개수비,改修費,개량 수리비
13508,개수,改修,"수리, 고치기"
13507,개쇄하다,改刷--,"개정하다, 고쳐 찍다"
13506,개소하다,開所--,열다
13505,개소,個所,"군데, 곳"
13504,개설,槪說,대충 설명
13503,개서하다,改書--,"고쳐 쓰다, 고쳐 적다, 고치다"
13502,개서,開絮,다래 벌기
13501,개산하다,槪算--,"어림잡아 계산하다, 대략 계산하다"
13500,개산급,槪算給,어림 지급
13499,개산 계약,槪算契約,어림셈 계약
13498,개산,槪算,"어림셈, 대략 계산"
13497,개비하다,改備--,"갈다, 바꾸다"
13496,개비온,gabion(영),"돌망태, 사각 돌망태"
13495,개보,改補,고쳐 넣음
13494,개벌하다,皆伐--,모두 베다
13493,개벌,皆伐,모두베기
13492,개문 냉방,開門冷房,문 연 채 냉방
13491,개묘하다,改描--,고쳐 그리다
13490,개런티,guarantee(영),출연료
13489,개량시,改良柿,개량감
13488,개더스커트,gather skirt(영),개더치마
13487,개구기,開口器,입벌리개
13486,개괘 중량,皆掛重量,총무게
13485,개관,開罐,"따기, 통조림 따기"
13484,개과하다,改過--,"회개하다, 뉘우치다"
13483,개갑 처리,開匣 處理,종자 껍질 열어 주기
13482,개각하다,改刻--,고쳐 새기다
13481,강하하다,降下--,내리다
13480,강하식,降下式,"내림식, 내림의식"
13479,강축하다,强蹴--,세게 차다
13478,강차,降車,차에서 내림
13477,강제환우,强制換羽,강제털갈이
13476,강임,强任,아랫자리 임명
13475,강선지삭,鋼線支索,지주쇠 밧줄
13474,강상,江上,강 위
13473,강삭,鋼索,쇠줄
13472,강보,襁褓,포대기
13471,강박,强迫,윽박지름
13470,강모,剛毛,센털
13469,강매,强賣,강제로 팖
13468,강류,糠類,겨붙이
13467,강력분,强力粉,차진밀가루
13466,"강도간벌, 강도 간벌",强度間伐,강솎아베기
13465,강급,降級,계단을 내림
13464,강권하다,强勸--,"강제로 권하다, 억지로 권하다"
13463,강괴,鋼塊,강철 덩어리
13462,갑충,甲蟲,딱정벌레
13461,갑지,匣紙,표지
13460,갑주,甲冑,갑옷
13459,갑각,岬角,돌출 부분
13458,감호,監護,"보호, 감독, 보호 감독"
13457,감항증명,堪航證明(certificate of airworthiness(영)),비행 적합 증명
13456,감항 능력,堪航能力,안전 항해 능력
13455,감합,嵌合,끼워 맞춤
13454,감하여,鑑--,"비추어, 살피어"
13453,감하다,減--,"줄이다, 빼다"
13452,감탈,嵌脫,박고 뽑기
13451,감찰,鑑札,"허가증, 영업 허가증, 등록증, 영업 등록증"
13450,감착,嵌着,끼워 붙임
13449,감주,甘酒,단술
13448,감저,甘藷,고구마
13447,감작,減作,"수확 감소, 경작을 줄임"
13446,감입,嵌入,끼워 넣기
13445,감우 센서,感雨 sensor(영),비 감지기
13444,감압,減壓,압력을 줄임
13443,감수,減水,물이 줆
13442,감쇠,減衰,"적어짐, 줄어짐, 약해짐"
13441,감손되다,減損--,줄어들다
13440,감산하다,減産--,"생산이 줄다, 생산을 줄이다"
13439,감미,甘味,단맛
13438,감모율,減耗率,"줄어든 비율, 닳은 비율"
13437,감모,減耗,"줄어듦, 닳음"
13436,감량,感量,가늠치
13435,감능,堪能,"견딜 수 있는 능력, 감당할 능력"
13434,감관,感管,감각 기관
13433,감,感,느낌
13432,갈취,喝取,빼앗음
13431,갈수기,渴水期,가뭄 때
13430,갈근,葛根,칡뿌리
13429,간헐적,間歇的,이따금
13428,간취하다,看取--,알아차리다
13427,간출암,干出岩,썰물 바위
13426,간주위장,幹周圍長,줄기 둘레
13425,간조,干潮,썰물
13424,간접타격,間接打擊,대고때리기(indirect flaking)
13423,간접 노무비,間接勞務費,간접 인건비
13422,간재,幹材,줄기재
13421,간장,幹長,대길이
13420,간작,間作,"사이짓기, 사이갈기"
13419,간인하다,間印--,사잇도장을 찍다
13418,간인,間印,"사잇도장,걸침도장, 이음도장"
13417,간이잠실,簡易蠶室,간이 누엣간
13416,간언,間言,이간질
13415,간식,間植,사이심기
13414,간수,看守,교도관
13413,간선,幹線,본선
13412,"간살, 간",間-,칸살
13411,간사 회사,幹事會社,① 주관 회사 ② 유사 회사
13410,간벽,間壁,"중간벽, 사이벽"
13409,간벌,間伐,솎아베기
13408,간만,干滿,썰물 밀물
13407,간단후쿠,かんたんふく(일),간편복
13406,간단없이,間斷--,끊임없이
13405,간누이,"環縫い, かんぬい(일)",사슬뜨기
13404,간기하다,簡記--,간단히 적다
13403,간극,間隙,틈
13402,간구하다,干求--,"요구하다, 바라다"
13401,간교,奸巧,"잔꾀, 간사"
13400,간계,奸計,간사한 꾀
13399,간경,幹經,대지름
13398,각호,各戶,집집마다
13397,각형토기,角形土器,팽이형토기
13396,각필,閣筆,붓을 놓음
13395,각치,角値,각도
13394,각축,角逐,겨룸
13393,각초,刻草,"살담배, 썰이, 썬담배"
13392,각장,脚長,다리 길이
13391,각자하다,刻字--,글자를 새기다
13390,각위,各位,여러분
13389,각연,刻煙,"살담배, 썰이, 썬담배"
13388,각사탕,角砂糖,각설탕
13387,각본조,各本條,각 해당 조문
13386,각반병,角班病,모무늬병
13385,각반,攪拌,"저어 섞기, 휘저어 섞기"
13384,각광,脚光,주목
13383,각개 점호,各個點呼,인원 점검
13382,각개,各個,"따로따로, 하나하나"
13381,가후스쓰게,カフス付け(일),커프스 달기
13380,가후스보당,カフスボタシ(일),"소매 접단, 소매 접단단추"
13379,가후스,カフス(일),"커프스, 소맷부리단"
13378,가환부,假還付,임시 돌려줌
13377,가호,加護,"돌봐줌, 도움"
13376,가하다,可--,"옳다, 좋다"
13375,가하다,加--,"더하다, 보태다"
13374,가피,"痂皮 crust(영), slough(영)","딱지, 부스럼 딱지"
13373,가풍,歌風,노래 맵시
13372,가표,可票,찬성표
13371,가편,加片,가외삼
13370,가통,家統,"집안 내림, 집안 계통"
13369,가토제,假土堤,임시 흙제방
13368,가토,加土,북주기
13367,가타하바,"肩幅, かたはば(일)",어깨너비
13366,가타타마,"片玉, かたたま(일)","홑입술, 홑입술주머니"
13365,가타쿠즈레,"型崩れ, かたぐずれ(일)","모양망가짐, 변형(變形)"
13364,"가타쿠세, 가타구세","肩癖, かたくせ(일)","어깨 줄임, 어깨 다트"
13363,가타이레,"型入, かたいれ(일)",옷본놓기
13362,가타와타,"肩綿, かたわた(일)","패드, 어깨심"
13361,가타아미,"か-夕-編み, か-夕-あみ(일)","가터뜨기, 펄뜨기"
13360,가타쓰케,"①肩付け(일) ②片付け, かたつけ(일)","어깨붙이기, 어깨박기"
13359,가타센,"肩線, かたせん(일)",어깨선
13358,가타사키,"肩先, かたさき(일)",어깨끝
13357,가타다마부치(가타타마부치),"片玉緣, かたたまぶち(일)","홑입술, 홑입술주머니"
13356,가타누이메,"肩縫目, かたぬいめ(일)","어깨솔, 어깨솔기"
13355,가타누이,"肩縫い, かたぬい(일)",어깨박기
13354,가타가미,"型紙, かたがみ(일)","옷본, 종이옷본"
13353,가타,"肩, かた(일)",① 어깨 ② 불량배 ③ 어깨(반지의 한 부분) ④ 어깨심
13352,가쿠자이,角材,각재
13351,가쿠시,"陰し, かくし(일)","주머니, 호주머니"
13350,가치장,假置場,임시 보관소
13349,가출,假出,"임시 반출, 임시 내보냄"
13348,가청산,假淸算,임시 청산
13347,가첨,加添,덧붙임
13346,가처분하다,假處分--,임시 처분하다
13345,가처분 소득,可處分所得,처분 가능 소득
13344,가창,歌唱,노래 부르기
13343,가차 없다,假借--,사정없다
13342,가징,加徵,덧거둠
13341,가지정,假指定,임시 지정
13340,가지급금,假支給金,임시 지급금
13339,가증하다,可憎--,밉살스럽다
13338,가죽 패치,- patch(영),가죽 조각
13337,가주소,假住所,"임시 주소, 거짓 주소"
13336,가주,家主,집주인
13335,가조인,假調印,임시 조인
13334,가조약,假條約,임시 조약
13333,가젤형 기업,gazelle(영)型 企業,고성장 기업
13332,가제하다,加除--,"갈아 끼우다, 고치다, 빼다"
13331,가제목,假題目,임시 제목
13330,가제,ガ-ゼ(일),"①거즈 ②나, 사"
13329,가정보원,假情報員,가짜 정보원
13328,가정 인입관,家庭引入管,가정 연결관
13327,가접수,假接受,임시 접수
13326,가절,佳節,"좋은 철, 좋은 계절"
13325,가전,加錢,웃돈
13324,가적,家籍,집안별 호적
13323,가적,假積,"임시 쌓기, 겉 쌓기"
13322,가재,家財,"집 재물, 집 재산"
13321,가장,家長,① 집안 어른 ② 남편
13320,가잠,家蠶,"누에, 집누에"
13319,가자리보당,"飾りボタン, かざりボタン일",장식단추
13318,가자리반도,"飾りバンド, かざりバンド(일)","장식대, 장식띠"
13317,가자리미싱,かざりミシン(일),"장식박기, 상침(上針), 장식재봉틀"
13316,가자과,茄子科,가지과
13315,가인,家人,"가족, 동거인"
13314,가인,加印,"추가 날인, 덧도장"
13313,가이사,假理事,임시 이사
13312,가이드팁,guide tip(영),"안내원 봉사료, 여행 안내원 봉사료"
13311,가이던스,guidance(영),"안내, 지도"
13310,가위,可謂,"(...)라고 할 만하다, 그야말로 (...)라고 할 만하다"
13309,가용성,可溶性,녹는 성질
13308,가용 자원,可用資源,쓸 수 있는 자원
13307,가용,家用,가정용
13306,가용,可用,쓸 수 있는
13305,가요 코드,可撓 cord(영),연한 전선
13304,가요 철탑,可撓鐵塔,휠철탑
13303,가와카미,"川上, かわかみ(일)","윗흐름, 윗단계흐름"
13302,가와시모,"川下, かわしも(일)","아랫흐름, 아랫단계흐름"
13301,가온탄,加溫彈,예열탄
13300,가온,加溫,"데움, 덥힘"
13299,가영치,假領置,임시 보관
13298,가영수증,假領收證,임시 영수증
13297,가열육,加熱肉,"익힘 고기, 익힌 고기"
13296,가연성,可燃性,타는 성질
13295,가에시바리,返-し-針(일),되돌려박기
13294,가에리하시,"返り端, かえりはし(일)",깃끝
13293,가에리아나,"返り穴, かえりあな(일)","깃구멍, 깃눈"
13292,가에리센,"返り線, かえりせん(일)","아랫깃선, 라펠선, 아랫깃접금"
13291,가에리,返-り(일),"아랫깃, 라펠(lapel)"
13290,가압박리,加壓剝離,눌러떼기
13289,가압류,假押留,임시 압류
13288,가압,家鴨,집오리
13287,가압,加壓,압력 높임
13286,가십,gossip(영),"촌평, 소문, 뒷공론"
13285,가실,家室,"집안, 가족"
13284,가식상,假植床,임시 모판
13283,가식,假植,"임시 심기, 겉심기"
13282,가시청,可視聽,시청할 수 있는
13281,가시정,假施錠,임시 잠금
13280,가스상,gas(영)相,기체상
13279,가스리,"絣, かすり(일)",이카트
13278,가스 마스크,gas mask(영),방독면
13277,가수증,假收證,임시 영수증
13276,가수용 시설,假收容施設,임시 수용 시설
13275,가수금,假受金,임시 받은 돈
13274,가수,假睡,"선졸음, 선잠"
13273,가송치증,假送致證,"임시 송치증, 임시 가둠 증서"
13272,가솔린,gasoline(영),휘발유
13271,가솔,家率,집안 식구
13270,가세,家貰,집세
13269,가세,家勢,집안 형편
13268,가성조달,苛性遭達,"양잿물, 수산화나트륨"
13267,가성,假聲,가짜 목소리
13266,가설하다,架設--,"놓다, 설치하다"
13265,가설인,假設人,"내세운 이, 꾸민 이"
13264,가설건축물,假說建築物,임시 건축물
13263,가설,加設,"덧설치, 추가 설치"
13262,가선,架線,공중선
13261,가석방,假釋放,임시 석방
13260,가상,街上,"길거리, 길거리 위"
13259,가산,家産,집 재산
13258,가산,加算,"보탬, 더함, 덧셈"
13257,가사네누이,"重ね縫い, かさねぬい(일)",겹쳐박기
13256,가사네기,"重ね着, かさねぎ(일)",겹쳐입기
13255,가사 사용인,家事使用人,가사 도우미
13254,가사,假死,기절
13253,가사,假使,"가령(假令), 이를테면"
13252,가빠,"合羽, カツペ(일)←capa(포)","비옷, 덮개"
13251,가부라 바지,"鏑, かぶら-(일)",접단바지
13250,가부라,"鏑, かぶら(일)","접단, 밭접단, 끝접기"
13249,가병,假病,꾀병
13248,가벌,家閥,"집안, 지체"
13247,가박,假泊,임시 정박
13246,가먼트,garment(영),"옷, 의류"
13245,가매장하다,假埋葬--,"임시로 매장하다, 임시로 묻다"
13244,가리누이,"假り縫い, かりぬい(일)",시침질
13243,가리,"kali(라), kalium(독), カリ(일), 加里",칼륨
13242,가리,加里-Kali(독),칼리
13241,가료하다,加療--,"치료하다, 고치다, 병 고치다"
13240,가렴,苛斂,"무겁게 거둠, 가혹하게 거둠"
13239,가라게,"絡-げ(일), からげ(일)","휘감치기, 휘감기"
13238,가등,街燈,거리등
13237,가든,garden(영),"뜰, 정원"
13236,가드레일,guardrail(영),보호 난간
13235,가두 배부,街頭配付,거리 배부
13234,가도기레,"角布, かどぎれ(일)",모서리천
13233,가노코아미,"鹿の子編み, かのこあみ(일)",멍석뜨기
13232,"가노코, 가노코시보리","鹿の子絞り, かのこしぼり(일)","홀치기, 홀치기염"
13231,가네가타,"金型, かねがた(일)","금형, 쇠틀"
13230,가기홋쿠쓰케,かぎホックつけ(일),"걸단추, 걸고리단추, 걸단추달기, 걸고리단추달기"
13229,가기 바리,"鉤針, かぎばり(일)",코바늘
13228,가기,佳期,좋은 철
13227,가급,加給,"더 줌, 얹어 줌"
13226,가교실,假敎室,임시 교실
13225,가교사,假敎舍,임시 교사
13224,가교,假橋,임시 다리
13223,가교,架橋,"다리 놓음, 다리놓기"
13222,가관,可觀,볼 만함
13221,가과,假果,헛열매
13220,가공할,可恐-,"두려워할, 놀랄"
13219,가공적,架空的,꾸며 낸
13218,가공이익,架空利益,"장부상 이익, 실제 없는 이익"
13217,가공선,架空線,"가공줄, 공중 전선"
13216,가공삭도,架空索道,① 하늘차 ② 하늘찻길
13215,가공,架空,공중에 설치된
13214,가고,可考,"참고할 만함, 생각할 만함"
13213,가경지,可耕地,경작 가능지
13212,가결산,假決算,중간 결산
13211,가격하다,加擊--,"치다, 때리다"
13210,가격 투찰,價格投札,가격 제시
13209,가각,街角,길모퉁이
13208,가가호호,家家戶戶,집집마다
13207,"가가리, 가가리누이","縢り縫い, かがりぬい(일)","감침질, 감치기, 사뜨기"
13206,ZEUS,Zone for Equipment Utilization Service(영),연구 시설 장비 활용 서비스
13205,WIPO,World Intellectual Property Organization(영),세계 지식 재산권 기구
13204,"브이아르, 브이알, VR",Virtual Reality(영),가상 현실
13203,VPN,Virtual Private Network(영),가상 사설망
13202,VoLTE,Voice over LTE(long term evolution)(영),음성 엘티이(LTE)
13201,"VoIP, 브이오아이피",Voice over Internet Protoco(영),"인터넷 전화, 인터넷 음성 통신"
13200,VOC,Voice of Customer(영),"고객 의견, 고객의 소리"
13199,"VIMS, 브이아이엠에스",vehicle inspection management system(영),자동차 검사 관리 시스템
13198,VHF,Very High Frequency(영),초단파
13197,VDS,Vessel Day Scheme(영),어선 조업 일수 제도
13196,"브이에이엔, VAN",value added network(영),"부가 가치망, 부가 가치 통신망"
13195,U헬스 전문가,Ubiquitous Health(영) 專門家,원격건강관리사
13194,USAID,U.S. Agency for International Development(영),미국 국제 개발처
13193,UPS,Uninterruptible Power Supply(영),무정전 전원 장치
13192,UPR,Universal Periodic Review(영),보편적 정례 인권 검토
13191,UNOSDP,United Nations Office on Sport for Development and Peace(영),국제 연합 스포츠 개발 평화 사무국
13190,UNODC,United Nations Office on Drugs and Crime(영),유엔 마약범죄사무소
13189,UNEP,United Nations Environment Program(영),유엔 환경 계획
13188,UN ESCAP,UN Economics and Social Commission for Asia and the Pacific(영),유엔 아시아·태평양 경제 사회 위원회
13187,ULD,Unit Load Device(영),항공기용 탑재 용기
13186,UI,Unannounced Inspection(영),무통보 사찰
13185,"유에이치디 방송, UHD 방송",ultra high definition(영) 放送,초고화질 방송
13184,UGC,User Generated Contents(영),사용자 제작 콘텐츠
13183,UCITS,Undertaking for Collective Investment in Transferable Securities(영),상호 인증 제도
13182,TTX,Table Top Exercise(영),"도상 훈련, 재난 관리 도상 훈련"
13181,TRS,Trunked Radio System(영),"주파수 공용 통신망, 주파수 공용 통신 시스템"
13180,TRF,Tritium Removal Facility(영),삼중 수소 제거 설비
13179,TRA,Technology Readiness Assessment(영),기술 성숙도 평가
13178,TR,Trade Repository(영),거래 정보 저장소
13177,TPR,Trade Policy Review(영),무역정책검토
13176,TPP,Trans-Pacific Partnership(영),"환태평양 경제 공동체 협정, 환태평양 경제 동반자 협정"
13175,TPA,Trade Promotion Authority(영),무역 촉진 권한(TPA)
13174,TOR,Terms Of Reference(영),협상 세칙
13173,TOC,Terminal Operating Company(영),부두 운영 회사
13172,TMS,Tele Monitoring System(영),"원격 감시 체계, 오염 물질 원격 감시 체계, 원격 감시 장비, 오염 물질 원격 감시 장비"
13171,TME,Tele- Metering Equipment(영),원격 측정 장치
13170,TM5,Trade Mark(영) 5,상표 5국 협의체
13169,TM/TC,Tele-Metering/ Tele-Control(영),농업용수 관리 자동화
13168,TLS,Top Level Specification(영),함정 건조 기술 설명서
13167,TLR,Top Level Requirement(영),함정 건조 기본 지침서
13166,TLD,Thermoluminescence Dosimeter(영),열형광선량계
13165,TIPS,Tech Incubator Program for Startup(영),"창업 보육 프로그램, 기술 창업 보육 프로그램"
13164,THC,Terminal Handling Charge(영),터미널 화물 처리비
13163,TFA,Trade Facilitation Agreement(영),무역원활화 협정
13162,TEMP,Test and Evaluation Master Plan(영),시험 평가 기본 계획서
13161,TDP,Technical Data Package(영),기술 자료 묶음
13160,TCS,Trilateral Cooperation Secretariat(영),3국 협력 사무국
13159,TBT,Technical barriers to trade(영),무역 기술 장벽
13158,T/S,transshipment(영),"환적, 옮겨싣기"
13157,"티오, T/O",table of organization(영),정원
13156,"티이, T/E",table of equipment(영),"① 정수(定數) ② 장비 편성표, 장비 인가표"
13155,"swell,스웰",swell(영),너울
13154,SS기,SS器/SS機 (Speed Sprayer(영)),"고속 살포기, 농약 고속 살포기"
13153,"에스에스엠, SSM",super supermarket(영),기업형 슈퍼마켓
13152,SSG,Special Safe Guards(영),특별 긴급 수입 제한 조치
13151,SP항체,Structural Protein(영) 抗體,구조단백질 항체(構造蛋白質 抗體)
13150,SPL,Software Product Line(영),소프트웨어 제품 라인
13149,SPC,Special Purpose Company(영),"자산 유동화 회사(SPC), 특수 목적 법인(SPC)"
13148,SOM,Senior Officials' Meeting(영),고위급 회의
13147,SOC 스톡,SOC(social overhead capital) stocks(영),사회 간접 자본 보유량
13146,SMP,System Marginal Price(영),계통 한계 가격(SMP)
13145,SIECA,"Secretaría de Integración Económica Centro Americana , Secretariat for Central American Economic Integration(영)",중미 경제 통합 사무국
13144,SI 기업,System Integration(영) 기업,시스템 통합(SI) 기업
13143,SGIS,Statistical Geospatial Information Service(영),통계 지리 정보 서비스(SGIS)
13142,SG,Steam Generator(영),증기 발생기
13141,SECA,Strategic Economic Cooperation Agreement(영),전략적 경제 협력 협정
13140,SE,System Engineering(영),시스템 공학
13139,SDR,Supply Deficiency Report(영),하자 보고서
13138,SDGs,Sustainable Development Goals(영),지속 가능 개발 목표
13137,SCM,Supply Chain Management(영),"공급망관리, 생산공급망관리"
13136,RWA,Risk Weighted Assets(영),위험 가중 자산
13135,RVC,Regional Value Contents(영),역내 부가 가치 기준
13134,RV,Recreational Vehicle(영),여가용 차량
13133,RTA,Regional Trade Agreement(영),지역 무역 협정
13132,"아르티, 알티, RT,",Radiographic Test(영),방사선 투과 검사
13131,RSD,Refugee Status Determination(영),"난민 인정, 난민 지위 인정"
13130,RRPA,Reciprocal Risk Participation Agreement (영),상호 위험 분담 협정
13129,RPS,Renewable energy Portfolio Standard(영),신·재생 에너지 공급 의무화 제도
13128,RPC,Rice Processing Complex(영),미곡 종합 처리장
13127,"아르엠에스, 알엠에스, RMS",records management system(영),기록 관리 시스템
13126,RIPC,Regional Intellectual Property Center(영),지역 지식재산센터
13125,RILO,Regional Intelligence Liaison Office(영),지역 정보 센터
13124,RIC,Regional Innovation Center(영),지역혁신센터
13123,RG,Refund Guarantee(영),선수금 환급 보증
13122,RFQ,Request for Quotation(영),견적 의뢰서
13121,"아르에프피, 알에프피, RFP",request for proposal(영),제안 요청서
13120,RFMO,Regional Fisheries Management Organization(영),지역 수산 관리 기구
13119,REC,Renewable EnergyCertificate(영),"신ㆍ재생 에너지 인증, 신ㆍ재생 에너지 인증서"
13118,RCM,Ready-made Contents(영),기성 콘텐츠
13117,RCEP,Regional Comprehensive Economic Partnership(영),역내 포괄적 경제 동반자 협정
13116,QHD화면,Quad – High Definition(영) 畵面,네 배 고화질 화면
13115,"PX, 피엑스",PX(영),"매점, 군매점"
13114,PTWI,Provisional Tolerable Weekly Intake(영),주간 섭취 허용량
13113,PTAB,Patent Trial and Appeal Board(영),미국 특허심판원
13112,PSA,Probabilistic Safety Assessment(영),확률론적 안전성 평가
13111,PRI,Principles for Responsible Investment(영),책임 투자 원칙
13110,pre-post care 센터,pre-post care center(영),해외 연계 병원
13109,"Pre-Feed, 프리피드",Pre-Feed(영),개념 설계
13108,"피아르, 피알, PR",public relation(영),홍보
13107,PPP,Public Private Partnership(영),민관협력
13106,Post-2020 신기후체제협상,Post-2020 New Climate Regime Negotiation(영),2020년 이후 신기후체제 협상
13105,POS,Point Of Sales(영),판매 시점 정보 관리 시스템
13104,POCT,Point of Care Testing(영),현장 즉시 검사
13103,PMS,Power Management System(영),전력 관리 체계
13102,PMP,Portable Multimedia Player(영),휴대용 멀티미디어 재생기
13101,PMO,Project Management Office(영),"프로젝트 관리 조직, 프로젝트 관리{부/과/팀…}"
13100,PMO,Project Management Officer(영),생산 현장 연락관
13099,PMI,Purchasing Managers Index(영),구매 관리자 지수
13098,PM,Personalized Medicine(영),맞춤 약물
13097,"피엠, PM",project manager(영),프로젝트 관리자
13096,PLM,Product Life cycle Management(영),제품 수명 주기 관리(PLM)
13095,PIMS,Personal Information Management System(영),개인 정보 관리 체계
13094,PIANC,Permanent International Association of Navigation Congresses(영),국제수상교통시설협회
13093,PI,Percentage Inhibition(영),"억제율, 항체 양성률"
13092,PHR,Personal Health Record(영),개인 건강 기록
13091,PG사,Payment Gateway(영) 社,전자 결제 대행사
13090,"PG, 피지",Press Guidance(영),언론 설명 자료
13089,PEMPAL,Public Expenditure Management Peer Assisted Learning Network(영),"재정 협력체, 유라시아 재정 협력체"
13088,PED,Porcine Epidemic Diarrhea(영),돼지 유행성 설사
13087,PECC,Pacific Economic Cooperation Conference(영),태평양 경제 협력 회의
13086,"PE, PEF",Private Equity Fund(영),사모펀드
13085,PCT,Patent Cooperation Treaty(영),특허 협력 조약
13084,PCRM,Public Customer Relationship Management(영),"정책 고객 관리, 정책 고객 관계 관리"
13083,PCR,Polymerase Chain Reaction(영),중합 효소 연쇄 반응
13082,"피비 상품, PB 상품",private brand(영) 商品,자체 상표 상품
13081,PAS 구동 방식,PAS(Pedal Assist System(영)) 驅動 方式,페달 보조 방식
13080,PAR,Passive Autocatalytic Recombiner(영),피동형 수소 제거 장치
13079,PAN,personal area network(영),개인 통신망
13078,PAFTAD,Pacific Trade and Development Conference(영),태평양 무역 개발 회의
13077,PACS,Picture Archiving Communication System(영),의료 영상 전송 시스템
13076,"P/O, 피오",P/O(영),현재 인원
13075,"P/L, 피엘",Profit and Loss(영),"손익 계산, 손익 계산서"
13074,P/L 신고,Paperless 申告(Declaration(영)),전자 신고
13073,"OTT, ott",Over The Top(영),인터넷 동영상 서비스
13072,"Open API, 오픈 API",Open Application Programing Interface(영),"공개 에이피아이(API), 공개 응용 프로그램 인터페이스"
13071,ODM,Original Development Manufacture(영),생산자 주도 방식
13070,"오디에이, ODA",official development assistance(영),"공적 개발 원조, 정부 개발 원조"
13069,OBE,Operating Basis Earthquake(영),"운전 가능 기준, 운전 가능 지진 기준"
13068,"오투오, O2O",online To offline(영),"온오프라인 연계, 온오프라인 연계 마케팅"
13067,"NUI, 엔유아이",Natural User Interface(영),동작 인식 인터페이스
13066,NTB,National Tech-Bank(영),기술은행
13065,NSP항체,Non-Structural Protein(영) 抗體,비구조단백질 항체(非構造蛋白質 抗體)
13064,"엔피오, NPO",non-profit organization(영),비영리 단체
13063,NPE,Non-Practising Entity(영),특허 관리 전문 회사
13062,Non-Traditional Mark,Non-Traditional Mark(영),비전형 상표
13061,"엔지오, NGO",non-governmental organization(영),"비정부 조직, 시민 단체"
13060,"엔에프시 기술, NFC 기술",near field communication(영) 技術,근거리 무선 통신 기술
13059,NDMS,National Disaster Management System(영),국가 재난 관리 시스템
13058,NDA,National Designated Authorities(영),협력 주관 기관
13057,NCP,National Contact Point(영),정보 연락관
13056,NC 장치,Numerical Control(영),수치 제어 장치
13055,MVP,Minimum Viable Product(영),최소 기능 제품
13054,MSP,Multiple System Operator & Program Provider(영),"복수 종합 유선 방송 채널 사업자, 복수 종합 유선 방송 채널 사용 사업자"
13053,MSO,Multiple System Operator(영),복수 종합유선방송사업자
13052,MRO,Maintenance Repair Operation(영),"소모성 자재, 기업 소모성 자재"
13051,MRO,"Maintenance, Repair, Overhaul(영)",항공 정비 산업
13050,MRG,Minimum Revenue Guarantee(영),"최소 수입 보장, 최소 수입 보장제"
13049,MPP,Multiple Program Provider(영),"복수 채널 사업자, 복수 방송 채널 사용 사업자"
13048,"엠오유, MOU",memorandum of understanding(영),"업무 협정, 업무 협약, 양해 각서"
13047,MOA,Memorandumof Agreement(영),합의 각서
13046,MMS,Multi-Mode Service,"다채널 방송, 다채널 방송 서비스"
13045,MFN,Most-Favoured Nation Treatment(영),최혜국대우
13044,MES,Manufacturing Execution System Shop Floor(영),통합 생산 관리 시스템
13043,MDSS,Micro Data Service System(영),마이크로 데이터 서비스 시스템(MDSS)
13042,MDBs,Multilateral Development Banks(영),"5대 국제 개발 은행, 세계 5대 국제 개발 은행"
13041,MCR,Main Control Room(영),주제어실
13040,MCN,Multi Channel Network(영),다중 채널 네트워크
13039,MBR,Membrane Bio Reactor(영),분리막 생물 반응기
13038,"Main-Biz, 메인비즈",Management Innovation+business(영),경영 혁신형 중소기업
13037,M2M,Machine-to-Machine(영),"사물 통신, 사물 지능 통신"
13036,M.I.,Ministry Identity(영),"부처 마크, 기관 마크"
13035,M&S,Modeling & Simulation(영),모형화 및 모의실험
13034,LOR,Letter of Request(영),구매 요청서
13033,LOA,Letter of Offer and Acceptance(영),청약 및 수락서
13032,LMO,Living Modified Organism(영),유전자 변형 생물체
13031,"LLC, 엘엘시",Limited Liability Company(영),유한 책임 회사
13030,LEU,Lowenriched Uranium(영),저농축 우라늄
13029,LEI,Legal Entity Identifier(영),법인 식별 기호
13028,LD50,lethal dose for 50% kill(영),반수 치사량
13027,KSSC,Korean Standard Statistical Classification(영),통계 분류 포털
13026,KSP 사업,Knowledge Sharing Program(영),경제 발전 경험 공유 사업
13025,KOSIS,Korean Statistical Information Service(영),국가 통계 포털(KOSIS)
13024,KOSBIR,Korea Small Business Innovation Research(영),중소기업 기술 혁신 지원 제도
13023,IX,Internet eXchange(영),인터넷 연동
13022,IUU 어업,"illegal, unreported, unregulated(영) 漁業",불법 어업
13021,ITO 필름,Indium-Tin Oxide film(영),인듐-주석 산화물(ITO) 필름
13020,"ITA, 아이티에이",Information Technology Agreement(영),정보 기술 협정(ITA)
13019,"아이티, IT",information technology(영),정보 기술
13018,ISP,Information Strategy Planning(영),정보화 전략 계획
13017,ISD,Investor-State Dispute(영),"투자자-국가 소송, 투자자-국가 소송 제도"
13016,"ISA, 아이에스에이",Individual Savings Account(영),개인 종합 자산 관리 계좌
13015,IRRS,Integrated Regulatory Review Service(영),통합규제검토서비스
13014,IRP,Indivisual Retirement Pension(영),"개인형 퇴직 연금, 개인형 퇴직 연금 제도"
13013,"아이아르, 아이알, IR",investor relations(영),기업 설명회
13012,IP-서비스,Intellectual Property Service(영),지식재산 서비스
13011,IPR,Inter Partes Reviews(영),특허 무효 심판
13010,IPP,Independent Power Plant(영),민자발전사업
13009,IPO,Initial Public Offering(영),"기업 공개, 주식 공개, 주식 공개 상장"
13008,IP-NAVI,IP-NAVIGATION(영),국제 지재권 분쟁 정보 포털
13007,IP-HUB,Intellectual Property-HUB(영),"지식재산 중심, 지식재산 중심지"
13006,IP-DESK,Intellectual Property-DESK(영),해외 지식 재산 센터
13005,IPC거더,IPC Girder(영),"상부 받침대, 상부 구조물"
13004,IPC,International Patent Classification(영),국제 특허 분류
13003,IP R&D,Intellectual Property Research & Development(영),지식 재산 연계 연구 개발
13002,"아이피, IP",intellectual property(영),지식 재산
13001,"아이오티, IoT",internet of things(영),사물 인터넷
13000,INDC,Intended Nationally Determined Contributions(영),국가별 기여 방안
12999,INCB,International Narcotics Control Board(영),국제 마약 통제 위원회
12998,"IEU, IIU, IRM","Independent Evaluation Unit, Independent Integrity Unit, Independent Redress Mechanism(영)","성과평가부(IEU), 비리조사부(IIU), 시정조치부(IRM)"
12997,"아이시티, ICT",information and communication technology(영),"정보 통신 기술, 정보 문화 기술"
12996,ICT,Information & Culture Technology(영),정보문화기술
12995,IBS,Intelligent Building System(영),지능형 빌딩 시스템
12994,"IALA, 아이에이엘에이",International Association of Marine Aids to Navigation and Lighthouse Authorities(영),국제항로표지협회
12993,HWR,Heavy Water Reactor(영),중수로
12992,HS code,Harmonized System Code(영),"관세율표 번호, 세번"
12991,HRM,Human Resources Management(영),인사 관리
12990,"에이치아르디, 에이치알디, HRD",human resource development(영),인적 자원 개발
12989,HR,Human Resources(영),인사
12988,HNS,Hazardous & Noxious Substances(영),유해 화학 물질
12987,"HMD, 에이치엠디",Head Mounted Display(영),머리 착용형 디스플레이
12986,HDTV,High Definition Television(영),고화질 텔레비전
12985,HCTRS,High Capacity Trunk Radio System(영),대용량 무선 전송
12984,"해썹, HACCP",hazard analysis critical control point(영),식품 안전 관리 인증 기준
12983,GVC,Global Value Chain(영),글로벌 가치 사슬
12982,GTX,Great Train EXpress(영),수도권 광역 급행 철도
12981,GTL,Gas To Liquid(영),가스 액화(GTL)
12980,GTI,Greater Tumen Initiative(영),광역 두만강 개발 계획
12979,GSP,Good Supplying Practice(영),"유통 관리 기준, 의약품 유통 관리 기준"
12978,G-PASS,Government Performance ASSured(영),해외 조달 시장 진출 유망 중소기업
12977,GMP,Good Manufacturing Practice(영),의약품 제조 관리 기준
12976,"유전자 조작, 유전자 재조합, GMO","遺傳子造作, 遺傳子再組合, genetically modified organism(영)","유전자 변형, 유전자 변형 식품"
12975,GMDSS,Global Maritime Distress and Safety System(영),해상 조난 안전 시스템
12974,GMD,Global Market Developer(영),세계 시장 개척자
12973,GLP,Good Laboratory Practice(영),비임상 시험 관리 기준
12972,GII,Government Innovation Index(영),정부 혁신 지수
12971,GHP,Good Hygiene Practices(영),"위생 관리 기준, 식품 위생 관리 기준"
12970,GG트레이드,government to government trade(영),정부 간 무역
12969,GCP,Good Clinical Practice(영),임상 시험 관리 기준
12968,"GATT, 가트",General Agreement on Tariffs and Trade(영),관세 및 무역에 관한 일반협정
12967,GAP,Good Agriculture Practices(영),우수 농산물 관리 제도
12966,"지투지, G2G",government-to-government(영),정부 간 거래
12965,"FTZ, 에프티제트",Free Trade Zone(영),자유 무역 지역
12964,FTX,Field Trainning Exercise(영),모의훈련
12963,FTTH,Fiber To The Home(영),광가입자망
12962,FTA 패스,Free Trade Agreement -PASS(영),원산지 관리 시스템
12961,FSB,Financial Stability Board(영),금융안정위원회
12960,FPC,Fisheries Products Processing & Marketing Center(영),수산물 산지 유통 센터
12959,FOCAC,Forum on China-Africa Cooperation(영),중국-아프리카 협력 포럼
12958,FMC,Fishery Monitoring Center(영),조업 감시 센터
12957,FIT,Foreign Independent Tour(영),"개별 자유 여행, 외국인 개별 자유 여행, 개별 관광객, 외국인 개별 관광객"
12956,FDS,Fraud Detection System(영),이상 거래 탐지 시스템
12955,FAD,Fish Aggregating Device(영),물고기 유인 장치
12954,"e-seal,이실",Electronic Seal(영),전자 봉인
12953,ESCO,Energy Saving Company(영),에너지 절약 전문 기업
12952,ERP PASS,Enterprise Resource Program -Post Audit Supporting System(영),대용량 회계 자료 분석 시스템
12951,ERP,Enterprise Resource Planning(영),전사적 자원 관리
12950,"e-navigation, 이내비게이션",e-navigation(영),"차세대 해양 관리 체계, 차세대 해양 안전 종합 관리 체계"
12949,"이엠에스, EMS",emergency medical service(영),응급 의료 서비스
12948,EHP,Electric Heat Pump(영),전기식 냉난방기
12947,EFS,Electronic Filing Service(영),전자 문서 서비스
12946,"EE, 이이",Energy Efficiency(영),에너지 효율
12945,EDR,Event Data Recorder(영),사고 기록 장치
12944,EDG,Emergency Diesel Generator(영),비상 디젤 발전기
12943,EDCF,Economic Development Cooperation Fund(영),대외 경제 협력 기금
12942,EAP,Emergency Action Plan(영),비상 대처 계획
12941,EAG,Early Adopters Group(영),조기 적용 그룹
12940,EAEU,Eurasian Economic Union(영),유라시아 경제연합
12939,DUS test,DUS test(영),신품종 재배시험
12938,DUR,Drug Utilization Review(영),의약품 안심 서비스
12937,DSR,Digital Satellite Radio(영),디지털 위성방송
12936,DSC,Drying Storage Center(영),건조 저장 시설
12935,DSB,Dispute Settlement Body(영),분쟁 해결 기구(DSB)
12934,DRM,Digital Right Management(영),"디지털 권리 관리, 디지털 콘텐츠 권리 관리, 디지털 저작권 관리"
12933,DO,Defined Order case(영),지정 구매
12932,DNA 프로필 데이터베이스,DNA profile database(영),디엔에이(DNA) 정보 자료 뭉치
12931,DMF,Drug Master File(영),원료 의약품 등록 제도
12930,DMAT,Disaster Medical Assistance Team (영),재난 의료 지원팀
12929,DI,Duplication Information(영),중복 가입 정보
12928,DEA,Drug Enforcement Agency(영),미국 마약 단속청
12927,"DDoS, 디도스",Distributed Denial of Service(영),분산 서비스 거부 공격
12926,CY,Container Yard(영),컨테이너 야적장
12925,CVO,Chief Veterinary Officer(영),수석수의관
12924,CVE,Counter Violent Extremism(영),폭력적 극단주의 대응
12923,CVD,"Chemical Vapor Deposition(영), 化學蒸着法",화학 증착법
12922,CV,Containment Vessel(영),격납 용기
12921,CV,Curriculum Vitae(영),영문 이력서
12920,CTH,Change of Tariff Heading(영),세번 변경 기준
12919,CSR,Corporate Social Responsibility(영),기업의 사회적 책임
12918,CSP,Collaborative Search Pilot Program(영),협력 심사 프로그램
12917,CSI,Crime Scene Investigation(영),과학 수사
12916,"시에스, CS",customer satisfaction(영),고객 만족
12915,CR,Control Rod(영),제어봉
12914,CPTED,Crime Prevention Through Environmental Design(영),범죄 예방 설계 기법
12913,CPPG,Certified Privacy Protection General(영),개인정보관리사
12912,CPOE,Computerized Physician Order Entry System(영),"처방 전달 시스템, 처방 자동 전달 시스템"
12911,CPO,Chief Privacy Officer(영),개인 정보 보호 책임자
12910,CPI,Corruption Perceptions Index(영),부패 인식 지수
12909,CPC,Cooperative Patent Classification(영),선진 특허 분류
12908,COW,Cell On Wheels(영),차량 탑재 기지국
12907,COB,Courier on Board(영),"① 탑승 운송, 탑승 운송 서비스 ② 인편 특송, 인편 특송 서비스"
12906,CNG,Compressed Natural Gas(영),압축 천연가스(CNG)
12905,CMO,Contract Manufacturing Organization(영),위탁 생산 조직
12904,CMIM-PL,CMIM(Chiang Mai Initiative Multilateralization) - Precautionary Line(영),위기 예방 긴급 유동성 지원 제도
12903,CLIS,Client-oriented Logistics Information System(영),통합 물류 정보 시스템
12902,C-ITS,COOPERATIVE INTELLIGENT TRANSPORT SYSTEMS(영),차세대 지능형 교통시스템
12901,CITES 대상식물,CITES 對象植物/Convention on International Trade in Endangered Species of Wild Fauna and Flora(영),야생 동식물 국제 거래에 관한 협약 대상 식물
12900,CIQ Area,Customs Immigration Quarantine Area(영),출입국 수속 구역
12899,CIPO,Chief Intellectual Property Officer(영),지식재산 최고 책임자
12898,CI,Connecting Information(영),연계 정보
12897,CFS,Container Freight Station(영),"컨테이너 화물 처리장, 컨테이너 소량 화물 처리장"
12896,CFRP,Carbon Fiber Reinforced Plastics(영),탄소 섬유 강화 플라스틱
12895,CFMs,Capital Flow Management Measures(영),자본관리조치
12894,CEPA,Comprehensive Economic Partnership Agreement(영),포괄적 경제 동반자 협정(CEPA)
12893,CEN,Customs Enforcement Network(영),세관 감시망
12892,CDW,Customs Data Warehouse(영),"통합 정보 시스템, 관세청 통합 정보 시스템"
12891,CDP,Career Development Program(영),경력 개발 제도
12890,CDM,Clean Development Mechanism(영),청정 개발 체제
12889,CCS,Carbon Capture & Storage(영),"이산화 탄소 포집(捕執) 저장, 탄소 포집 저장"
12888,CCF-K,Customs Cooperation Fund -Korea(영),세관 협력 기금
12887,CANDU,Canadian Deuterium Uranium Reactor(영),캐나다형 중수로
12886,C/S,Cargo Selectivity(영),의심 화물 선별
12885,"비티엘, BTL",build transfer lease(영),임대형 민자 사업
12884,BSL,Biosafety Level(영),생물 안전 등급
12883,"비아르티, 비알티, BRT",bus rapid transit(영),"간선 급행 버스, 간선 급행 버스 체계"
12882,BPI,Bribe Payers Index(영),뇌물 공여 지수
12881,BOM,Bill of Material(영),"부품 구성표, 부품 명세서"
12880,BOD,Broadcasting On Demand(영),주문형 방송
12879,BM특허,Business Method(영) 特許,영업 방법 특허
12878,"비엠아이, BMI, 비엠 지수, BM 지수","body mass index(영), BM(영) 指數",체질량 지수
12877,BL3,Biosafety Level 3(영),생물 안전 3등급
12876,BIS,Bus Information System(영),버스 정보 시스템
12875,"바이오스, BIOS",basic input/ output system(영),기본 입출력 체계
12874,BEPS,Base Erosion & Profit Shifting(영),세원 잠식 및 소득 이전
12873,BEMS,Minimum Viable Product System(영),건물 에너지 관리 시스템
12872,BcN,Broadband Convergence Network(영),광대역 통합망
12871,BAU,Business As Usual(영),"배출 전망치, 온실가스 배출 전망치"
12870,ARM,Area Radiation Monitoring(영),지역 방사선 감시
12869,APTA,Asia Pacific Trade Agreement(영),"아시아 태평양 무역 협정, 아태 무역 협정"
12868,APT,Advanced Persistent Threat(영),지능형 지속 위협
12867,APA,Ad Hoc Working Group on the Paris Agreement(영),파리 협정 특별 작업반
12866,AMR,Antimicrobial Resistance(영),항생제 내성
12865,AMP,Advanced Management Program(영),최고 경영자 과정
12864,AMI,Advanced Metering Infrastructure(영),지능형 계량기
12863,AM,Account Manager(영),기업 상담 전문관
12862,AIA,America Invent Act(영),미국 개정 발명법
12861,AHP,Analytic Hierarchy Process(영),계층 분석법
12860,AGC,Automatic Generation Control(영),자동 발전 제어(AGC)
12859,AFDF,Africa Development Fund(영),아프리카 개발 기금
12858,AEO,Authorized Economic Operator(영),종합 인증 우수 업체
12857,ADI,Acceptable Daily Intake(영),하루 섭취 허용량
12856,ACTD,Advanced Concept Technology Demonstration(영),신개념 기술 시범
12855,"3D 매핑, 스리디 매핑",Three Dimension mapping(영),"입체 투사 기법, 입체 투사 영상 기법, 입체 투사법"
12854,벨트,belt(영),"지대, 구역, 지역"
12853,밸리,valley(영),"지구, -지(地), -골"
12852,(…) 메가시티,(…) mega city(영),(…) 특화 도시
12851,(···)풀,pool(영),"(∙∙∙) 후보군, (∙∙∙)군, (∙∙∙) 명단"
12850,자,者,사람
12849,"~함을 요한다, 요하다","-- 要 --, 要--","~하기 바랍니다, ~하시기 바랍니다"
12848,(...)할 것,(...)- -,"(...)기 바람, (...)하시기 바랍니다"
12847,"워라밸, WLB",work life balance(영),"일과 삶의 균형, 일삶균형"
12846,"아이피-포인트, IP-포인트",Intellectual Property point(영),지식 재산 제공 점수
12845,"V-PASS, 브이패스",VESSEL-PASS(영),어선 위치 발신 장치
12844,"VMS, 선박모니터링 시스템",船舶 Monitoring System / Vessel Monitoring System(영),"선박 추적 장치, 선박 추적 시스템"
12843,"벤처 캐피털, VC",venture capital(영),벤처 기업 자본
12842,"유 시티, U-city",ubiquitous city(영),첨단 정보화 도시
12841,"무크, MOOC",massive open online course(영),"온라인 공개 강좌, 온라인 공개 수업"
12840,"Inno-Biz, 이노비즈",innovation business(영),혁신형 중소기업
12839,타운하우스,town house,공동전원주택
12838,힛카케,引掛け(일),걸어치기
12837,힛가케카기,引-っ-掛-け-鉤(일),낫표
12836,힙후프 농구,(←hiphop+hoop) 籠球,길거리 농구
12835,힐책,詰責,꾸짖음
12834,힐드프레임,heald frame(영),잉아틀
12833,힐드바,heald bar(영),잉앗대
12832,힐드,heald(영),잉아
12831,힐,heel(영),"뒤꿈치, 채 뒤꿈치"
12830,히피룩,hippie look(영),히피 차림
12829,히팅 시스템,hitting system(영),강공
12828,히트하다,hit(영)--,"적중하다, 들어맞다"
12827,"히트02, 히트세이프","hit, hit safe(영)",안타
12826,히트 앤드 런,hit and run(영),치고 달리기
12825,히트 앤드 러시,hit and rush(영),치고 달려들기
12824,히트 상품,hit(영) 商品,"인기 상품, 인기 몰이 상품"
12823,히트 메이커,hit maker(영),"인기 제조기, 성공 제조기"
12822,히터선,heater(영) 線,열선(熱線)
12821,히키코모리,引き籠もり(일),폐쇄은둔족
12820,히키사게,ひきさげ(일),내리다
12819,히크,ひく(일),끌어들이다
12818,히자이타,膝板,무릎판
12817,히야카시,"冷, ひやかし(일)",희롱
12816,히야무기,冷麥,냉국수
12815,히사시,"廂, 庇, ひさし(일)",차양(遮陽)
12814,히모,紐,끈
12813,히로익 트래지디,heroic tragedy(영),영웅 비극
12812,히든카드,hidden card(영),"숨긴 패, 비책"
12811,히든 레이어,HiddenLayer(영),은닉층(隱匿層)
12810,히니쿠,ひにく(일),"흉보기, 비웃기, 비아냥"
12809,"히구치, 히구치시끼찌",火口(일),"불부리, 불대"
12808,흡즙성,吸汁性,"즙빨성, 즙을 빨아 먹는"
12807,흙매기,,흙막이
12806,흙구곡막이,-溝谷-,흙골막이
12805,흙골매기,,흙골막이
12804,흑호마,黑胡麻,검정깨
12803,흑탄,黑炭,검은숯
12802,흑성병,黑星病,"검은별무늬병, 검은별무늿병"
12801,흑반병,黑斑病,"검은무늬병, 검은별무늿병"
12800,흑두병,黑痘病,"새눈무늿병, 새눈무늬병"
12799,흉추,胸椎,"가슴등뼈, 흉추"
12798,흉장,胸章,가슴표
12797,흉선 임파 특이 체질,胸腺 淋巴 特異 體質,가슴샘 림프 특이 체질
12796,흉곽 동요,胸廓 動搖,동요 가슴
12795,흉강 삽관술,胸腔 揷管術,"흉강 개구술, 가슴창 냄술"
12794,휴한,休閑,묵히기
12793,휴차료,休車料,"운행 못한 손실 비용, 차 운행 못한 손실 비용"
12792,휴지하다,休止--,"쉬다, 머물다, 그만두다"
12791,휴즈,ヒユ-ズ(일)←fuse(영),퓨즈
12790,휴면지삽목,休眠枝揷木,휴면가지 꺾꽂이
12789,휴면아,休眠芽,잠자는눈
12788,휴면기,休眠期,잠잘 때
12787,휴먼 드라마,human drama(영),인간 드라마
12786,휴머니티,humanity(영),"인성, 인간성, 인간애"
12785,휴머니즘,humanism(영),인본주의
12784,"휴머노이드, 휴머노이드 로봇","humanoid, humanoid robot(영)",인간형 로봇
12783,휴립직파,畦立直播,이랑 곧뿌리기
12782,휴립,畦立,이랑 만들기
12781,휠페이퍼,wheel paper(영),"돌개 사포, 속새"
12780,휠브러시,wheel brush(영),돌개솔
12779,휘핑하다,whipping(영)--,젓다
12778,휘핑,whipping(영),거품크림
12777,휘슬,whistle(영),"호루라기, 호각"
12776,훤주공,萱株工,"새심기, 새풀심기"
12775,훤복공,萱覆工,"새덮기, 새풀덮기"
12774,훤망공,萱網工,"새망덮기, 새풀망덮기"
12773,훗구,フック(일)←hook(영),"고리, 갈고리"
12772,훗고,覆工,"안쪽바르기, 라이닝(lining)"
12771,훈연소독,薰煙消毒,연기찜 소독
12770,훅 패스,hook pass(영),"머리 너머 주기, 머리 너머건네 주기"
12769,훅 패스,hook pass(영),"휘어 주다, 휘어 건네 주다."
12768,훅 슛,hook shoot (영),"휘어 쏘기, 휘어 넣기"
12767,훅 그립,hook grip(영),강한 쥐기
12766,후토시로비시,太白菱,겹마름모
12765,후토산가쿠,太三角,고딕세모
12764,후타쓰아마다레,二-っ-雨垂-れ(일),겹느낌표
12763,후키쓰게,吹-き-付-げ(일),"뿜질, 뿜칠, 뿜어붙이기"
12762,후키,"吹, ふき(일)","뿜질, 분무기, 돌개 사포, 돌개 속새"
12761,후크송,Hook Song(영),맴돌이곡
12760,후쿠로쓰케,袋-付け(일),"주머니달기, 호주머니달기"
12759,후치이시,緣石,"연석, 갓돌, 턱돌"
12758,후치,緣,"테, 병풍테"
12757,후지,後肢,뒷다리
12756,후장,後場,"오후장, 뒤창자"
12755,후작,後作,뒷그루
12754,후숙,後熟,"따익히기, 따익힘"
12753,후세지,ふせじ(일),복자
12752,후산,後産,태낳기
12751,후불,"後拂, あとばらい(일)",후지급
12750,후발성 뇌졸중,後發性 腦卒中,지연 뇌중풍
12749,후미이타,踏(み)板(일),발판
12748,후리카케,ふりかけ(일),맛가루
12747,후루이와케,篩分-け(일),체가름
12746,후루이분세키,篩分析,체가름
12745,후라이,フライ(일)←fry(영),"①튀김, 부침 ②거짓말"
12744,후드,hood(영),"덮개, 걸치개"
12743,후두 경축,喉頭 痙縮,후두 연축
12742,후덕,厚德,도타운 덕
12741,후견인선,後牽引線,되돌림줄
12740,후가,,"미래가, 미랫값"
12739,횡혈식석실분,橫穴式石室墳,횡혈식석실분(stone chamber with tunnel entrance)
12738,횡침식,橫浸蝕,가로침식
12737,횡측구,橫側溝,가로도랑
12736,횡취삭,橫取索,가로집재줄
12735,횡취,橫取,"새치기, 가로채기"
12734,횡제,橫堤,가롯둑
12733,횡일자석,橫一字石,누운돌
12732,횡서,橫書,가로쓰기
12731,횡목,橫目,가로줄눈
12730,횡단물매,橫斷**,가로물매
12729,횡단구배,橫斷勾配,가로물매
12728,횡단경사,橫斷傾斜,가로물매
12727,횡골절,橫骨折,가로 골절
12726,횡곡축,橫谷築,가로골쌓기
12725,회청색경질토기,灰靑色硬質土器,회청색도기(darkblue stoneware)
12724,회중 전등,懷中電燈,손전등
12723,회수로,廻水路,"돌림수로, 돌림도랑"
12722,회송열차,回送列車,"되돌이 열차, 회송 열차"
12721,회송삭,回送索,되돌림줄
12720,회색 간변기,灰色 肝變期,회색 간 되기
12719,회분,灰粉,재
12718,회보하다,回報--,알려 주다
12717,회동,會同,모임
12716,황촉규,黃蜀葵,닥풀
12715,황숙,黃熟,누렇게 익음
12714,황각,荒刻,굵은 각초
12713,활주면,滑走面,미끄럼면
12712,활주,滑走,미끄럼
12711,활동면,滑動面,미끄럼면
12710,활강 계제,滑降 係蹄,움직 올가미
12709,환태수로공,丸太水路工,"통나무수로내기, 통나무도랑내기"
12708,환태수로,丸太水路,"통나무수로, 통나무도랑"
12707,환태도,丸太道,통나무길
12706,환위험,換危險,환율 변동 위험
12705,환원,還元,되돌림
12704,환수하다,還收--,"되거두다, 거두어 들이다, 도로 거두어 들이다"
12703,환상제피,環狀除皮,"환상박피, 둥근꼴껍질벗기기"
12702,환상박피,環狀剝皮,"돌려벗기기, 껍질 돌려벗기기"
12701,환불,換拂,"돌려줌, 바꿔줌"
12700,환리스크,換risk(영),환차 손실
12699,환두대도,換頭大刀,고리손잡이큰칼(sword with ring handle)
12698,환극접,丸隙接,둥근줄눈
12697,환가 처분,換價處分,"돈으로 바꿈, 값으로 바꿈"
12696,확정절선,確定折線,확정 트래버스
12695,확정적모형,確定的模型,결정적 모형
12694,확장성 심근증,擴張性 心筋症,확장 심장 근육병증
12693,확산,擴散,퍼짐
12692,화형,花形,꽃 모형
12691,화학적 화상,化學的 火傷,화학 화상
12690,화학 비료,化學肥料,화학 거름
12689,화판,花瓣,꽃잎
12688,화조화,花鳥畵,"새그림,화조도"
12687,화접도,花蝶圖,"나비그림,화접도"
12686,화전,火田,부대기
12685,화재사,火災死,"화재 사망, 화재사"
12684,화이트보드,white board(영),"흰칠판, 백판"
12683,화이트 해커,white hacker(영),착한 해커
12682,화이트 와인,white wine(영),백포도주
12681,화이트 노이즈,White Noise(영),백색 잡음(白色)
12680,화염문,火炎文,"불꽃무늬,화염무늬"
12679,화염,火焰,불꽃
12678,화수,花穗,꽃송이
12677,화석 태아,化石 胎兒,석회 침착 태아
12676,화상사,火傷死,"화상 사망, 화상사"
12675,화산회토,火山灰土,화산재
12674,화산성토,火山性土,화산흙
12673,화분형토기,花盆形土器,화분형토기(flower pot pottery)
12672,화묘,禾苗,꽃모
12671,화목,花木,꽃나무
12670,화롱,花籠,꽃바구니
12669,화농성 폐렴,化膿性 肺炎,고름 폐렴
12668,화관,花冠,꽃부리
12667,화경02,花梗,꽃대
12666,화경01,花莖,꽃줄기
12665,화각공예,華角工藝,"소뿔공예,화각공예"
12664,홍저,紅菹,깍두기
12663,홍보이벤트,弘報event(영),홍보행사
12662,홉,hop(영),"뛰기, 제자리 뛰기, 도약, 제자리 도약"
12661,홈패션,home fashion(영),"집치레, 집가꾸기, 집치장"
12660,홈택스,home tax(영),"안방 납세, 재택 납세"
12659,홈커밍데이,home-comingday(영),모교방문일
12658,홈시어터,home theater(영),안방 극장
12657,홈스판,ホ-ムスッポパン(일)←homespun(영),홈스펀
12656,홈런 킹,homerun king(영),홈런왕
12655,홈런 더비,homerun derby(영),홈런 경쟁
12654,홈런,home run(영),본루타
12653,홈 플레이트,home plate(영),본루판
12652,홈 포지션,home position(영),자기 자리
12651,홈 퍼니싱,home furnishing(영),집 꾸미기
12650,홈 인,home in(영),득점
12649,홈 어드밴티지,home advantage(영),개최지 이점
12648,홈 앤드 어웨이,home and away(영),교환 경기
12647,홈 스틸,home steal(영),본루 뺏기
12646,홈 쇼핑,home shopping(영),안방 구매
12645,홈,プラットホ-ム(일)←platform(영),플랫폼
12644,홈,home(영),첫 화면
12643,홈,home(영),본루
12642,홀인원,hole in one(영),단번 넣기
12641,홀로그래피,holography(영),입체 영상
12640,"홀딩, 홀딩파울",holdingfoul(영),잡기 반칙
12639,홀딩,holding (영),"머물기, 잡다"
12638,홀드오프구간,Hold Off Interval(영),지체구간(遲滯區間)
12637,홀드,hold(영),중간구원
12636,홀 인,hole in(영),"넣기, 홀 넣기"
12635,홀 아웃,hole out(영),매홀 끝내기
12634,홀 매치,hole match(영),매홀 승부전
12633,혼효림,混肴林,"혼성림, 혼합림"
12632,혼화,混和,섞음
12631,혼합아,混合芽,혼합눈
12630,혼합비비기,混合,"비빔, 섞어비빔"
12629,혼파공,混播工,섞어뿌리기
12628,혼파,混播,섞어 뿌림
12627,혼탁,混濁,"어지러움, 흐림"
12626,혼촉,混觸,잘못이음
12625,혼종,混種,섞임씨
12624,혼입물,混入物,섞임
12623,혼아시바,本足場,쌍줄비계
12622,혼시배접,本紙褙接,본배접
12621,혼시,本紙,작품
12620,혼생,混生,섞여남
12619,혼바시라,本柱,본기둥
12618,혼모노,本物,"진짜, 진짜물건, 실물"
12617,혼돈스,本緞子,비단
12616,혼 퓨즈,horn fuse(영),뿔퓨즈
12615,혹성,惑星,행성
12614,호형토기,壺形土器,"불룩단지, 배부른단지"
12613,호형수로,弧形水路,"활꼴 수로, 활꼴 도랑"
12612,호텔리어,hotelier(영),①호텔 경영자 ②호텔 종사자
12611,호크,hock(영),걸단추
12610,호조,"好調, こうちょう(일)",순조
12609,호이스트,hoist(영),이동용 장치
12608,호열자,"虎列刺, コレラ(일)←cholera(네)","괴질, 콜레라"
12607,호야,ほや(일),등피
12606,호스,hose(영),"관, 고무관"
12605,호석,護石,둘레돌
12604,호생,互生,어긋나기
12603,호상,護床,"물받침, 물받이"
12602,호브,hob(영),나사내기
12601,호마유,胡麻油,참기름
12600,호마,胡麻,참깨
12599,호리꾼,"堀-, ほり-(일)",도굴꾼
12598,호러팬,horror fan(영),공포영화 애호가
12597,호러존털 크로스,horizontal cross(영),수평 이동
12596,호러 무비,horror movie(영),공포 영화
12595,호러,horror(영),"공포, 공포물"
12594,호도,胡桃,호두
12593,호네구미,骨組,"뼈대, 골조"
12592,호네,骨,속틀
12591,호꾸,ホック(일)←hock(네),"걸단추, 호크"
12590,호그스 백,hogs back(영),"돼지우리문, 돼지우리문장애물"
12589,호과,胡瓜,오이
12588,형해화되다,形骸化--,유명무실해지다
12587,형판,型板,거푸집널
12586,형성층,形成層,부름켜
12585,형,型,거푸집
12584,협잡,狹雜,속임
12583,협과,莢果,꼬투리 열매
12582,혈흔,血痕,핏자국
12581,혈흉,血胸,가슴 속 출혈
12580,혈종,血腫,"혈혹, 혈종"
12579,혈성액,血性液,피 섞인 액체
12578,혈복,血腹,혈액 복막
12577,혈구,血溝,피홈
12576,현충 선양 프로그램,,나라 사랑 참여 프로그램
12575,현지측량,現地測量,실측
12574,현자형 계량기,現字形計量器,숫자계량기(--計量器)
12573,현애,懸崖,낭떠러지
12572,현실,玄室,"무덤안방, 현실(main chamber)"
12571,현수점,懸垂點,매단 점
12570,현생인류,現生人類,호모사피엔스사피엔스(Homo sapiens Sapiens)
12569,혁필,革筆,비단
12568,헬프,help(영),도움말
12567,헬스,health(영),"운동, 기구 운동"
12566,헬드 볼,held ball(영),지연 반칙
12565,헨케이,變形,변체
12564,헨드펠바인딩심,Id-felled binding seam(영),감싸기 손바느질
12563,"헤테로 접합, 이종접합","heterojunction(영), 異種接合",이질접합(異質接合)
12562,헤어핀 샷,hairpin shot(영),그물 붙여 넘기기
12561,헤어핀 곡선,hair-pin(영)-曲線,반향 곡선
12560,헤어스타일,hair style(영),머리 모양
12559,헤어롤,hair roll(영),머리말개
12558,헤밍,hemming(영),단만들기
12557,헤리02,減り(일),감량
12556,헤로인,heroine(영),"주인공, 여주인공"
12555,헤딩 슛,heading shoot(영),머리받아 넣기
12554,헤드테이블,head table(영),주빈석
12553,헤드쿼터,headquarters(영),"본부, 지역 본부"
12552,헤드라인,headline(영),"① 표제, 제목 ② 머리 기사"
12551,헤드 헌팅,head hunting(영),"① 인력 중개, ② 인력 중개인"
12550,헤드 커버,head cover(영),채 덮개
12549,헤드,head(영),"머리, 채머리"
12548,헤드,head(영) 부분,"머리 부분, 앞부분"
12547,헝그리 정신,hungry(영) 精神,맨주먹정신
12546,험,hum(영),"잡음, 전원 잡음"
12545,헐액응고,血液凝固,피엉김
12544,허혈성 심장 질환,虛血性 心臟 疾患,"허혈 심장 질환, 허혈 심장병"
12543,허혈성 병변,虛血性 病變,허혈 병터
12542,"허위, 허위로",虛僞(-),거짓으로
12541,허스키,husky(영),쉰 목소리
12540,허브 사이트,hub site(영),"굴대 사이트, 중심 사이트"
12539,허브 공항,hub(영) 空港,중심 축 공항
12538,허부,許否,허가 여부
12537,허밍,humming(영),"잡음, 전원 잡음"
12536,향주,向柱,안내기둥
12535,향일성,向日性,빛따름성
12534,향신료,香辛料,"양념, 양념감"
12533,행잉 유닛,hanging unit(영),매단 장치
12532,행열도,行列圖,행렬도
12531,행어,hanger(영),걸고리
12530,행랑사,行廊舍,"행랑채, 행랑"
12529,행락철,行樂-,나들이철
12528,햄스트링,hamstring(영),허벅지뒷근육/허벅지뒤힘줄
12527,핸섬하다,handsome(영)--,"말쑥하다, 멋있다"
12526,핸디캡,handicap(영),기준타 차
12525,핸들터치,handle touch(영),"태, 태깔"
12524,핸들링,handling(영),"손 닿기, 손 대기"
12523,핸들리스 타입,handleless type(영),"민손잡이형, 민손잡이 방식"
12522,핸드필링,hand feeling(영),촉감
12521,핸드피스,hand piece(영),전동 갈개
12520,핸드프린팅,hand printing(영),기념손찍기
12519,핸드블렌더,hand-blender(영),"손방아, 전기 손방아, 맷돌, 전기 맷돌"
12518,핸드 프로퍼티,hand property(영),손도구
12517,핸드 시그널,hand signal(영),수신호
12516,핸드 브레이크,hand brake(영),"수동 멈춤 장치, 손 제동 장치"
12515,해피 메이커약품,happy maker(영)藥品,행복 약품
12514,해프닝,happening(영),① 웃음거리 ② 우발 사건 ③ 촌극
12513,해패,薤菜,염교
12512,해트 트릭,hat trick(영),혼자 삼 득점
12511,해킹 파울,hacking foul(영),치기 반칙
12510,해철,解綴,묶음 풀기
12509,해저드01,hazard(영),장애물
12508,해식,海蝕,해안 침식
12507,해면상 혈관종,海綿狀 血管腫,해면종
12506,항타공,杭打工,말뚝박기
12505,항아리,壺,"항아리, 단지(jar)"
12504,핫이슈,hot issue(영),주요 쟁점
12503,핫슨,八寸,"여덟치, 24cm"
12502,핫 플레이스,hot place(영),"뜨는곳, 인기명소"
12501,핫 코너,hot corner(영),"3루, 강습 구역"
12500,합치하다,合致--,"일치하다, 맞다"
12499,합치,閤緻,맞춤
12498,합접,合椄,맞접
12497,"합장묘, 어울무덤",合葬墓,합장묘
12496,합승,合乘,함께타기
12495,함척,函尺,"스태프, 자"
12494,함수층,含水層,대수층
12493,함수비,含水比,함수율
12492,함바,"飯場, はんば(일)",현장 식당
12491,할출 할입,割齣割入,비정상후진 운행
12490,할출,割齣,비정상 운행
12489,할창,割創,큰칼 상처
12488,할접,割椄,짜개접
12487,할인,割引,덜이
12486,할양,割讓,나누어 받음
12485,할석쌓기,割石-,깬돌쌓기
12484,할리우드액션,Hollywood action(영),눈속임짓
12483,할률석,割栗石,부순자갈
12482,할당하다,割當--,배정하다
12481,한파구미,半端組,자투리짜기
12480,한쓰키,半月,"반달, 반달축"
12479,한쓰봉,"半-ズボン(일), はんズボン(일)←jupon(프)",반바지
12478,한발,旱魃,가뭄
12477,한마이,半枚,"반장, 반장쌓기"
12476,한량없다,限量-,그지없다
12475,한다,半田,땜납
12474,하황계수,河況係數,하상 계수(河狀係數)
12473,하프라인 슛,half line shoot(영),중앙선 슛
12472,하프 타임,half time(영),"중간 휴식, 중간 휴식시간"
12471,하프 웨이 라인,half way line(영),중앙선
12470,하프 스윙,half swing(영),절반 휘두르기
12469,하프 세트,half set(영),채 반 벌
12468,하프 샷,half shot(영),절반치기
12467,하프 백,half back(영),중앙 수비수
12466,하프 발리,half volley(영),중간 바로치기
12465,하프 매치,half match(영),반쪽 경기
12464,하프 라인,half line(영),중앙선
12463,하프 라운드,half round(영),반 라운드
12462,하토,下土,하층토
12461,하타가쿠,端太角,띠장재
12460,하코조,箱錠,함자물쇠
12459,하코자쿠,函尺,함척
12458,하코비,"運, はこび(일)",나름이
12457,하코구미,箱組,"테두리, 테두리짜기, 박스"
12456,"하코, 하코마와시",箱廻-し(일),귀돌리기
12455,하케누리,刷毛塗-り(일),솔칠
12454,하치부,"八分, はちぶ(일)","팔푼, 24mm"
12453,하치모리,"鉢盛, はちもり(일)",모듬요리
12452,하천밀도,河川密度,수계 밀도(水系密度)
12451,하천망,河川網,수계망(水系網)
12450,하천등급,河川等級,하천 차수
12449,하종가,下終價,하한가
12448,하조,夏鳥,여름새
12447,하적,河積,통수 단면적
12446,하저,河底,냇바닥
12445,하이힐,←high heeled shoes(영),뾰족구두
12444,하이훈,hyphen(영),붙임표
12443,하이픈,hyphen(영),붙임표
12442,하이퍼리얼리즘,hyperrealism(영),극사실주의
12441,하이패션,high fashion(영),고급풍의
12440,"하이틴, 틴에이저","high teen(영), teenager(영)","청소년, 십대"
12439,하이테크,high-tech(영),첨단기술
12438,하이킨,配筋,배근
12437,하이브리드카,hybrid car(영),복합동력차
12436,하이레벨,high-level(영),고급 수준
12435,하이라이트,highlight(영),① 백미(白眉) ② 압권(壓卷)
12434,하이 핸디캡,high handicap(영),높은 기준타 차
12433,하이 포스트,high post(영),자유투 지점
12432,하이 패스,high pass(영),"주행 카드, 고속도로 주행 카드"
12431,하이 클리어,high clear(영),높이 길게치기
12430,하이 일드 펀드,high yield fund(영),고수익 펀드
12429,하이 스틱,high stick(영),"높이들기, 높이들기반칙"
12428,하이 발리,high volley(영),높은 바로치기
12427,하우징,Housing(영),외함
12426,하우스푸어,house poor(영),내집빈곤층
12425,하우스 키퍼,house keeper(영),"객실 담당, 객실 담당원"
12424,하우스 웨딩,house wedding(영),정원 결혼식
12423,하우스 라이트,house light(영),객석등
12422,하엽준,荷葉齧,"연잎주름법, 하엽준"
12421,하여(...에) 당,當,"(...을) 겪어, 맞아"
12420,"하여 부, 하여 조건을 부",-負,"붙여서, 조건을 붙여서"
12419,하안,河岸,강기슭
12418,하시마루,端丸,고리점
12417,하시라와리,柱割-り(일),기둥나누기
12416,하시,"著, はし(일)",젓가락
12415,하상삭,河上索,짐올림줄
12414,하사미,"鋏, はさみ(일)","가위, 이발가위"
12413,하사리,河砂利,강자갈
12412,하사,河砂,강모래
12411,하부차,"波布茶, はぶちゃ(일)","결명자, 결명자차"
12410,하바,"幅, はば(일)","폭, 나비, 너비"
12409,하모노,はもの(일),자투리
12408,하면,夏眠,여름잠
12407,하리코미,張-り-込-み(일),원판 손질
12406,하리이시,張石,"붙임돌, 돌붙임"
12405,하리아나,針穴,바늘구멍
12404,하리시바,張芝,평떼
12403,하리보,針棒,바늘대
12402,하리가네,針金,"철사, 철선"
12401,하리가네,はりがね(일),철사(鐵絲)
12400,하류수고공,河流水叩工,앞물받침
12399,하류밀도,河流密度,수계 밀도
12398,하루나,"春菜, はるな(일)",왜갓
12397,하력,河礫,강자갈
12396,하량,下諒,헤아림
12395,하라쿠세,腹癖,배줄임
12394,하드보일드,hard-boiled(영),냉혹기법
12393,하드갑 포장기,,경갑 포장기
12392,하드 트레이닝,hard training(영),"맹훈련, 강훈련"
12391,하드 코트,hard court(영),포장 코트
12390,하드 스노,hard snow(영),언눈
12389,하도침식,河道沈蝕,하천 침식
12388,하도저류,河道貯留,하천 저류
12387,하도유량,河道流量,하천 유량
12386,하도안정,河道安定,하천 안정
12385,하도개선,河道改善,하천 개량
12384,하도강수량,河道降水量,수로상강수
12383,하도02,下圖,밑그림
12382,하도01,河道,"하천, 수로, 물길"
12381,하대,下帶,아랫단
12380,하다카,はだか(일),나동선(裸銅線)
12379,하다가네구루마,齒鏨車,끼움쇠
12378,하네,羽,날개
12377,하나란,花欄,꽃줄
12376,하기,下記,"아래, 다음"
12375,하구배,下句配,내림기울기
12374,하괘 활차,荷掛滑車,짐달림 도르래
12373,하계,河系,수계
12372,핑킹,pinking(영),톱니자르기
12371,핑크심,pinked seam(영),톱니시접
12370,핑거푸드,finger food(영),맨손음식
12369,핑거페인팅,finger painting(영),손가락 그림
12368,핑거 그립,finger grip(영),손가락 쥐기법
12367,핑가이시,ピンがいし일),핀애자(Pin碍子)
12366,핍뇨,乏尿,소변 감소증
12365,필한 자,畢-者,마친 사람
12364,필하다,畢--,"마치다, 끝내다"
12363,필포,必捕,"반드시 체포함, 꼭 잡음"
12362,필터설,filter(영)屑,"거르개 부스러기, 필터 부스러기"
12361,필터링 기능,filtering(영) 機能,여과 기능
12360,필착토록,必着--,반드시 닿도록
12359,필모그래피,filmography(영),"영화 목록, 작품 목록"
12358,필링,filling(영),"① 채움, 채우기 ② 틈새 풀칠"
12357,필리그리,filigree(영),선두리
12356,필로티 방식,piloti(영) 方式,"기둥 방식, 지주(支柱) 방식"
12355,필드 골,field goal(영),야투 득점
12354,필드,field(영),① 현장 ② 경기장
12353,필더스 초이스,fielders choice(영),야수 선택(野手選擇)
12352,필더 초이스,fielder's choice (영),야주 선택
12351,필경,畢竟,마침내
12350,핀테크,fintech(영),"금융 기술, 금융 기술 서비스"
12349,핀칭,pinching(영),빚기
12348,핀치 히터,pinch hitter(영),"대타, 대타자"
12347,핀치 러너,pinch runner(영),"대주자, 대리주자"
12346,핀치,pinch(영),"위기, 위기 상황"
12345,핀,pin(영),깃대
12344,픽토리얼 리얼리즘,pictorial realism(영),회화적 사실주의
12343,픽킹 컨베이어,picking conveyor(영),선별 컨베이어
12342,픽처바니시,picture varnish(영),보존 광칠
12341,픽처리제이션,picturization(영),무대 그림 만들기
12340,픽처,picture(영),그림
12339,픽업되다,pick up(영)--,발탁되다
12338,픽션,fiction(영),허구
12337,픽서티브,fixative(영),정착제
12336,픽기어,pick gear(영),걸톱니바퀴
12335,피학대아 증후군,被虐待兒 症候群,매 맞는 아이 증후군
12334,피피엘(PPL)광고,product placement(영)廣告,간접 광고
12333,피폐,疲弊,황폐
12332,피티/퍼스널 트레이닝,P.T.(Personal Training(영)),일대일 맞춤운동
12331,피트니스센터,fitness center(영),"체력 단력장, 체력 단력 센터"
12330,피트니스,fitness(영),① 체력 단련 ② 체력 단련복
12329,피트,pit(영),피트석
12328,피투피,P2P(peer to peer(영)),"개인 간, 개인 간 공유"
12327,피킹,picking(영),가려내기
12326,피킨,pekin(영),세로줄 무늬
12325,피크유량,peak(영)-流量,첨두 유량
12324,피크닉,picnic(영),소풍
12323,피크 타임,peak time(영),"①절정기 ②한창, 한탕 때"
12322,피켓,picket(영),"팻말, 손팻말"
12321,피칭 웨지,pitching wedge(영),붙이기채
12320,피칭 스태프,pitching staff(영),투수진
12319,피칭 머신,pitching machine(영),타격 연습기
12318,피칭,pitching(영),정어미
12317,피치 앤드 런,pitch and run(영),띄워굴리기
12316,피치 샷,pitch shot(영),띄워치기
12315,피치,pitch(영),음 높이
12314,피처 플레이트,pitcher's plate(영),투수판
12313,피처 스토리,feature story(영),특집 기사
12312,피처 마운드,pitcher's mound(영),투수 자리
12311,피처,pitcher(영),투수
12310,피오피,P.O.P.(Point Of Purchase Advertising(영)),매장 광고
12309,피어싱족,piercing(영) 族,고리족
12308,피앤드에이,P&A(purchases & assumptions(영)),자산 부채 인수(P&A)
12307,피아페,piaffe(프),"제자리 걸음, 제자리 걷기"
12306,피씨비,PCB(영),인쇄 회로 기판
12305,피싱,phishing(영),전자금융사기
12304,피스테,Piste(독),활주 자국
12303,피소,皮燒,"볕데기, 껍질데기"
12302,피셔먼매듭,fisherman(영)-,겹홀쳐매기
12301,피상전력,皮相電力,겉보기전력
12300,피복공,被覆工,덮기
12299,피벗맨,pivot man(영),중간 지킴이
12298,피벗 슛,pivot shoot(영),문전 쏘기
12297,피벗,pivot(영),한 발 돌기
12296,피버팅 킥,pivoting kick(영),돌려차기
12295,피버팅,pivoting(영),축 회전
12294,피발작업,-拔作業,피사리
12293,피몽하다,被蒙--,입다
12292,피몽시키다,被蒙,입히다
12291,피목,皮目,껍질눈
12290,피마준,披麻齧,"베올주름법, 피마준"
12289,피리어드 스타일,period style(영),시대 양식
12288,피리어드,period(영),온점
12287,피루에트,pirouette(프),"휘돌기, 앞 뒷발휘돌기"
12286,피드백,feedback(영),① 되먹임 ② 평가 의견
12285,피드,feed(영),공 배급
12284,피더 선,Feeder(영) 선,급전선(給電線)
12283,피니싱,finishing(영),마무리
12282,피니시 라인,finish line(영),결승선
12281,피니시,finish(영),끝
12280,피겨,figure(영),정밀 모형
12279,피거드위브,figured weave(영),무늬천
12278,피 하출혈,皮 下出血,"피부 밑 출혈, 멍"
12277,피 내출혈,皮 內出血,피부 내출혈
12276,플린칭,flinching(영),반동
12275,플리트,flit(영),"알 유약, 알갱이 유약"
12274,플루크 파렌,Pflug Fahren(독),강 제동 활강(强制動滑降)
12273,플루크 턴,pflug turn(영),A자형 회전
12272,플루크 보겐,Pflug Bogen(독),A자형 회전
12271,플루크,Pflug(독),A자형 활강
12270,플롯,plot(영),구성
12269,플로터 서비스,floater service(영),변화구 메김
12268,플로차트,flowchart(영),흐름도
12267,플로어,floor(영),"마루, 마루 바닥"
12266,플로리스트,florist(영),화초 전문가
12265,플로라,flora(영),식물상(植物相)
12264,플로 플랜,floor plan(영),평면도
12263,플레잉코치,playing coach(영),선수 겸 코치
12262,플레이하우스,playhouse(영),"극장, 연극장"
12261,플레이팅,plating(영),담음새
12260,플레이스먼트,placement(영),빈자리 공격
12259,플레이스 히팅,place hitting(영),빈틈치기
12258,플레이스 킥,place kick(영),놓고 차기
12257,플레이스,place(영),공놓기
12256,플레이메이커,playmaker(영),주도 선수
12255,플레이라이팅,playwriting(영),극작(劇作)
12254,플레이라이트,playwright(영),극작가
12253,플레이노콘벡스 스폿 라이트,plano-convex spot light(영),"요철 조명, 요철 조명기"
12252,플레이02,play(영),희곡
12251,플레이01,play(영),"경기, 놀이"
12250,플레이 온,play on(영),경기 속행
12249,플레이 오프,play off(영),연장전
12248,플레이 스크립트,play script(영),극본
12247,플레이 볼,play ball(영),"시작, 경기 시작"
12246,플러터,flutter(영),이탈 진동(離脫振動)
12245,"플러스플레이어, 플러스 핸디캡 플레이어",plus handicapplayer(영),상위 기준 타 차
12244,플러스,plus(영),더하기
12243,플러드라이트,floodlight(영),"확산 조명, 확산 조명기"
12242,플랫펠심,flat felled seam(영),쌈솔
12241,플랫심,flat seam(영),맞물림시접
12240,플랫 페인팅,flat painting(영),바탕칠
12239,플랫 코스,flat course(영),평탄 코스
12238,플랫 스윙,flat swing(영),수평 휘두르기
12237,플랫 슈즈,flat shoes(영),납작구두
12236,플랫 서브,flat serve(영),무회전 메김
12235,플랫 드라이브,flat drive(영),무회전 길게치기
12234,플랫,flat(영),"장치틀, 기본 장치틀"
12233,플랩 북,flap book(영),날개책
12232,플랜트,plant(영),"설비, 시설"
12231,"플래티넘, 플래티넘 판매",platinum(영),"백만장, 백만장 판매"
12230,플래시,flash(영),"주시, 주목, 손전등"
12229,플래그십 스토어,flagship store(영),체험판매장
12228,플래그런트파울,flagrant foul(영),과격한 반칙
12227,플래그,flag(영),깃대
12226,플라잉 시스템,flying system(영),매달기 방식
12225,플라잉,flying(영),매달기
12224,플라이트,flight(영),나는 모양
12223,플라이어,plier(영),둥근집게
12222,플라이 볼,fly ball(영),뜬 공
12221,플라워 숍,flower shop(영),꽃집
12220,플라스크,flask(영),둥근집게
12219,플라스모가미,plasmogamy(영),원형질 융합
12218,프린트 셔츠,print shirts(영),무늬 셔츠
12217,프리휠링다이오드,FreeWheelingDiode(영),환류(還流)다이오드
12216,프리터족,freeter(영)族,자유벌이족
12215,"프리킥, 프리 킥",free kick(영),자유축
12214,프리퀄,"prequel(영), 前史篇",전사편
12213,프리캐스팅,precasting(영),사전 배역
12212,프리전테이셔널리즘,presentationalism(영),제시주의
12211,프리블렌더,preblender(영),혼합기
12210,프리블락킹,preblocking(영),사전 동선 짜기
12209,프리뷰,preview(영),"시사회, 미리보기"
12208,프리랜서,free-lancer(영),"① 비전속, 비전속인 ② 자유 계약자, 자유 활동가, 자유 기고가"
12207,프리 히트,free hit(영),자유타
12206,프리 스타일 스트라이드,free style stride(영),자유형 활주법
12205,프리 스타일 스키,free style ski(영),자유형 스키
12204,프리 스로 라인,free throw line(영),9m선
12203,프리 스로,free throw(영),"자유투, 9m 던지기"
12202,프리 배팅,free batting(영),타격 연습
12201,프리 드로우 투 샷,free throw two shot(영),자유투 둘
12200,프리 드로우,free throw(영),자유투
12199,프리,←freelancer(영),비전속
12198,프롬프트 사이드,prompt side(영),"왼쪽, 무대 왼쪽"
12197,프롤레타리아,proletarian(영),무산계급
12196,프론트 코트,front court (영),"공격목, 공격 진영"
12195,프론트 데스크,front desk(영),현관 접수
12194,프론,prone(영),엎드려 쏘기/쏴
12193,프로페셔널 골퍼,professional golfer(영),전문 골프인
12192,"프로파일러, 프로파일링","profiler, profiling(영)","범죄분석가, 범죄분석"
12191,프로파간다,propaganda(영),① 선전 ② 선동
12190,프로토타입,prototype(영),원형
12189,프로토콜,protocol(영),통신 규약
12188,프로텍터,protector(영),"보호대, 보호구"
12187,프로태거니스트,protagonist(영),주인공
12186,프로타주,frottage(프),뜨기
12185,프로젝티드 시너리,projected scenery(영),환등 장치
12184,프로젝트,project(영),"① 계획, 기획 ② 사업, 과제, 일감, 연구 과제"
12183,프로시니엄 칼럼,proscenium column(영),"그림틀 무대 기둥, 액자 무대 기둥"
12182,프로시니엄 아치,proscenium arch(영),"그림틀 무대 아치, 액자 무대 아치"
12181,프로시니엄,proscenium(영),"그림틀 무대, 액자 무대"
12180,프로세싱,processing(영),처리
12179,프로세스,process(영),공정(工程)
12178,프로세서,processor(영),처리기
12177,프로비저널 볼,provisional ball(영),잠정구(暫定球)
12176,프로블럼 플레이,problem play(영),문제극
12175,프로모션,promotion(영),"흥행사, 흥행, 판촉, 홍보"
12174,프로덕션,production(영),제작소
12173,프로네이션,pronation(영),내전(內轉)동작
12172,프로갬블러,←professional gambler(영),"도박사, 직업 도박사"
12171,프로,professional(영),"전문가, 직업(...)"
12170,프렌치심,French seam(영),통솔
12169,프렌치 오픈,French open(영),프랑스 오픈 테니스 대회
12168,프레젠트,present(영),선물
12167,프레젠테이션,presentation(영),시청각설명(회)
12166,프레임 샷,frame shot(영),채 둘레 치기
12165,프레싱02,pressing(영),밀착 방어
12164,프레시하다,fresh(영)--,싱싱하다
12163,프레스 콜,press call(영),언론 시연회
12162,프레스 디펜스,press defense(영),밀착 방어
12161,프레스,press(영),압박
12160,프레널 스폿 라이트,fresnel spot light(영),"주름 조명, 주름 조명기"
12159,프런티어,frontier(영),개척자
12158,프런트 티,front tee(영),앞 첫 타구역
12157,프런트 코트,front court(영),상대 지역
12156,프런트 오브 하우스 라이팅,front of house lighting(영),객석 조명
12155,프런트 오브 하우스,front of house(영),"객석, 관객석"
12154,프런트 엘러베이션,front elevation(영),앞 입면도
12153,프런트 사이트,front sight(영),가늠쇠
12152,프런트 레프트 가드,front left guard(영),좌전방 수비수
12151,프런트 러너,front runner(영),선두 주자
12150,프런트 라이트 가드,front right guard(영),우전방 수비수
12149,프런트 나인,front nine(영),전반 9홀
12148,프런트 가드,front guard(영),전방 수비수
12147,프러포션,proportion(영),틀
12146,프러넌시에이션,pronunciation(영),발음
12145,프랜차이즈형,franchise(영)-形,지역할당형
12144,프랜차이즈,franchise(영),①연쇄점 ②지역할당 ③ 가맹점
12143,프랙티스 스윙,practice swing(영),휘두르기 연습
12142,프랙티스 라운드,practice round(영),연습 경기
12141,프랙티스 그린,practice green(영),연습 그린
12140,프락치,fraktsiya(러),① 첩자 ② 끄나풀
12139,프라잉 체인지,flying change(영),"발 바꾸기, 공중발 바꾸기"
12138,프라임 타임,prime time(영),황금 시간
12137,프라이팬,frying pan(영),"튀김 판, 지짐 판"
12136,프라이팬,←frying pan(영),"지짐 판, 튀김 판"
12135,프라이빗 시어터,private theatre(영),사설 극장
12134,프라이빗 뱅킹,private banking(영),맞춤 금융
12133,프라이드치킨,fried chicken(영),닭고기 튀김
12132,프라이드에그,fried egg(영),계란 부침
12131,프라브족,PRAV(Proud Realisers of Added Value(영))족,알뜰개성족
12130,퓨처리즘,futurism(영),미래파
12129,퓨전,fusion(영),①융합 ②혼합 ③뒤섞기
12128,퓨레/퓌레,purée(프),과립즙
12127,퓌리슴,purisme(프),비례
12126,풍혈,風穴,바람 구멍
12125,풍향,風向,바람 방향
12124,풍치림,風致林,경관림(景觀林)
12123,풍식,風蝕,바람 침식
12122,풍령,風鈴,풍경
12121,풋백옵션,put back option(영),사후 손실 보전
12120,풋노트,footnote(영),각주
12119,풋 폴트,foot fault(영),발 반칙
12118,풋 워크,foot work(영),"발 움직임, 발놀림"
12117,풋 액션,foot action(영),발 동작
12116,풋 스티어링,foot steering(영),발바꿔 방향 전환
12115,풋 쉬벌,foot swivel(영),축 방향 전환
12114,풋 볼,foot ball(영),하체 반칙
12113,풋 라이트,foot light(영),"바닥 조명, 바닥 조명기"
12112,품절,品切,"없음, 물건없음"
12111,품신,稟申,건의
12110,풀타임 메이저 리거,full time major leaguer(영),전 경기 메이저 리그 선수
12109,풀타임,full time(영),"온 시간, 전 시간"
12108,풀코트 프레싱,full-court pressing(영),전면 압박 수비
12107,풀코스,full course(영),"온 구간, 전 구간"
12106,풀옵션,full option(영),모두갖춤
12105,풀시드,full seed(영),전 경기 출전권
12104,풀스토리,full story(영),"내력, 온내력"
12103,풀서비스,full service(영),완전 봉사
12102,풀빌라,pool villa(영),"수영장 빌라, 전용 수영장 빌라"
12101,풀백,full back(영),"후면, 후면 자세"
12100,풀 프런트,full front(영),"정면, 정면 자세"
12099,풀 애니메이션,full animation(영),순수 만화 영화
12098,풀 시스템,pool system(영),"공동 취재, 공동 취재 방식"
12097,풀 스크린,full screen(영),"전 화면, 전체 화면"
12096,풀 스윙,full swing(영),모두휘두르기
12095,풀 세트,full set(영),채 한 벌
12094,풀 샷,full shot(영),"모두치기, 모두휘두르기"
12093,풀 베이스,full base(영),만루
12092,풀 마크,full mark(영),만점
12091,풀 리그,full league(영),연맹전
12090,풀 다운 메뉴,pull-down menu(영),펼쳐내림 메뉴
12089,풀,pull(영),당겨치기
12088,풀,full(영),① 전부 ② 모두
12087,푸어 시어터,poor theatre(영),가난한 연극
12086,푸싱 파울,pushing foul(영),밀기 반칙
12085,푸싱 스타트,pushing start(영),출발 보조
12084,푸싱 슛,pushing shoot(영),밀어넣기
12083,푸싱,pushing(영),"떠밀기, 떠밀다"
12082,푸시맨,push man(영),"탑승 도움이, 탑승 도우미"
12081,푸시 패스,push pass(영),밀어주기
12080,푸시 스타트,push start(영),밀치기 출발
12079,푸시 샷,push shot(영),"밀어치기, 밀어치기타법"
12078,푸시 버튼,push button(영),누름 단추
12077,푸시,push(영),밀기
12076,푸드코트,food court(영),먹을거리 장터
12075,푸드뱅크,food bank(영),먹거리나눔터
12074,푸드 스타일리스트,food stylist(영),요리 예술사
12073,표피 박탈,表皮 剝脫,피부 벗겨짐
12072,표판,表板,겉판
12071,표충,瓢蟲,무당벌레
12070,"표지병, 도로 표지병","標識鋲, 道路 標識鋲",길반짝이
12069,표준 하체,標準 下體,표준 미달체
12068,표재성 모세혈관,表在性 毛細血管,"표재 모세혈관, 얕은 모세혈관"
12067,표석,①標石 ②表石,푯돌(stone marker)
12066,표상,表象,본보기
12065,표모피,漂母皮,불은 피부
12064,폴트,fault(영),"실패, 반칙, 메김 실패"
12063,폴스 프로시니엄,false proscenium(영),"가짜 그림틀 무대, 가짜 액자 무대"
12062,폴리페서,polifessor(영),정치철새교수
12061,폴리싱,polishing(영),다듬기
12060,폴리스 라인,police line(영),통제선
12059,폴로스루,follow through(영),①끝까기 휘두르기 ②추적
12058,폴로 윈드,follow wind(영),뒷바람
12057,폴로 업캐치,follow up catch(영),튄공 잡기
12056,폴로 업,follow up(영),뒤 받치기
12055,폴03,pole(영),기둥
12054,폴02,Pole(영),극
12053,폴01,pole(영),지팡이
12052,폴 플랜트,pole plant(영),안쪽 지팡이찍기
12051,폴 배너,pole banner(영),"안내 표지, 안내 표지판"
12050,폴 라인,fall line(영),"최대 비탈, 낙하선(落下線)"
12049,폰페이지,phone page(영),① 전화 누리집 ② 전화 둥지
12048,폰트,font(영),글자체
12047,폭접,幅接,이맞춤
12046,폭쇄,爆碎,튀김
12045,폭고정기,폭 고정기,바람 구멍
12044,포핸드 스트로크,forehand stroke(영),앞쪽 땅볼 치기
12043,포핸드 발리,forehand volley(영),앞쪽 바로치기
12042,포피유,poppy(영)油,양귀비 기름
12041,포퓰리즘,populism(영),"대중주의, 대중 영합주의"
12040,포퓰리스트,populist(영),"대중주의자, 대중 영합주의자"
12039,포퓰러 드라마,popular drama(영),대중극
12038,포틴 클럽 룰,14 club rule(영),14 채 사용 규칙
12037,포트밀,potmill(영),"갈개, 유약 갈개"
12036,포트레이트,portrait(영),"세로, 세로 방향"
12035,포토커플러,PhotoCoupler(영),광결합기(光結合器)
12034,포토저널리스트,photojournalist(영),사진작가
12033,포토센서,PhotoSensor(영),광감지기(光感知機)
12032,포토데이,photo day(영),사진 홍보
12031,포토 타임,photo time(영),"촬영 시간, 사진 촬영 시간"
12030,포토 라인,photo line(영),사진 선
12029,포테이토샐러드,potato salad(영),감자 샐러드
12028,포테이토,french fried potato(영),"튀긴 감자, 감자 튀김"
12027,"포터블, 포터블 제품",portable(영),"휴대용, 휴대용 제품"
12026,포터블 컴퓨터,portable computer(영),휴대용 컴퓨터
12025,포크 플레이,folk play(영),민속극
12024,포커페이스,poker face(영),무표정
12023,포커스마켓,focus market(영),주요 시장
12022,포칭,poaching(영),가로채기
12021,포징,forging(영),벼림질
12020,포지션 플레이,position play(영),위치 활용작전
12019,포지션,position(영),① 위치 ② 자리
12018,포즈02,pause(영),① 사이 ② 휴지(休止)
12017,포즈01,pose(영),자세
12016,포적,布積,켜쌓기
12015,포인팅,pointing(영),찌르기
12014,포인트02,point(영),득점
12013,포인트 오브 어택,point of attack(영),구성 시작점
12012,포인트 레이스,point race(영),득점 경기
12011,포워드 스윙,forward swing(영),앞 내밀기
12010,포워드 린,foreward lean(영),"전경 자세, 앞 체중 싣기, 앞쪽 체중 싣기"
12009,포워드,forward(영),"앞 수비, 앞 수비지역, 전위, 전위 공격수"
12008,포엽,苞葉,이삭잎
12007,포암 패스,forearm pass(영),팔뚝 연결
12006,포스트프로덕션,post-production(영),후반 작업
12005,포스트맨,post man(영),"공격수, 장신공격수"
12004,포스트~,post ~,~이후
12003,포스트 플레이,post play(영),말뚝 작전
12002,포스트 월드컵,post world cup(영),월드컵 이후
12001,포스트,post(영),① 직위 ② 부서
12000,포수대,飽水帶,포화수대
11999,포비슴,fauvisme(프),"야수파, 야수주의"
11998,포복경,匍匐莖,기는 줄기
11997,포바디,forebody(영),전단부
11996,포메이션,formation(영),"대형, 대형갖추기, 진형, 진형갖추기"
11995,포멀웨어,formal wear(영),정장
11994,포멀 세팅,formal setting(영),추상 무대 장치
11993,포말괴,泡沫塊,거품 덩이
11992,포름,forme(프),"형태, 꼴"
11991,포르노그래피,pornography(영),성애물
11990,포르노,pornograph(영),① 외설물 ② 도색물
11989,"포기, 포기조",曝氣槽,"공기공급, 공기공급조"
11988,포 히츠,four hits(영),"네 번 닿기, 네 번 닿기 반칙"
11987,포 캐디,fore caddie(영),전방 신호수
11986,폐혈전 색전증,肺血栓 塞栓症,허파 혈전 색전증
11985,폐합절선,閉合折線,폐합 트래버스
11984,폐포 내출혈,肺胞 內出血,허파 꽈리 속출혈
11983,폐제,廢堤,폐짓둑(廢止-)
11982,폐일언,蔽一言,한마디로
11981,폐수종,肺水腫,폐부종
11980,폐쇄성 계제,閉鎖性 係蹄,닫힌 올가미
11979,폐성심,肺性心,허파 심장증
11978,폐색막,閉塞膜,"보호막, 묶음끈"
11977,폐색 방식,閉塞方式,막힌 운행방식
11976,폐색 구간,閉塞區間,막힌운행구간
11975,폐비,閉比,폐합비(閉合比)
11974,폐렴,肺炎,"허파염, 폐렴"
11973,폐동맥 판 협착증,肺動脈 瓣 狹窄症,허파동맥 판막 협착증
11972,폐농양,肺膿瘍,"폐고름집, 폐농양"
11971,폐기종,肺氣腫,폐공기종
11970,평휴,平畦,평이랑
11969,평필,平筆,넓적붓
11968,평파식공,平播植工,넓적다발심기
11967,평천장,平天障,납작천장(flat ceiling)
11966,평접합,平接合,평줄눈
11965,평저발,平底鉢,납작밑바리(bowl with flattened base)
11964,평와,平瓦,평기와(flat tile)
11963,평예법,平刈法,평뜨기
11962,평예,坪刈,"둘레베기, 둘레깎기"
11961,평사,平舍,"바닥기르기, 바닥장"
11960,편호,扁壺,납작 항아리
11959,편타 손상,鞭打 損傷,채찍질 상처
11958,편책호안공,編柵護岸工,바자기슭막이
11957,편책유토공,編柵留討工,바자흙막이
11956,편책수로,編柵水路,"바자수로, 바자도랑"
11955,편책보안공,編柵保岸工,바자기슭막이
11954,편책보곡공,編柵保谷工,바자골막이
11953,편책댐,編柵-dam(영),바자댐
11952,편책공,編柵工,바자얽기
11951,편책,編柵,바자
11950,편애,偏愛,치우친 사랑
11949,편석,片石,깬돌
11948,편상화,編上靴,목구두
11947,편병,扁甁,"납작병, 자라병"
11946,편벌,編筏,뗏목엮기
11945,편물,編物,뜨개것
11944,편구배,片勾配,외쪽물매
11943,편경사,扁傾斜,횡단기울기
11942,펠팅기,felting machine(영),부풀리개
11941,펠로십,fellowship(영),연구 지원금
11940,펠로 컴페티터,fellow competitor(영),동반 경기자
11939,펜트하우스,penthouse(영),하늘채
11938,펜시 게이트,fency gate(영),"담장문, 담장문장애물"
11937,펜션,pension(영),"고급 민박, 고급 민박집"
11936,펜듈럼 볼,pendulum ball(영),흔들이공
11935,페트롤,petrolatum(영),유화(油畵) 기름
11934,페치카,pechka(러),벽난로
11933,페인팅02,feinting(영),속임 동작
11932,페인팅01,painting(영),"색칠, 그림, 회화"
11931,페인팅 나이프,painting knife(영),그림칼
11930,페인트 존,paint zone(영),3초 제한 구역
11929,페인트 모션,feint motion(영),속임 동작
11928,페인트 건,paint gun(영),칠분무기
11927,페인트,feint(영),속임 동작
11926,페인터스 엘러베이션,painter's elevation(영),그림 입면도
11925,페이퍼튜브,paper tube(영),"그림, 회화"
11924,페이퍼메이킹,paper making(영),종이 대롱
11923,페이퍼 컴퍼니,paper company(영),"서류상 회사, 유령 회사"
11922,페이크,fake(영),"속임수, 속임 동작"
11921,페이지 뷰,page view(영),① 쪽보기 ② 방문자 수
11920,페이지 넘버,page number(영),쪽번호
11919,페이스메이킹,pacemaking(영),속도 조절
11918,페이스매핑,Face mapping(영),사면전개도
11917,페이스 페인팅,face painting(영),얼굴 그림
11916,페이스 메이커,pace maker(영),도움 선수
11915,페이스,face(영),접촉면
11914,"페이소스, 파토스",pathos(그),"정한(情恨), 애상(哀傷), 애수(哀愁)"
11913,페이백,pay back(영),보상 환급
11912,페이드,fade(영),오른쪽 흐름
11911,페어플레이,fair play(영),정당한 대결
11910,페어웨이,fairway(영),적정 구역
11909,페어 플라이,fair fly(영),산 뜬공
11908,페어 볼,fair ball(영),산 공
11907,페어 그라운드,fair ground(영),내역
11906,페어,fair(영),"정당한, 깨끗한"
11905,페어,pair(영),짝
11904,페디큐어,pedicure(영),발톱 화장
11903,페더레이션 컵,federation cup(영),세계 여자국가 대항전
11902,페달링,pedaling(영),발판 밟기
11901,페달 푸싱,pedal pushing(영),번갈아 누르기
11900,페다시로,,먹판 음각
11899,페널티킥,penalty kick(영),벌칙차기
11898,페널티 킥 마크,penalty kick mark(영),벌칙차기 지점
11897,페널티 코너 마크,penalty corner mark(영),공 투입 지점
11896,페널티 에어리어,penalty area(영),벌칙구역
11895,페널티 스폿,penalty spot(영),반칙 지점
11894,페널티 스트로크,penalty stroke(영),벌타
11893,페넌트 레이스,pennant race(영),①정규 경기 ②정규 레이스
11892,펑키룩,funky look(영),펑키 차림
11891,펑션 키,function key(영),"기능 글쇠, 기능 키"
11890,펑션 제너레이터,Function Gererator(영),함수 발생기(函數發生機)
11889,펑션,function(영),"기능, 함수"
11888,펌프 에어 건,pump air gun(영),펌프식 공기총
11887,펌블,fumble(영),"놓침, 잡다 놓침"
11886,펀칭하다,punching(영),쳐내다
11885,펀칭기,punching machine(영),디딜판
11884,펀치 샷,punch shot(영),"낮게 몰아 치기, 눌러 박아치기"
11883,펀치,punch(영),주먹
11882,펀드 매니저,fund manager(영),"투자관리자, 투자금 관리자"
11881,펀더멘털,fundamental(영),"기초여건, 경제 기초여건"
11880,퍼포먼스인덱스,Performance Index(영),성능지수(性能指數)
11879,퍼포먼스 예술,performance(영)-藝術,행위예술
11878,퍼포먼스,performance(영),"1. 속공연, 2. 설정극"
11877,퍼펙트 게임,perfect game(영),완전 경기
11876,퍼팅 라인,putting line(영),퍼팅선
11875,퍼터베이션,Perturbation(영),섭동(攝動)
11874,퍼즐,puzzle(영),"짜 맞추기, 알아맞히기"
11873,퍼스트 서브,first serve(영),첫 메김
11872,"퍼스트 베이스, 퍼스트 베이스 맨",first base man(영),"1루, 1루수"
11871,퍼스트 레퍼리,first referee(영),주심
11870,퍼스널 파울,personal foul(영),접촉 반칙
11869,퍼스널 컴퓨터,personal computer(영),개인용 컴퓨터
11868,퍼스낼리티,personality(영),개성
11867,퍼블릭 코스,public course(영),대중 골프장
11866,퍼블릭 시어터,public theatre(영),공공 극장
11865,퍼블리시티,publicity(영),"광고, 대중성"
11864,퍼머넌트프레스,permanent press(영),구멍뚫이
11863,퍼머넌트롤,permanent roll(영),퍼머감개
11862,퍼머넌트 픽스처,permanent fixture(영),코트 시설물
11861,퍼내티시즘,fanaticism(영),"열광주의, 광신주의"
11860,퍼그밀,pugmill(영),불변 주름
11859,팽드르(페인드),peindre(프),"반죽틀, 흙반죽틀"
11858,팬시점,fancy(영)-店,선물 가게
11857,팬레터,fan letter(영),애호가 편지
11856,팬덤,fandom(영),"열성 팬, 열성 조직"
11855,팬03,←panning(영),훑어찍기
11854,팬01,fan(영),애호가
11853,팩토리얼,factorial(영),순차곱셈
11852,팩터,factor(영),인수
11851,팩션,faction(←fact+fiction)(영),각색실화
11850,팩,pack(영),압축
11849,패티너,patina(영),녹임 기름
11848,패트롤카,patrol car(영),순찰차
11847,패키지 여행,package(영)-旅行,"한묶음, 한묶음 여행"
11846,패키지,package(영),"① 꾸러미 ② 묶음, 한묶음"
11845,패치포켓,patch pocket(영),"붙임주머니, 덧주머니"
11844,패옥,佩玉,"드리개옥, 패옥(pendant jade)"
11843,패싱 앵글,passing angle(영),공 주기 각도
11842,패싱 샷,passing shot(영),공빼기
11841,패싱 더 센터라인,passing the centerline(영),중앙선 넘기
11840,패시지,passage(영),"껑충걷기, 발 높이 걷기"
11839,패시브하우스,passive house(영),초단열주택
11838,패스하다,pass(영)--,"전하다, 건네다, 연계하다, 지나다, 합격하다, 통과하다"
11837,패스트푸드,fast-food(영),즉석 음식
11836,패스트 트랙,fast track(영),신속 처리제
11835,패스트 브레이크,fast break(영),속공
11834,패스트 볼,passed ball(영),놓친 공
11833,패스트 그린,fast green(영),빠른 그린
11832,패스 미스,pass miss(영),"잘못 주기, 잘못 주다"
11831,패스,pass(영),① 통과 ② 합격
11830,패셔너블하다,fashionable(영)--,"멋지다, 감각적이다"
11829,패밀리 레스토랑,family restaurant(영),가족 식당
11828,패럴렐 턴,parallel turn(영),평행 회전
11827,패럴렐 바,parallel bar(영),평행 장애물
11826,패럴렐,parallel(영),평행 활주
11825,패러다임,paradigm(영),"틀, 체계"
11824,패들링,paddling(영),"노질, 노젓기"
11823,패드,pad(영),"받침, 느리개, 채우개"
11822,패드,fad(영),지속 유행
11821,패닉룸,panic room(영),피신처
11820,패닉 상태,panic(영) 狀態,공황 상태
11819,패널,panel(영),토론자
11818,패그엔드,fagend(영),고루들이기
11817,패각분말,貝殼粉末,조가비 가루
11816,팝업 북,pop-up book(영),입체책
11815,팝업 윈도우,pop-up window(영),알림창
11814,팝업 스토어,pop-up store(영),반짝매장
11813,팝아트,pop art(영),대중 미술
11812,팝송,←popular song(영),"대중가요, 외국 대중가요"
11811,팜 레스트,palm rest(영),손바닥 받침대
11810,팜 그립,palm grip(영),손바닥 쥐기
11809,팔주령,八珠鈴,여덟가지 방울(shaman tool with eight bells)
11808,팔위,八圍,여덟에움
11807,팔부바지,八分-,팔푼 바지
11806,팔로잉,following(영),따름벗
11805,팔로어,follower(영),딸림벗
11804,팔로 스폿,follow spot(영),"이동 집중 조명, 이동 집중 조명기"
11803,팔레트나이프,palette(프) knife(영),"갤칼, 팔레트 칼"
11802,팔레트,palette(프),갤판
11801,판토마임(→ 팬터마임),pantomime(영),무언극
11800,판타지 동화,fantasy(영) 童話,환상 동화
11799,판타지,fantasy(영),환상
11798,판타스틱하다,fantastic(영)--,① 환상적이다 ② 공상적이다
11797,판책공,板柵工,"판자울얽기, 판자울짱얽기"
11796,판자보곡공,板子保谷工,널골막이
11795,판원,板垣,"널울, 널울타리"
11794,판수라,板修羅,판자미끄럼길
11793,판매고,판매高,"판매액, 매출액"
11792,판돌,板石,판석
11791,판금,販禁,판매 금지
11790,판갑옷,板甲-,"비늘갑옷, 판갑옷(plate armour)"
11789,파형 유리,波形 琉璃,주름 유리
11788,파폭,播幅,골나비
11787,파판공,波板工,물결받이
11786,파티장,party(영)-場,연회장
11785,파티션,partition(영),가르기
11784,파트타임,part time(영),시간제근무
11783,파트너십 이니셔티브,partnership initiative(영),친선 발의권
11782,파트너사,partner(영) 社,협력사
11781,파초,芭蕉,바나나
11780,파천,派川,지류
11779,파지공,波止工,파도막이
11778,파종조림,播種造林,씨뿌림 조림
11777,파종성 혈관 내 응고 병증,播種性 血管 內 凝固 病症,파종 혈관 내 응고
11776,파자마,pajamas(힌),자리옷
11775,파일럿,pilot(영),"조종사, 뱃길잡이"
11774,파일네임,filename(영),"철, 기록철, 파일 이름"
11773,파인드,find(영),찾기
11772,파인 플레이,fine play(영),"멋진 경기, 깨끗한 경기"
11771,"파이핑, 파이핑 현상",piping(영) 現象,"누수, 누수 현상"
11770,파이팅,fighting(영),"힘내자!, 아자"
11769,파이어니어,pioneer(영),① 개척자 ② 선구자
11768,파이브 파울,five foul(영),5 반칙
11767,파이버02,fiber(영),안전모
11766,파이널 게임,final game(영),마지막 경기
11765,파워풀하다,powerful(영)--,힘있다
11764,파워,power(영),"①전원 ②제곱, 승"
11763,파울 플라이,foul fly(영),빗뜬공
11762,파울 팁,foul tip(영),스친공 잡음
11761,파울 트러블,foul trouble(영),① 반칙 제약 ② 반칙 약점
11760,파울 스로,foul throw(영),던지기 반칙
11759,파울 볼,foul ball(영),빗나간 공
11758,파운드리,foundry(영),"조립, 조립 생산"
11757,파우더02,powder(영),분
11756,파우더01,powder(영),화약
11755,파우더 스노,powder snow(영),가루눈
11754,파열,破裂,"터짐, 파열"
11753,파스텔컬러,pastel color(영),"파스텔, 은은한 색조"
11752,파스,farce(영),소극(笑劇)
11751,파선줄눈,破線-,막힌줄눈
11750,파브강,Pabgang(독),평지 활주
11749,파밍,pharming(영),사이트금융사기
11748,파렌,Parenthese(독),소괄호
11747,"파랑 경보, 파랑 주의보",波浪警報,"물결 경보, 물결주의보"
11746,파라미터,parameter(영),매개 변수
11745,파노라마 선루프,panorama sunroof(영),전면 지붕창
11744,파(PAR)라이트,PAR light(영),"반사 조명, 반사 조명기"
11743,파 플레이,par play(영),기준타 경기
11742,파,par(영),기준타
11741,팁03,tip(영),스키코
11740,팁02,tip(영),속임 동작
11739,팁01,tip(영),불촉
11738,"팀워크, 팀 워크",teamwork(영),"결속, 결속력"
11737,팀닥터,team doctor(영),"전담의사, 팀전담의사, 전속의사, 팀전속의사, 팀주치의"
11736,"팀 포메이션, 팀포메이션",team formation(영),"팀 대형(隊形), 팀 진형"
11735,팀 퍼슈트 레이스,team pursuit race(영),단체 추발(追拔) 경기
11734,팀 타임 트라이얼 레이스,team time trial race(영),단체 도로 기록 경기
11733,팀 컬러,team color(영),"팀 색깔, 팀 특징, 팀 성향"
11732,팀 어펜스,team offense(영),단체 공격
11731,팀 로드 레이스,team road race(영),단체 도로 경기
11730,팀 디펜스,team defense(영),단체 수비
11729,팀,team(영),"편, 조"
11728,틸팅열차,tilting列車,준고속열차
11727,티핑 포인트,tipping point(영),급변점
11726,티티(TT),TT(telegraphic transfer(영)),전신환
11725,티테이블,tea table(영),차탁자
11724,티타임,teatime(영),휴식 시간
11723,티케팅,ticketing(영),"①표사기, 표팔기, 표사고팔기 ②검표, 표검사"
11722,티처보이,teacher boy(영),교사의존학생
11721,티저포스터,teaser poster(영),예고 포스터
11720,티저 광고,teaser(영) 廣告,호기심 유발 광고
11719,티슈,tissue(영),화장지
11718,티 펙,tee peg(영),받침대
11717,티 오프,tee off(영),출발
11716,티 업,tee up(영),공 올리기
11715,티 샷,tee shot(영),첫 타 치기
11714,티 바 리프트,T-bar lift(영),T자형 리프트
11713,티 마크,tee mark(영),첫 타 구역 표지
11712,티 그라운드,tee ground(영),첫 타 구역
11711,티,tee(영),①첫 타 구역 ②받침대
11710,특발,特發,따로 발차
11709,트위스팅,twisting(영),철사꼬기
11708,"트릭, 트릭 공격","trick(영), trick(영)攻擊",속임 공격
11707,트릭 샷,trick shot(영),기교치기
11706,트릭,trick(영),속임수
11705,트리핑 파울,tripping foul(영),"걸기 반칙, 발 걸기 반칙"
11704,트리플 플레이,triple play(영),셋잡이
11703,트리플 스틸,triple steal(영),삼중 도루
11702,트리플 바,triple bar(영),3단 장애물
11701,트리트먼트,treatment(영),머릿결영양제
11700,트리거,trigger(영),방아쇠
11699,트리,tree(영),나무꼴
11698,트루 리얼리즘,true realism(영),참 사실주의
11697,트롯,trot(영),"빨리걷기, 속보"
11696,트로이카,troika(러),삼두 마차
11695,트렌디 드라마,trendy drama(영),"유행극, 최신 유행극"
11694,트렌드세터,trend setter(영),유행 선도자
11693,트렌드,trend(영),"유행, 경향"
11692,트레킹,trekking(영),도보 여행
11691,트레일플레이,trail play(영),뒤에서 되받기
11690,트레인01,train(영),기차놀이 활강
11689,트레이드 머니,trade money(영),이적료
11688,트레이드,trade(영),선수 교환
11687,트레이닝,beauty training(영),미용 훈련
11686,트레이 필러,tray filler(영),구러련 충전기
11685,트레이 피더,tray feeder(영),담배상자 공급기
11684,트러블 샷,trouble shot(영),험지(險地) 쳐내기
11683,트러디셔널하다,traditional(영)--,전통적이다
11682,트랩,trap(영),"무대 밑 장치, 무대 밑 통로"
11681,"트랜치, 사일로","trench(영), silo(영)",지하 저장고
11680,트랜스젠더,transgender(영),성 전환자
11679,트랜스미션,transmission(영),전송
11678,트랜스 플럭서,trans fluxor(영),전자파 교란장치(電磁波攪亂裝置)
11677,트랙업,track up(영),앞으로 이동
11676,트랙백,track back(영),뒤로 이동
11675,트랙 폴로,track follow(영),따라 이동찍기
11674,트래핑,trapping(영),① 사다리놓기 ② 공다루기
11673,트래픽,traffic(영),"소통, 소통량"
11672,트래직 플로,tragic flaw(영),비극적 결함
11671,트래지코미디,tragicomedy(영),희비극
11670,트래지디,tragedy(영),비극
11669,트래이딩 플로어,trading floor(영),"거래장, 매매장"
11668,트래벌러 커튼,traveler curtain(영),열림막
11667,트래버스 포지션,traverse position(영),가로지름 자세
11666,트래버스,traverse(영),가로지름 활주
11665,트라이앵글앤드 투,triangleand two(영),2・3 혼합 수비
11664,트라이앵글 플레이,triangle play(영),삼각 공격
11663,트라이앵글 패스,triangle pass(영),"삼각 주고받기, 3각 주기"
11662,트라이아웃,try out(영),① 실력 점검 ② 공개 선발 시험
11661,트라우마,,"사고 후유 장애, 사고 후유 정신 장애"
11660,튜터리얼 프로그램,tutorial program(영),"지침 프로그램, 학습 프로그램"
11659,튜터리얼,tutorial(영),"지침서, 지침 프로그램, 학습서, 학습 프로그램"
11658,튜닝,tuning(영),"① 조율 ② 개조, 부분 개조"
11657,툴키트,toolkit(영),연장 모음
11656,툴바,toolbar(영),도구 막대
11655,툴,tool(영),연장
11654,투톱,two top(영),두 주공격수
11653,투잡,two job(영),"겹벌이, 겸업"
11652,투웨이,two-way(영),이원적
11651,투어콘서트,tour concert(영),순회공연
11650,투어링 컴퍼니,touring company(영),순회 극단
11649,투어 스키,tour ski(영),스키 순회 여행
11648,투사형 자세,鬪士型 姿勢,투사 자세
11647,투매,"投賣, なげうり(일)",막팔기
11646,투디멘셔널 시너리,two-dimentional scenery(영),평면 장치
11645,투기하다,投棄--,"버리다, 내버리다"
11644,투광,投光,햇볕들기
11643,투각기법,透刻,"뚫어새김, 투각"
11642,투각,透刻,"뚫음무늬기법, 투각"
11641,투 톱 체제,two top(영) 體製,① 2인 체제 ② 쌍두 체제
11640,투 샤터,two shotter(영),중간 거리 홀
11639,투 런 홈런,two run home run(영),두 점 홈런
11638,퇴행침식,退行浸蝕,후퇴 침식
11637,퇴행 운전,退行運轉,되돌이 운전
11636,퇴적토,堆積土,쌓인 흙
11635,"퇴식구, 퇴식대","退食口, 退食臺",식기 반납하는 곳
11634,퇴설방지공,頹雪防止工,"눈막이, 눈사태막이"
11633,퇴설,頹雪,눈사태
11632,퇴비,堆肥,두엄
11631,퇴결,退決,"송금, 취소, 결제 취소"
11630,퇴거,退去,① 물러감 ② 옮김
11629,통형석부,筒形石斧,통모양석기(cylindrical stone axe)
11628,통직목리,通直木理,곧은나뭇결
11627,통지 의무,通知 義務,"알릴 의무, 계약 후 알릴 의무"
11626,통접합,通接合,통줄눈
11625,통상코일,筒狀 Coil(영),원통코일(圓筒 Coil)
11624,통보하다,通報--,알리다
11623,통보의뢰함,通報依賴-,알려 주시기 바랍니다
11622,통달,通達,"알림, 통첩"
11621,통나무흙매기,,통나무흙막이
11620,통나무항타공,-杭打工,통나무말뚝박기
11619,통나무격자공,-格子工,통나무격자틀붙이기
11618,통과조,通過鳥,나그네새
11617,톱클래스,top class(영),정상급
11616,톱스타,top star(영),인기 연예인
11615,톱기사,top(영) -,머리 기사
11614,톱건,top gun(영),"최고 사격수, 공군 최고 사격수"
11613,톱 오브 스윙,top of swing(영),휘두르기 꼭지
11612,톱 스핀,top spin(영),순회전
11611,톱 브랜드,top brand(영),유명 상표
11610,톱 벤드,top bend(영),"앞쪽 휨, 앞쪽 휨부"
11609,톱 랭커,top ranker(영),수위 선수
11608,톱 가수,top(영) 歌手,"유명 가수, 인기 가수"
11607,톱,top(영),스키코
11606,토호,土豪,"토박이, 지방 세력가"
11605,토핑,topping(영),올려치기
11604,토털솔루션,total solution(영),종합 해결책
11603,토털 시스템,total system(영),종합 체계
11602,토털 서비스,total service(영),종합 서비스
11601,토크 프로,←talk show program(영),이야기 프로
11600,토크 쇼,talk show(영),이야기 쇼
11599,토크,Torque(영),회전력(回轉力)
11598,토치,torch(영),불대
11597,토층,土層,흙층
11596,토지,土芝,흙떼
11595,토적곡선,土積曲線,토량곡선
11594,토적계산,土積計算,토량계산
11593,토장,土場,"임시 집재장, 임시 나무쌓기터"
11592,토입,土入,흙넣기
11591,토육,兔肉,토끼고기
11590,토우판,土羽板,달구판
11589,토언제,土堰堤,흙댐
11588,토양플로라,土壤-flora(영),토양 식물상
11587,토양적극상,土壤的極相,토양 극상
11586,토양의화학적성질,土壤-化學的性質,토양 화학성
11585,토양의물리적성질,土壤-物理的性質,토양 물리성
11584,토양양료,土壤養料,토양 양분
11583,토양살포,土壤撒布,흙속뿌리기
11582,토양,土壤,흙
11581,"토스, 스로 업","toss, throw up(영)","동전 던지기, 공 던져 올리기"
11580,토스 업,toss up(영),공 띄우기
11579,토스,toss(영),"선택하기, 동전 던지기"
11578,토수라,土修羅,흙미끄럼길
11577,토색,土色,"토양색, 흙색"
11576,토류공,土留工,흙막이
11575,토련,土鍊,"반죽, 흙반죽"
11574,토당귀,土當歸,땅두릅
11573,토너먼트,tournament(영),승자진출전
11572,토기,土器,질그릇
11571,토 킥,toe kick(영),발끝차기
11570,토,toe(영),채머리 끝
11569,토,兎,토끼
11568,템퍼러리 파일,temporary file(영),"임시 철, 임시 기록철"
11567,템퍼러리 그린,temporary green(영),임시 그린
11566,텔레파시,telepathy(영),"정신 감응, 영감"
11565,텔레크라피,telegraph(영),전신
11564,텔레뱅킹,telebanking(영),전화 금융 (거래)
11563,텔레메디신,telemedicine(영),"원격 의료, 원격 진료"
11562,텔레매틱스,telematics(영),원격 서비스
11561,텔레마크 랜딩,telemark landing(영),전화 모양 착지
11560,텔레마케팅,telemarketing(영),"전화판매, 통신판매"
11559,텐 세컨트 룰,ten second rule(영),10초 규칙
11558,텍스트 파일,text file(영),"문자 파일, 문서 파일"
11557,텍스트 에디팅,text editing(영),문서 편집
11556,텍스트 에디터,text editor(영),문서 편집기
11555,테트라포드,tetrapod(영),네발 방파석
11554,테크니컬파울,technical foul(영),고의 반칙
11553,테크니컬 파울,technical foul(영),진행 벌칙
11552,테크니컬 디렉터,technical director(영),기술 감독
11551,테크니션,technician(영),기교파
11550,테크놀로지,technology(영),과학 기술
11549,테일 벤드,tail bend(영),"꼬리 휨, 꼬리 휨부"
11548,테이핑,taping(영),테이프 감기
11547,테이프,tape(영),띠
11546,테이크 오프,take off(영),이륙
11545,테이크 어웨이,take away(영),뒤로빼기
11544,테이크 아웃,takeout(영),"포장 구매 , 포장 판매, 사 가기"
11543,테이크 백,take back(영),뒤 들어올림
11542,테이블02,table(영),표
11541,테이블 세팅,table setting(영),상차림
11540,테이블 매너,table manner(영),식사 예절
11539,테스트하다,test(영)--,시험하다
11538,테스트스크리닝,test screening(영),미리보기
11537,테스트 프로그램,test program(영),시험 프로그램
11536,테스트 이벤트,test event(영),"시험 경기, 시험 행사"
11535,테스크,task(영),작업
11534,테마 송,thema song(영)←theme(독),"주제가, 주제곡"
11533,테레빈유,terebene(영)油,솔기름
11532,테러,terror(영),"폭력, 폭행"
11531,테니스 엘보,tennis elbow(영),팔꿈치통증
11530,텀블러,tumbler(영),통컵
11529,턴키 시스템,turnkey system(영),일괄 공급 체계
11528,턴키 공사,turnkey(영) 工事,일괄 공사
11527,턴오버,turnover(영),실책
11526,턴어라운드,Turnaround(영),(기업) 회생
11525,턴 오버,turn over(영),실책
11524,턴 어라운드 슛,turn aroundshoot(영),돌아쏘기
11523,턴,turn(영),돌기
11522,턱,tuck(영),"접박기, 접박기주름"
11521,터프하다,tough(영)--,거칠다
11520,터프,turf(영),잔디
11519,터키탕,Turkey(영)-湯,증기탕
11518,"터칭베이스, 베이스터치","touching base, base touch(영)","루를 짚다, 밟다"
11517,터치라인 아웃,touch line out(영),"옆줄 나감, 옆줄 밖나감"
11516,터치감,touch(영)-感,"촉감, 감촉"
11515,터치03,touch(영),닿기
11514,터치02,touch(영),"자국, 붓자국"
11513,터치 아웃 작전,touch out(영) 作戰,쳐대기 작전
11512,터치 아웃,touch out(영),닿고 나감
11511,터치 라인,touch line(영),옆줄
11510,터치 더 크로스,touch the cross(영),"몸닿기, 몸닿기반칙"
11509,터치 더 네트,touch the net(영),"그물닿기, 그물닿기반칙"
11508,터미널 본드,terminal bond(영),레일 연결선(rail 連結線)
11507,터미널,Terminal(영),단자
11506,터닝포인트,turning point(영),전환점
11505,터닝 슛,turning shoot(영),돌며 쏘기
11504,터닝,tuning(영),세부 조정
11503,탱화,幀畵,"걸개그림, 탱화"
11502,"탱크, 연료 탱크",燃料 tank,"통, 연료통"
11501,탱주,撑柱,중간 기둥
11500,탭 패스,tap pass(영),툭 쳐주기
11499,탭 샷,tap shot(영),쳐서 넣기
11498,탭,tap(영),암나사내기
11497,탠덤 레이스,tandem race(영),2인승 경기
11496,탠덤,tandem(영),2인승 자전거
11495,택배,宅配,"집배달, 문앞 배달"
11494,태클,tackle(영),막기
11493,태비,tabby(영),"민짜기, 평직"
11492,태블로 커튼,tableau curtain(영),펼침막
11491,"태만하다, 태만히하다","怠慢--, 怠慢히--",게을리하다
11490,태내 질식,胎內 窒息,자궁 내 질식
11489,탕상,湯傷,덴 상처
11488,탕비실,湯沸室,준비실
11487,탕감,蕩減,"덜어줌, 아주 덜어줌"
11486,탑신부,塔身部,"탑몸돌, 탑신부"
11485,탈지유,脫脂乳,기름뺀 젖
11484,탈지박,脫脂粕,깻묵
11483,탈지강,脫脂糠,기름 뺀 겨
11482,탈립,脫粒,알떨림
11481,탈구,脫臼,"어긋남, 전위, 이탈"
11480,탁엽,托葉,턱잎
11479,탁도,濁度,혼탁도
11478,탁견,卓見,뛰어난 의견
11477,타화수정,他花受精,다른 꽃정받이
11476,타행 운전,惰行運轉,"무동력 운전, 관성 운전"
11475,타피스리,tapisserie(프),"직조 벽걸이, 태피스트리"
11474,타투이스트,tattooist(영),문신사
11473,타테,たて(일),세로
11472,타치,タッチ(일)←touch(영),"접촉, 자국, 터치"
11471,타절,打切,운행 중단
11470,타입 캐릭터,type character(영),유형적 인물
11469,타입,打翔,때려박기
11468,타임콘스턴트,TimeConstant,"시정수(時定數), 시간정수"
11467,타임머신,time machine(영),초시간 여행선
11466,타임리 히트,timely hit(영),적시안타
11465,타임리 에러,timely error(영),결정적 실수
11464,타임 인,time in(영),"시작, 경기 시작"
11463,타임 워크,time work(영),"짜임새, 편 짜임새"
11462,타임 오프,time off(영),"끝, 경기끝"
11461,타임 아웃,time out(영),작전 시간
11460,타임 슬립,time slip(영),시간 여행
11459,타임 서비스,time service(영),반짝할인
11458,타임 레이스,time race(영),기록 경기
11457,타임,time(영),"시간, 때"
11456,타이틀리스트,titlist(영),"선수권자, 타이틀 보유자"
11455,타이틀 매치,title match(영),선수권전
11454,타이틀 롤,title role(영),"주역, 주연"
11453,타이트하다,tight(영)--,"빠듯하다, 팽팽하다, 밀도있다"
11452,타이트 맨투맨,tight man to man(영),"밀착 방어, 대인 밀착 방어"
11451,타이밍,timing(영),"때, 때 맞추기, 시간 조절"
11450,타이 브레이크,tie break(영),동점 끝내기
11449,타의 (…을) 겸하는,他- (…을) -,다른 (...)과 같이 하는
11448,타운홀 미팅,town hall meeting(영),주민 회의
11447,타운,town(영),구역
11446,타블로,tableau(프),① 그림 ② 마무리 광칠
11445,타부,タブ(일)←taboo(영),"금기, 터부"
11444,타박상,打撲傷,"멍, 타박상"
11443,타깃,target(영),"과녁, 표적, 목표"
11442,"타가 수분, 타화 수분","他家受粉, 他花受粉",딴꽃가루받이
11441,타가 노동,他家勞動,품팔이
11440,킬러,killer(영),①천적 ②살인청부업자 ③살인광
11439,킥 턴,kick turn(영),차올려 돌기
11438,"킥 오프, 킥오프",kick off(영),먼저 차기
11437,킥 앤드 러시,kick and rush(영),차고 달리기
11436,킥,kick(영),"차기, 차기 반칙, 튀기"
11435,키핑,keeping(영),공 지키기
11434,키트,kit(영),꾸러미
11433,"키킹, 키킹파울",kickingfoul(영),"발 반칙, 발 닿기반칙"
11432,키커,kicker(영),차는 선수
11431,키친 타월,kitchen towel(영),종이 행주
11430,키즈존,Kids zone(영),어린이 공간
11429,키워드(키 워드),key word(영),핵심어
11428,키오스크,kiosk(영),"①무인 안내기, 무인 단말기 ②간이 판매대, 간이 매장"
11427,키맨,key man(영),중추인물
11426,키도,きと(일),휘도(輝度)
11425,키 패드,key pad(영),① 자판 ② 숫자판
11424,키,key(영),글쇠
11423,클린치,clinch(영),엉킴
11422,클린존,clean zone(영),"선도 지역, 선도 대상 지역"
11421,클린업 타임,cleanup time(영),청소 시간
11420,클린신고센터,clean申告center(영),청백리 지킴이방
11419,클린스티치심,clean-stitched seam(영),"끝단박기, 가름솔접어박기"
11418,클린도,Clean(영)度,청정도(淸淨度)
11417,클린 히트,clean hit(영),정통 치기
11416,클린 에너지,clean energy(영),청정에너지
11415,클린 업 트리오,clean up trio(영),중심 타선
11414,클린 슛,clean shoot(영),깨끗한 슛
11413,클린 센터,clean center(영),청백리마당
11412,클린 샷,clean shot(영),공만 치기
11411,클리퍼,clipper(영),제거기(除去器)
11410,클리크,cleek(영),5번 나무채
11409,클리어링,clearing(영),걷어내기
11408,클리어런스 세일,clearance sale(영),"재고 할인, 재고 할인 판매"
11407,클리닝 타임,cleaning time(영),정리 시간
11406,클로징멘트,←closing announcement(영),맺음말
11405,클로즈업,close-up(영),시선 집중
11404,클로즈드 스탠스,closed stance(영),닫힌 발 자세
11403,클로즈 파이트,close fight(영),접근전
11402,클로즈 게임,colse game(영),팽팽한 경기
11401,클로스마커,closed marker(영),부분본그리기
11400,클로버,clover(영),토끼풀
11399,클렌징크림,cleansing cream(영),세안 크림
11398,"클레이, 클레이피전",claypigeon(영),접시 표적
11397,클레이 코트,clay court(영),흙 코트
11396,클레이 슈팅,clay shooting(영),접시 표적 사격
11395,클럽 헤드,club head(영),채머리
11394,클럽 하우스,club house(영),골프장 본관
11393,클럽 페이스,club face(영),타면
11392,클럽 렝스,club length(영),채 길이
11391,클럽,club(영),골프채
11390,클러치 히터,clutch hitter(영),적시 타자
11389,클램프,clamp(영),"죔틀, 조임틀"
11388,클래식,classic(영),"고전적인, 고풍의"
11387,클래시컬하다,classical(영)--,고전적(古典的)이다
11386,클래시시즘,classicism(영),고전주의
11385,클래스,class(영),"①급, 등급 ②부류 ③반(班)"
11384,클라우드 서비스,Cloud Service(영),인터넷 기반 정보 통신( IT) 자원 통합·공유 서비스
11383,크리에이티브,creative(영),"창조적, 독창적"
11382,크리에이터,creator(영),"1. 광고창작자 2. 창작자, 제작자"
11381,크리스털컵,crystal cup(영),수정잔
11380,크리스마스 트리,Christmas tree(영),성탄절 나무
11379,크루즈 관광,cruise(영) 觀光,순항(巡航) 관광
11378,크로핑,cropping(영),"털태우기, 잔털태우기"
11377,크로키북,croquis(프) book(영),속사화첩
11376,크로키,croquis(프),속사화
11375,크로스핸드 그립,crosshand grip(영),바꿔쥐기
11374,크로스핏,cross-fit(영),고강도 복합 운동
11373,"크로스킥, 크로스 킥",cross kick(영),가로질러 차기
11372,크로스바,crossbar(영),가름새
11371,크로스릴링,cross reeling(영),공감기
11370,크로스 풋 스핀스,cross foot spins(영),엇갈아 회전하기
11369,크로스 패스,cross pass(영),대각선 주기
11368,크로스 파이어,cross fire(영),대각선 투구
11367,크로스 컨트리 레이스,cross country race(영),산악 경기
11366,크로스 오버,cross over(영),중심 교차
11365,크로스 스파이크,cross spike(영),"대각 강타, 대각선 강타"
11364,크로스 벙커,cross bunker(영),가로지른 벙커
11363,크로스 라이선스,cross license(영),"특허 교환, 특허 교환권"
11362,크로스,cross(영),이동
11361,크로셰,crochet(프),코바늘뜨기
11360,크로버방호회로,Crowbar(영)防護回路,가로보호회로(--保護回路)
11359,크레이프 밴드,crepe band(영),주름띠
11358,크레이들,cradle(영),다목적꽂이
11357,크레디트 타이틀,credit title(영),"소개자막, 영화소개자막"
11356,크레디트 라인,credit line(영),신용 한도
11355,크러셔,crusher(영),쇄석기
11354,크러드,crud(영),부실 설면
11353,크래프트 맥주,craft(영) 麥酒,수제 맥주
11352,크래시 헬멧,crash helmet(영),안전모
11351,크락숀,クラクソン(일)←klaxon(영),"경적, 클랙슨"
11350,크라이시스,crisis(영),위기
11349,크라우치 다운,crouch down(영),웅크려타기
11348,크라우드펀딩,crowd funding(영),대중투자
11347,큐비즘,cubism(영),"입체파, 입체주의"
11346,큐레이터,curator(영),전시 기획자
11345,큐레이션 서비스,curation service(영),"추천 서비스, 정보 추천 서비스"
11344,퀼로트,culotte(영),경기용 반바지
11343,퀵 플레이,quick play(영),속공
11342,퀵 스파이크,quick spike(영),속공
11341,퀘어리,query(영),"질문, 조회"
11340,퀄리티 스타트,quality start(영),선발쾌투
11339,퀄러파잉 오브 라운드,qualifying of round(영),선발전
11338,퀄러티,quality(영),음질
11337,퀀타이즈,quantize(영),양자화
11336,쿼터제,quota(영)制,"할당제, 의무 할당제, 의무 배당제"
11335,쿼터 파이널,quarter final(영),준준결승
11334,쿼터 스윙,quarter swing(영),반의반 휘두르기
11333,쿼터,quater(영),앞반 자세
11332,쿡톱,cook top(영),가열대
11331,쿡,cook(영),"숙수, 조리사"
11330,쿠킹센스,cooking sense(영),요리 감각
11329,쿠키커터,cookie-cutter(영),① 판박이 ② 과자틀
11328,쿠키,cookie(영),과자
11327,쿠션,クッション(일)←cushion(영),"허리받이, 완충 작용"
11326,쿠르베트,courbette(영),뒷다리서기
11325,쿠(루)베,Cube(영),세제곱미터
11324,콩쿠르,competition(영),경연대회
11323,콤플리케이션,complication(영),① 꼬임 ② 복잡화
11322,콤플렉스 플롯,complex plot(영),복합 구성
11321,콤퍼지션,composition(영),구성
11320,콤팩트 스윙,compact swing(영),간결한 휘두르기
11319,콤팩트,compact(영),"압축, 간편"
11318,콤파운드,compound(영),감탕
11317,콤비플레이,combination play(영),호흡맞추기
11316,"콤비네이션, 콤비네이션 플레이",combinationplay(영),여럿이 주고받기
11315,콤비네이션 컴퍼니,combination company(영),완비 순회 극단
11314,콤비네이션 옵스터클,combination obstacle(영),복합 장애물
11313,콤비네이션 사인,combination sign(영),"혼합 신호, 혼합 사인"
11312,콤비네이션,combination(영),"호흡, 호흡맞추기"
11311,콤바인페인팅,combine painting(영),복합 그림
11310,콤마 벤드,comma bend(영),외경(外徑)자세
11309,콤,comb(영),바디빗
11308,콜센터,call-center(영),전화 상담실
11307,콜백 서비스,call back service(영),"회신서비스, 전화 회신 서비스"
11306,콜링 카드,calling card(영),전화 카드
11305,콜라주,collage(프),붙이기
11304,콜드크림,cold cream(영),기름 크림
11303,콜 서비스,call service(영),① 호출 지원 ② 호출 서비스
11302,콜,call(영),접시 방출 신호
11301,콘피댄트,confidant(영),신인(信人)
11300,콘퍼런스 콜,conference call(영),전화 회의
11299,콘티,continuity(영),촬영 대본
11298,콘트라스트,contrast(영),대비
11297,콘투어 커튼,contour curtain(영),부채막
11296,콘텍스트,context(영),문맥
11295,콘시어지,concierge(영),"총괄 안내, 총괄 안내인"
11294,콘솔 박스,console box(영),정리함
11293,콘서트 고어,concert goer(영),연주회 애호가
11292,콘서트,concert(영),연주회
11291,콘사이스,concise(영),"사전, 작은 사전"
11290,콘덕터,conductor(영),지휘자
11289,콘 스노,corn snow(영),싸락눈
11288,콘,cone(영),① 원뿔 타래 ② 잼추
11287,코팅,coating(영),투명씌움
11286,코트 매너,court manner(영),경기 예의
11285,코킹,cocking(영),손목꺾기
11284,코쿤하우스,cocoonhouse(영),초소형 주택
11283,코쿤피스,cocoonfice(영),초소형 사무실
11282,코칭 스태프,coaching staff(영),코치진
11281,코치 박스,coach's box(영),코치석
11280,코즈모폴리턴,cosmopolitan(영),세계주의자
11279,코일링기법,coiling(영)技法,감기
11278,코일링,coiling(영),말아쌓기
11277,코어,core(영),알맹이
11276,코스프레,コスプレ(일)(←costume play(영)),분장놀이
11275,코스튬플레이,costume play(영),① 의상 연출 ② 의상 연기
11274,코스 인스펙션,course inspection(영),활주로 점검
11273,코스 마커,course marker(영),활주로 표지
11272,코스 레코드,course record(영),코스 최저타
11271,코스 레이트,course rate(영),"골프장 난이도, 코스 난이도"
11270,코스 디자이너,course designer(영),경로 설계자
11269,코스,course(영),"경로, 골프장"
11268,코믹터치,comic touch(영),"익살풍, 희극적 기법"
11267,코믹 오페라,comic opera(영),희가극
11266,코미디언,comedian(영),희극인
11265,코미디 오브 캐릭터,comedy of character(영),성격 희극
11264,코미디 오브 인트리그,comedy of intrigue(영),음모 희극
11263,코미디 오브 유머스,comedy of humours(영),기질(氣質) 희극
11262,코미디 오브 위트,comedy of wit(영),재치(才致) 희극
11261,코미디 오브 아이디어스,comedy of ideas(영),관념 희극
11260,코미디 오브 시추에이션,comedy of situation(영),상황 희극
11259,코미디 오브 매너스,comedy of manners(영),풍습 희극
11258,코미디,comedy(영),"희극, 코미디"
11257,코멘테이터,commentator(영),해설자
11256,코리더,corridor(영),깃발 통로
11255,코러스,chorus(영),합창
11254,코드 쉐어,Code share(영),공동 편명
11253,코다,code(이),종결부
11252,"코너플래그, 코너 플래그",corner flag(영),구석 깃대
11251,"코너킥, 코너 킥",corner kick(영),구석차기
11250,코너 히트,corner hit(영),구석치기
11249,코너 워크,corner work(영),회전 기술
11248,코너 아웃,corner out(영),구석 넘음
11247,코너 볼,corner ball(영),모서리공
11246,코너,corner(영),꼭지
11245,케인,cane(영),"명주날, 명주날실"
11244,케이터링,catering(영),출장밥상
11243,케이크 홀,cake hall(영),"빵집, 과자점"
11242,케이블 티브이,cable TV(영),유선 티브이
11241,케이블 텔레비전,cable television(영),유선 텔레비전
11240,케이디(KD),knock-down(영),현지 조립
11239,케어 플랜,Care plan(영),"간호 복지 계획, 복지 계획"
11238,컷오프,cutoff(영),탈락
11237,컷,cut(영),① 장면 ② 삽화
11236,컵 홀더,cup holder(영),컵걸이
11235,컴필레이션,compilation(영),선집
11234,컴플라이언스,compliance(영),유연성(柔軟性)
11233,컴프시에어지,compcierge(영),컴 도우미
11232,컴퓨터 시뮬레이션,computer simulation(영),전산 모의실험
11231,컴페티션 스키,competition ski(영),경주용 스키
11230,컴백하다,comeback(영)--,① 돌아오다 ② 복귀하다
11229,컬트,cult(영),소수취향
11228,컬렉션01,collection(영),수집
11227,컬러푸드,color food(영),색깔먹거리/색깔식품
11226,컬러패스트,colorfast(영),바래지 않는
11225,컬러악센트,color accent(영),색채 효과
11224,컬러센스,color sense(영),색채 반응
11223,컬러볼,color ball(영),색깔공
11222,컬러매치,color match(영),색 배합
11221,컬러링,coloring(영),"(손발톱, 머리카락 등에 혹은 미술에서) 색을 입히다, 색칠하다, 색을 칠하다"
11220,컬러리스트,colorist(영),색채 전문가
11219,컬러 헤어,color hair(영),염색 머리
11218,컬러 필터,color filter(영),착색 필터
11217,컬러 바,color bar(영),화면
11216,컨플릭트,conflict(영),갈등
11215,컨틴전시 프로그램,contingency program(영),비상 대책
11214,컨티넨탈 챔피언십,continental championship(영),대륙 간 선수권 대회
11213,컨티넨탈 그립,continental grip(영),대륙형 중간 잡기
11212,컨트리풍,country(영)-風,"시골풍, 전원풍"
11211,컨트리 클럽 멤버십 코스,country club membership course(영),회원제 골프장
11210,컨트리 클럽,country club(영),골프장
11209,컨트롤하다,control(영)--,①조절하다 ②통제하다
11208,컨트롤 포스트,control post(영),통제 관문
11207,"컨트롤 타워, 콘트롤 타워*",control tower(영),"통제탑, 지휘 본부, 사령탑"
11206,컨트롤 샷,control shot(영),조절치기
11205,컨트롤 보드,control board(영),조정판
11204,컨트롤,control(영),공 다루기
11203,컨택트 어스,contact us(영),"문의, 이용 문의"
11202,컨스트럭티비즘,constructivism(영),구성주의
11201,컨소시엄,consortium(영),연합체
11200,컨셉튜얼아트,conceptual art(영),개념 미술
11199,컨설팅,consulting(영),"조언, 상담"
11198,컨벤션 효과,convention(영) 效果,행사 효과
11197,컨버터02,converter(영),변환기
11196,컨덕션스테이트,Conduction State(영),"도통상태(導通狀態), 전도상태(傳導狀態)"
11195,커플링,couple ring(영),짝 반지
11194,커패시티,capacity(영),용량
11193,커팅02,cutting(영),채기
11192,"커팅, 케이크커팅",cake cutting(영),"자르기, 케이크 자르기"
11191,커튼 레이저,curtain raiser(영),막전 여흥
11190,커트라인,cut line(영),①한계선 ②합격선
11189,커트되다,cut(영)--,① 삭제되다 ② 잘리다
11188,커트02,cut(영),"깎아치기, 가로채기"
11187,커트01,cut(영),자르기
11186,커트 인 플레이,cut inplay(영),안쪽으로 뛰기
11185,커트 샷,cut shot(영),끊어치기
11184,커터웨이,cutaway(영),앞자락굴림
11183,커터기,cutter(영)機,자르개
11182,커스터마이즈,customize(영),맞춤
11181,"커브, 커브하다",curve(영),"곡선, 굽이, 방향 전환하다, 방향을 전환하다."
11180,커버하다,cover(영)--,"감추다, 감싸다, 망라하다, 장악하다"
11179,커버스티치,cover stitch(영),"휘갑, 휘갑치기"
11178,커버스토리,cover story(영),표지 기사
11177,커버링,covering(영),후방 지원
11176,커버,cover(영),막기
11175,커뮤테이션페일리어,Commut-ationFailure(영),전환실패(轉換失敗)
11174,커뮤니티 시어터,community theatre(영),지역 연극
11173,커뮤니케이션,communication(영),소통
11172,커리큘럼,curriculum(영),교과 과정
11171,커리어,career(영),경력
11170,커닝,cunning(영),부정 행위
11169,커넥팅 패널,connecting panel(영),연결판
11168,커넥터,connector(영),접속기(接續器)
11167,커넥션,connection(영),① 결탁 ② 연계
11166,캬브레타,キャブレタ(일)←carburetor(영),"기화기(氣化器), 캬뷰레터"
11165,캣 워크,cat walk(영),고양잇길
11164,캡처,capture(영),"갈무리, 장면 갈무리, 화면 담기"
11163,캡션,caption(영),짧은 설명문
11162,"캠프, 선거 캠프",選擧 camp(영),"① 이동 본부, 선거 이동 본부 ② 임시 진영, 선거 임시 진영"
11161,캠퍼스 리크루팅,campus recruiting(영),교내 채용설명회
11160,캠버,camber(영),볼록 부분
11159,캘리그래피,calligraphy(영),"멋글씨, 멋글씨 예술"
11158,캔트,cant(영),"경사 각도, 주로 경사 각도"
11157,캔터,canter(영),"달리기, 구보"
11156,캐포츠,caports(←casual+sports)(영),활동복
11155,캐칭,catching(영),발판 만들기
11154,캐치프레이즈,catchphrase(영),"구호, 선전 구호"
11153,캐치업,catch-up(영),따라잡기
11152,캐치 볼,catch ball(영),공 받기
11151,캐치,catch(영),"잡기, 공 잡기"
11150,캐처,catcher(영),포수
11149,캐주얼 워터 해저드,casual water hazard(영),물 웅덩이
11148,캐시플로,cash flow(영),현금 흐름
11147,캐시백,cash back(영),"적립금, 적립금 환급"
11146,캐시 카우,cash cow(영),① 돈줄 ② 금고
11145,캐스팅 디렉터,casting director(영),배역 감독
11144,캐스팅,casting(영),배역
11143,캐스터,caster(영),"진행자, 현장 진행자"
11142,캐스크,casque(영),안전모
11141,캐스케이드,cascade(영),층계형
11140,캐소드,cathode(영),음극(陰極)
11139,캐셔,cashier(영),"계산원, 수납원"
11138,캐비테이션,Cavitation(영),공동현상(空洞現象)
11137,캐비지,cabbage(영),양배추
11136,캐비아,caviar(영),철갑상어알
11135,캐릭터리제이션,characterization(영),인물 구현
11134,캐릭터03,character(영),문자
11133,캐릭터02,character(영),"① 등장인물, 인물 ② 특징물"
11132,캐리커처,caricature(영),풍자화
11131,캐리어,carrier(영),"반송자(搬送子), 운반자"
11130,캐리드 오너,carried honour(영),연속 선타권
11129,캐리 오버,carry over(영),이월(移越) 경기
11128,캐디 피,caddie fee(영),보조원 수고료
11127,캐디 마스터,caddie master(영),경기 보조원장
11126,캐디,caddie(영),경기 보조원
11125,"캐드, 캠","CAD(영), CAM(영)","전산 설계 제조, 전산 도움 설계 제조"
11124,캐드,CAD(영),"전산 설계, 전산 도움 설계"
11123,캐노피,canopy(영),덮지붕
11122,캐넌 볼,cannon ball(영),강한 메김
11121,캐나디언 타임 트라이얼,canadian time trial(영),1시간 도전 경기
11120,캇와리,"カット(일)-割, カットわり(일)←cut(영)",커트 나누기
11119,칼로리,calorie(영),열량
11118,칼럼 블록,column block(영),"세로덩이, 세로구역"
11117,카피약,copy(영)藥,복제약
11116,카피라이트,copyright(영),저작권
11115,카피라이터,copywriter(영),광고문안가
11114,카파라치,carparazzi(영),교통 신고꾼
11113,카툰,cartoon(영),밑그림
11112,카테고리 킬러,category killer(영),특화 할인점
11111,카타르시스,catharsis(영),정화(淨化)
11110,카운트,count(영),계수
11109,카운터파트,counterpart(영),상대방
11108,카운터블로,counterblow(영),받아치기
11107,카운터 펀치,counter punch(영),받아치기
11106,카운터 로테이션,counter rotation(영),엇돌리기
11105,카운셀러,counsellor(영),"상담자, 교도교사"
11104,카올린,kaoline(영),고령토
11103,카빙 턴,carving turn(영),미끄럼 줄여돌기
11102,카브드 턴,carved turn(영),끌어돌기
11101,카부,カブ(일)←curve(영),"굽이, 굽은 길"
11100,카무플라주,camouflage(프),"거짓 꾸밈, 위장"
11099,카메오,cameo(라틴어),"깜짝출연, 깜짝출연자"
11098,카메라워크,camera work (영),촬영 기법
11097,카메라 워크,camera work(영),촬영 기법
11096,카리스마,charisma(영),권위
11095,카르통,carton(프),"초본, 초본 그림"
11094,카렌다,カレンダ(일)←calendar(영),"달력, 캘린더"
11093,카드론,card loan(영),카드 대출
11092,카드깡,←card(영),카드 할인
11091,카드,card(영),방안
11090,카 레이싱,car racing(영),자동차 경주
11089,칭하다,稱,"부르다, 일컫다"
11088,칭량기,稱量機,저울
11087,칭량 기준,秤量,무게 기준
11086,칭량,秤量,무게달기
11085,칩 킥,chip kick(영),찍어차기
11084,칩 인,chip in(영),낮게 붙여넣기
11083,칩 샷,chip shot(영),"급 역회전치기, 낮게 붙여치기"
11082,침하,沈下,"내려앉음, 가라앉음"
11081,침출수,浸出水,잠긴 물
11080,침지,浸漬,"담금, 담그기, 잎담그기"
11079,침종,浸種,씨앗담그기
11078,침전물,沈澱物,앙금
11077,침엽수,針葉樹,바늘잎나무
11076,침시,沈柹,우린감
11075,침습우편물,浸濕郵便物,젖은 우편물
11074,침수,沈水,잠김
11073,침선장,針線匠,바느질장
11072,침사지,沈砂池,모래막이 못
11071,침루,浸漏,"물스밈, 투수, 침투수(浸透水)"
11070,칠부바지,七分,칠푼 바지
11069,칠목,漆木,옻나무
11068,칠드 타입,chilled type(영),냉장형
11067,칠공예,漆工藝,옻칠공예
11066,친지,親指,엄지손가락
11065,친전,親展,친히 펴 봄
11064,친어,親魚,어미 고기
11063,친생 관계,親生關係,친자식 관계
11062,치환,置換,바꿔 놓음
11061,치형함,齒形檻,톱니형 물받침
11060,치합,齒合,이 맞물림
11059,치핑,chipping(영),낮게띄우기
11058,치프 엄파이어,chief umpire(영),주심
11057,치패,稚貝,애조개
11056,치탈,褫奪,빼앗음
11055,치킨게임,chicken game(영),끝장승부
11054,치킨 프라이,fried chicken(영),닭튀김
11053,치킨,chicken(영),닭고기 튀김
11052,치차,齒車,톱니바퀴
11051,치잠,稚蠶,"애누에, 어린누에"
11050,치은,齒齦,잇몸
11049,치엽,稚葉,어린 잎
11048,치어,稚魚,새끼 고기
11047,치스,,판틀
11046,치수무육,稚樹撫育,어린나무가꾸기
11045,치수,稚樹,어린 나무
11044,치석,置石,"돌놓기, 선로에 돌놓기"
11043,치상,致傷,상처 입힘
11042,치사하다,致死--,"숨지게 하다, 죽게 하다"
11041,치사,"致辭, 致詞","치하 말, 치하 말씀"
11040,치미와,悉尾瓦,"치미와, 치미"
11039,치미,治尾,뿌리따기
11038,치묘,稚苗,어린모
11037,치목,治木,마름질
11036,치료를 요하는,要,치료해야 할
11035,치도,齒刀,"풀칼, 풀깎는칼"
11034,치관보철,齒冠補綴,치아 보강
11033,층고,層高,층높이
11032,측후,測候,기상 측정
11031,측표,測標,측량 표지
11030,측판,側板,"옆판자, 통옆판자"
11029,측용법,測容法,측용 기법
11028,측약,側藥,마찰약
11027,측아,側芽,곁눈
11026,측심의,測深儀,측심기
11025,측승,測繩,잼줄
11024,측수,,사이드베어링
11023,측쇄,測鎖,"체인, 사슬자"
11022,측벽,側壁,옆벽
11021,측방집재,側方集材,옆방향나무모으기
11020,측렬,側裂,가로틈
11019,측두골,側頭骨,옆머리뼈
11018,측근,側根,곁뿌리
11017,측구,側溝,"옆도랑, 길도랑"
11016,측거,測距,거리 측량
11015,측각기,測角器,각도계
11014,측각계,測角計,각도계
11013,취형,取型,본뜨기
11012,취합하다,聚合--,모으다
11011,"취하다, 절차 따위를 취하다",,"밟다, 절차 따위를 밟다"
11010,취하,取下,"무름, 철회, 취소"
11009,취침 시간,就寢時間,자는 시간
11008,취출,取出,꺼냄
11007,취체,取替,갈아대기
11006,취체,取締,단속
11005,취집,取集,수집
11004,취전,取纏,"걷어 모으다, 모아 간추리다"
11003,취적자,就籍者,호적 취득자
11002,취적 신고,就籍申告,"호적 취득 신고, 호적 재신고"
11001,취적,就籍,호적 등재
11000,취입,吹入,녹음
10999,취입,取入,끌어들임
10998,취인,取引,거래
10997,취약 소포,脆弱小包,깨지기 쉬운 소포
10996,취식,取食,먹기
10995,취사,炊事,"밥짓기, 부엌일"
10994,취부하다,取付--,"붙이다, 덧붙이다, 부착하다"
10993,취부공,吹付工,뿜어붙이기
10992,취부 공사,吹付工事,"뿜칠, 뿜칠 공사"
10991,취백,就白,아뢰옵건대
10990,취미,臭味,냄새와 맛
10989,취목,取木,휘묻이
10988,취명하다,吹鳴--,울리다
10987,취로비,就勞費,"품삯, 품값"
10986,취기,取寄,"가져옴, 사건 기록을 가져옴"
10985,취거하다,取去--,가져가다
10984,취거,取去,"뽑기, 열쇠 뽑기"
10983,췌장,膵腸,이자
10982,췌염,膵炎,"이자, 췌장염"
10981,충흔,蟲痕,벌레 먹은 흔적
10980,충전하다,充塡--,채우다
10979,충전제,充塡劑,틈메움제
10978,충전재,充塡材,채움재
10977,충원 소집,充員召集,병력 동원 소집
10976,충용하다,充用--,"채워 쓰다, 보충하여 쓰다"
10975,충영,蟲癭,벌레혹
10974,충수하다,充水--,물 채우다
10973,충소,蟲巢,벌레집
10972,충분,蟲奮,벌레똥
10971,충기판실,,충기 밸브실
10970,충격하다,衝激--,"부딪치다, 서로 세게 부딪치다"
10969,출회하다,出廻--,"나돌다, 시장에 나돌다"
10968,출회량,出廻量,나도는 양
10967,출혈반,出血斑,"얼룩 출혈, 반상 출혈"
10966,출향,出向,출발
10965,출하기,出荷期,"실어내는 철, 제철"
10964,출하,"出荷, しゅっか(일)",실어내기
10963,출타지,出他地,나가 있는 곳
10962,출청할 것,出廳- -,청으로 오십시오
10961,출주하다,出走--,달아남
10960,출정,出廷,법정에 나옴
10959,출적,出積,내어쌓기
10958,출저견,出蛆繭,"구더기 고치, 구멍난 고치"
10957,출재,出財,재산을 내놓음
10956,출재,出再,재보험 가입
10955,출원,出願,원서 제출
10954,출영,出迎,마중
10953,출연,出捐,돈 냄
10952,출역수,出役囚,작업자
10951,출아,出芽,싹틈
10950,출실하다,出室--,"내보내다, 나오다, 방에서 내보내다, 방에서 나오다"
10949,출수기,出穗期,이삭팰때
10948,출수,出穗,"이삭패기, 이삭^나옴"
10947,출수,出水,"물 흐름, 물 솟음"
10946,출소,出訴,소송냄
10945,출서하다,,"나오다, 징병서로 나오다"
10944,출사,出絲,수염나기
10943,출무,出務,근무
10942,"출두바람, 출두할 것",出頭--,나와 주시기 바람
10941,출두,出頭,출석
10940,출납 폐쇄 기한,出納閉鎖期限,출납 마감 기한
10939,출급,出給,내어줌
10938,출계자,出系子,양자 간 아들
10937,출각견,出殼繭,나방난고치
10936,춘잠종,春蠶種,봄누에 씨
10935,춘잠,春蠶,봄누에
10934,춘식,春植,봄심기
10933,춘사,椿事,"불상사, 참사"
10932,춘벌,春伐,봄베기
10931,춘계 대회,春季大會,"봄 대회, 봄철 대회"
10930,춘경,春耕,봄갈이
10929,축호 번호,逐號番號,차례 번호
10928,축출하다,逐出--,내쫓다
10927,축출변수,逐出變數,탈락 변수
10926,축추,縮皺,주름
10925,축차제본,逐次製本,연속 제본
10924,축지,軸止,굴대 고정
10923,축조,逐條,조목별
10922,축조,築造,"쌓음, 쌓아 만듦"
10921,축제공,築堤工,둑쌓기
10920,축제고,築堤高,둑높이
10919,축재,蓄財,재산을 모음
10918,축엽병,縮葉病,오갈잎병
10917,축수,軸數,굴대수
10916,축설,軸設,굴대 설치
10915,축석공,築石工,돌쌓기
10914,축사,畜舍,가축 우리
10913,축거,軸距,앞뒤바퀴 거리
10912,추흔,醜痕,추한 흔적
10911,추파,秋播,"가을씨 뿌리기, 가을 파종, 가을씨^뿌림,"
10910,추체 유돌부 출혈,錐體 乳突部 出血,바위 부분 출혈
10909,추징,追徵,추가 징수
10908,추지하다,推知--,추측하여 알다
10907,추지,秋枝,가을 가지
10906,추종하다,追從--,"좇다, 따르다"
10905,추잠종,秋蠶種,가을누에 씨
10904,추잠,秋蠶,가을누에
10903,추인,追認,추후 인정
10902,추완 신고,追完申告,보완 신고
10901,추완,追完,추가 보완
10900,추업,醜業,"추한 업종, 추한 직업"
10899,추앙,推仰,우러러봄
10898,추심경,秋深耕,가을깊이갈이
10897,추심 명령,推尋命令,챙겨 오도록 함
10896,추식,秋植,가을심기
10895,추송하다,追送--,뒤따라 보내다
10894,추상,醜相,"추한 모양, 추한 현상"
10893,추상,醜傷,①심한 흉터 ②추상
10892,추산하다,推算--,어림잡다
10891,추비,追肥,"웃거름, 덧거름"
10890,추비,秋肥,가을거름
10889,추불 계리,追拂計理,추가 계산
10888,추보,追補,보완
10887,추문필,推問畢,내용 문의 끝냄
10886,추록,追錄,추가 기록
10885,추락 분만,墜落 分娩,"신생아 떨굼, 신생아 떨어진 분만"
10884,추대두,秋大豆,가을 콩
10883,추대,推戴,받듦
10882,추기,追記,추킴
10881,추급금,追給金,추가 지급금
10880,추구,追口,"따라베기, 뒤베기"
10879,추곡 수매가,秋穀收買價,벼 사들이는 값
10878,추곡,秋穀,"가을걷이 곡식, 벼"
10877,추계 수납,秋季收納,"가을 거둠, 가을철 거둠"
10876,추계 대회,秋季大會,"가을 대회, 가을철 대회"
10875,추계,推計,어림셈
10874,추경,秋耕,가을갈이
10873,추가 경정,追加更正,덧고침
10872,최후부 객차,最後部 客車,맨 뒤쪽 객차
10871,최촉하다,催促--,"재촉하다, 독촉하다"
10870,최청기,催靑器,누에깰틀
10869,최청,催靑,누에알깨기
10868,최직근,最直近,최근(最近)
10867,최종일,最終日,마지막 날
10866,최전열,最前列,맨 앞줄
10865,최전부 객차,最前部 客車,맨 앞쪽 객차
10864,최아,催芽,싹틔우기
10863,최소촌법,最小寸法,"하한치, 하한값"
10862,최소반경,最小半徑,최소 반지름
10861,최번 시,最煩時,가장 바쁠 때
10860,최대홍수량,最大洪水量,최대 홍수유량
10859,최대 촌법,最大寸法,"상한치, 상한값"
10858,최단의,最短-,가장 짧은
10857,최기 우체국,最寄郵遞局,가장 가까운 우체국
10856,최근지의,最近地-,가장 가까운
10855,최고,催告,독촉
10854,총체,總體,"모두, 전체, 전부"
10853,총창,銃創,"총알 상처, 총 상처"
10852,총의,總意,전체 뜻
10851,총유,總有,공동 소유
10850,총용 실포,銃用,총알
10849,총용 뇌관,銃用,총 뇌관
10848,총생,叢生,모듬남
10847,총력,總力,온 힘
10846,총괄계정,總括計定,전체 계정
10845,총,,과
10844,촌촌,ちょんちょん(일),거듭표
10843,촌지,寸志,작은 뜻
10842,촌저,寸楮,짧은 편지
10841,촌음,寸陰,짧은 시간
10840,촌수,寸數,"치수, 크기"
10839,촌법,寸法,치수
10838,촉진,觸診,만짐진단
10837,촉수 엄금,觸手儼禁,손대지 마십시오
10836,촉성 재배,促成栽培,철당겨가꾸기
10835,촉서,蜀黍,수수
10834,촉각,觸角,더듬이
10833,초회 보험료,初回 保險料,첫회 보험료
10832,초화물,,질산 화합물
10831,초형,草形,모양대
10830,초하다,抄--,뽑아 적다
10829,초필02,艸筆,풀붓
10828,초필01,炒筆,베낌붓
10827,초치하다,招致,"청해 오다, 불러 오다"
10826,초춘,初春,"이른봄, 초봄"
10825,초지 조성,草地造成,"꼴밭가꾸기, 꼴밭만들기"
10824,초지 개량,草地改良,꼴밭 개량
10823,초지,抄紙,종이뜨기
10822,초즙,草葺,초가 지붕
10821,초종,草種,풀 종류
10820,초장,草長,풀 길이
10819,초자,硝子,유리
10818,초자,草姿,풀 모양
10817,초일,初日,첫날
10816,초유,初乳,첫젖
10815,초안,硝安,질산암모니아
10814,초식 가축,草食家畜,풀먹이 가축
10813,초슬림형 제품,超slim(영)型 製品,초박형 제품
10812,초세,草勢,풀 자람새
10811,초석,草席,"자리, 거적자리, 짚자리"
10810,초석,礎石,주춧돌
10809,초생추,初生雛,갓 깬 병아리
10808,초생수로,草生水路,"풀수로, 풀도랑"
10807,초생법,草生法,풀두고 가꾸기
10806,초상,初霜,첫서리
10805,초사료,草飼料,"풀사료, 풀먹이"
10804,초본류,草本類,풀붙이
10803,초미의,焦尾,"매우 급한, 매우 위급한"
10802,초묵,蕉墨,"깡먹, 초묵"
10801,초목회,草木灰,재거름
10800,초모,草茅,잔디
10799,초망,抄網,채그물
10798,초리,草履,짚신
10797,초류 제거 작업,草類除去作業,풀베기
10796,초로성 치매,初老性 癡,노인 치매
10795,초두,初頭,"첫머리, 애초"
10794,초동진화,初動鎭火,바로 불끄기
10793,초동,樵童,"나무꾼, 땔나무 하는 아이"
10792,초도 순시,初度巡視,"첫 방문, 첫 둘러보기"
10791,초도,初度,"첫번, 처음"
10790,초년,初年,첫해
10789,초근,草根,풀뿌리
10788,초과 청약액,超過 請約額,가입 한도 초과액
10787,초고,草高,풀 길이
10786,초가,草架,풀시렁
10785,초 자원 개발,草資源開發,풀 자원 개발
10784,쳄버,Chamber(영),"용기(容器), (밀폐)그릇"
10783,체환,替換,교체 발행
10782,체크하다,check(영),"점검하다, 대조하다"
10781,체크포인트,check point(영),점검 사항
10780,체크룸,check room(영),보관소
10779,체크라이터,checkwriter(영),수표 금액 기입기
10778,체크 턴,check turn(영),모서리 세워돌기
10777,체크 보드,check board(영),기록판
10776,체촌,體寸,몸치수 재기
10775,체척,體尺,몸치수 재기
10774,체착,締着,죄어붙이기
10773,체차로,遞次-,차례차례로
10772,체증식,,증가식
10771,체절제,締切堤,물막잇둑
10770,체재하다,滯在--,"머물다, 묵다"
10769,체장,體長,"몸길이, 키"
10768,체임,替任,교체 임용
10767,체임,滯賃,"밀린 삯, 밀린 품삯"
10766,체인측량,chain(영)-測量,"줄 측량, 사슬자 측량"
10765,체인지업,change-up(영),"변화, 변화구"
10764,체인지 패스,change pass(영),바꿔주기
10763,체인지 코트,change court(영),자리 바꿈
10762,체인지 오브 페이스,change of pace(영),"투구 변화, 투구 변화공, 속도 변화"
10761,체인지 엔드,change end(영),자리 바꿈
10760,체인지 업,change up(영),"투구 변화, 투구 변화공, 속도 변화"
10759,체인지 멤버,change member(영),선수 교체
10758,체인지,change(영),"교환, 교대, 교체, 변경, 바꾸다"
10757,체인스티치,chain stitch(영),사슬뜨기
10756,체이닝기법,chaining(영)技法,사슬뜨기
10755,체어 엄파이어,chair umpire(영),주심
10754,체약국,締約國,조약 체결국
10753,체스트패스,chestpass(영),가슴 높이연결
10752,체수,滯水,"물 굄, 괸 물"
10751,체송함,遞送函,운송함
10750,체송원,遞送員,문서 전달원
10749,체불 노임,滯拂勞賃,"밀린 삯, 밀린 품삯"
10748,체부,締付,"조임, 끼우기"
10747,체리 피커,cherry picker(영),"금융얌체족, 얌체 소비자"
10746,체류지,滯留地,머무는 곳
10745,체득하다,體得--,"터득하다, 몸으로 익히다"
10744,체당금,替當金,미리 충당한 돈
10743,체납하다,滯納--,"제때에 못 내다, 제때에 안 내다"
10742,체납세,滯納稅,밀린 세금
10741,체납되다,滯納--,밀리다
10740,체고기계,締固機械,다짐기계
10739,체고곡선,締固曲線,다짐 곡선
10738,체고,締固,"다짐, 다지기"
10737,체경,體鏡,몸거울
10736,체결구,締結口,연결구
10735,체결 행낭,締結行囊,묶은 자루
10734,체결 우편낭,締結郵便囊,"묶은 자루, 묶은 우편 자루"
10733,체감,體感,"피부 느낌, 피부로 느낌"
10732,청허하다,聽許--,허락하다
10731,청탁,請託,부탁
10730,청취하다,聽取--,듣다
10729,청초,靑草,"생풀, 날풀"
10728,청죽,靑竹,풋대
10727,청정채소,淸淨菜蔬,맑은 채소
10726,청자화금,靑磁金畵,청자금화
10725,청인,廳印,관인
10724,청용,廳用,관용
10723,청예목초,靑刈牧草,풋베기 목초
10722,청예,靑刈,풋베기
10721,청수,聽守,"듣기, 청취"
10720,청소부,淸掃夫,청소원
10719,청선,靑線,푸른 줄
10718,청산,淸算,"씻어냄, 정리함"
10717,청사진,靑寫眞,미래상
10716,청부,"請負, うけおい(일)",도급
10715,청미,靑米,청치
10714,청문서,請問書,방문 신청서
10713,청무,廳務,관청 업무
10712,청마,靑麻,어저귀
10711,청고병,靑枯病,"풋마름병, 시들병"
10710,청경법,淸耕法,김매가꾸기
10709,첩착,貼着,펴붙이기
10708,첩지,貼紙,"붙임, 광고물을 붙임"
10707,첩부하다,貼付--,붙이다
10706,첩로,捷路,지름길
10705,첩경이다,捷徑--,지름길이다
10704,첨착,添着,덧붙이기
10703,첨장,添狀,첨가 명세서
10702,첨언하다,添言--,"덧붙이다, 말을 덧붙이다"
10701,첨승,添乘,지도승차
10700,첨송하다,添送--,"덧붙여 보내다, 함께 보내다"
10699,첨석,尖石,뾰족돌
10698,첨서하다,添書--,덧붙여 쓰다
10697,첨병,尖兵,"선봉장, 앞장"
10696,첨목,添木,버팀목
10695,첨단벌채,尖端伐採,끝자르기
10694,첨기하다,添記--,"덧붙여 쓰다, 더 적다"
10693,첨기하다,添記--,"덧붙여 적다, 덧붙여 쓰다"
10692,철회하다,撤回--,거두어 들이다
10691,철폐하다,撤廢--,없애다
10690,철삭,鐵索,"쇠밧줄, 와이어로프"
10689,철사 쇄정,鐵絲鎖錠,철사 잠금 장치
10688,철도임,鐵道賃,"철도 운임, 기차삯"
10687,철끈,綴,맴끈
10686,철극,鐵戟,쇠갈래창
10685,철격자,鐵格子,쇠창살
10684,천해,淺海,얕은 바다
10683,천학비재한,淺學菲才-,별로 아는 것이 없는
10682,천파창,穿破創,터진 상처
10681,천태만상,千態萬象,온갖
10680,천정부지,天井不知,하늘 높은 줄 모름
10679,천정,天井,천장
10678,천자,穿刺,"천자, 가는침 삽입 진찰"
10677,천일 건조,天日乾燥,볕에 말림
10676,천연림 보육,天然林保育,자연숲가꾸기
10675,천연두,"天然痘, てんねんとう(일)",마마
10674,천업,賤業,천한 직업
10673,천양,天壤,하늘과 땅
10672,천식 중적 상태,喘息 重積 狀態,천식 지속 상태
10671,천수답,天水畓,하늘바라기 논
10670,천손강림신화,天孫降臨神話,천강신화
10669,천설하다,穿設--,뚫어 설치하다
10668,천사리,川砂利,강자갈
10667,천사,川砂,강모래
10666,천반,天盤,천정 암반
10665,천립중,千粒重,천알 무게
10664,천력,川礫,강자갈
10663,천단고,天端高,"계획 높이, 수직 높이"
10662,천기,天氣,"일기, 날씨"
10661,천근성,淺根性,얕은뿌리성
10660,천공충,穿孔蟲,구멍벌레
10659,천공수,穿孔數,구멍 수
10658,천공병,穿孔病,구멍병
10657,천공,天空,하늘
10656,천경,淺耕,얕이갈이
10655,천거하다,薦擧--,추천하다
10654,천개,天蓋,"뚜껑, 관 뚜껑"
10653,척악임지,瘠惡林地,척박지
10652,척수,脊髓,등골
10651,척수,尺數,"길이, 자길이, 치수"
10650,척사,擲柶,윷놀이
10649,척박토,瘠薄土,메마른 땅
10648,척박지,瘠薄地,메마른 땅
10647,척결하다,剔抉--,"도려내다, 없애다"
10646,처신,處身,몸가짐
10645,처소,處所,"있는 곳, 주소"
10644,처사,處事,"일 처리, 일처리"
10643,처분 대전,處分代錢,처분 대금
10642,처벌하다,處罰--,벌주다
10641,처단하다,處斷--,"처벌하다, 형을 과하다"
10640,처녀림,處女林,원시림
10639,챔프,champ(영),①으뜸 선수 ②선수권자
10638,책공,柵工,"울얽기, 울짱얽기"
10637,책가도,冊架圖,책거리그림
10636,채포물,採捕物,채취물
10635,채팅,chatting(영),"대화, 통신 대화"
10634,채터링,Chattering(영),"진동, 접점진동(接點振動), 흔들림"
10633,채탄,採炭,탄캐기
10632,채취,採取,캐내다
10631,채초,採草,풀 채취
10630,채증,採證,증거 수집
10629,채주,債主,지급 대상자
10628,채종림,採種林,씨받이 숲
10627,채종답,採種畓,씨받이 논
10626,채전,菜田,채소밭
10625,채엽,採葉,잎따기
10624,채석,採石,돌캐기
10623,채색필,綵色筆,바림붓
10622,채부,採否,채택 여부
10621,채밀,採蜜,꿀따기
10620,채문,彩紋,무늬
10619,채묘,採苗,모찌기
10618,채마밭,菜麻,채소밭
10617,채리엇 앤드 폴 시스템,chariot and pole system(영),수레와 막대 방식
10616,채란,採卵,"알걷이, 알받기"
10615,채두,菜豆,강낭콩
10614,채납,採納,"받음, 기부받음, 받아들임"
10613,채굴하다,採堀--,"캐내다, 캐어내다"
10612,채광,採光,"빛 받아들임, 볕 받아들임, 빛듦, 볕듦"
10611,창해,滄海,넓은 바다
10610,창출,創出,새로 만듦
10609,창졸간,倉卒間,갑자기
10608,창운,蒼雲,푸른 구름
10607,창연,創緣,상처 가장자리
10606,창성 신고,創姓申告,성짓기 신고
10605,창상 감염,創傷感染,상처 옮음
10604,창도,唱導,"부름, 앞장서 부름, 외침, 앞장서 외침"
10603,창단,創端,상처 각
10602,창구,創口,상처 구멍
10601,창관,創管,"상처 길, 상처 공간"
10600,창강,創腔,상처 공간
10599,찹,chop(영),"비켜치기, 비켜내려치기"
10598,참칭 호주,僭稱戶主,자칭 호주
10597,참치라이스,-rice(영),참치밥
10596,참집,參集,"참석, 참석하여 모임"
10595,참조 위험률,參照 危險率,기준 위험률
10594,찰지,察知,살펴봄
10593,찬합쌓기,饌盒-,포갠돌
10592,찬팅,tsanting(영),"밀랍그리개, 밀랍붓"
10591,찬스 메이킹,chance making(영),기회 만들기
10590,찬스 메이커,chance maker(영),득점 조력자
10589,착화,着火,"점화, 불붙이기"
10588,착탈,着脫,"붙이고 떼기, 달고 떼기"
10587,착즙,搾汁,즙내기
10586,착정 장치,鑿井裝置,우물 파는 장치
10585,착정,鑿井,우물파기
10584,착유,搾油,기름짜기
10583,착유,搾乳,젖짜기
10582,착용하다,着用--,"입다, 쓰다, 신다"
10581,착오,錯誤,잘못
10580,착엽 매수,着葉枚數,달린 잎 수
10579,착염후,着炎後,불붙은 뒤
10578,착신자,着信者,"받는 이, 받는 사람"
10577,착수하다,着手--,시작하다
10576,착석,着席,앉음
10575,착색립,着色粒,물든 알
10574,착색,着色,"색깔내기, 색깔나기, 색칠하기"
10573,착모,着帽,모자를 쓰시오
10572,착근,着根,뿌리 내림
10571,착과,着果,"열매 달림, 달린 열매"
10570,차회,次回,다음 번
10569,차한에 부재함,此限- 不在,예외로 함
10568,차하,差下,돌려 줌
10567,차폭등,車幅燈,옆등
10566,차폐 식수,遮蔽植樹,가림나무 심기
10565,차트,chart(영),"도표, 순위 도표"
10564,차터,Charter(영),전세편 항공기
10563,차치하다,且置--,"그만 두다, 제쳐 놓다"
10562,차치모리,鋒盛,모듬 요리
10561,차측등,車側燈,차옆등
10560,차출,"差出, さしだし(일)",뽑아냄
10559,차징 파울,charging foul(영),부딪기 반칙
10558,차징,charging(영),몸 반칙
10557,차질을 가져오다,蹉跌- ----,"어긋나다, 빗나가다"
10556,"차질, 차질없이",蹉跌--,"어김, 어김없이, 틀림, 틀림없이"
10555,"차지, 차징","charge, charging(영)",방해
10554,차지 타임,charge time(영),작전 시간
10553,차지,車止,차막이
10552,차지,此旨,이 뜻
10551,차제에,此際-,"이 기회에, 이번 기회에, 이때에"
10550,차전초,車前草,질경이
10549,차전자,車前子,질경이 씨
10548,차재,借財,돈빌리기
10547,차입하다,借入--,"꾸어 들이다, 꾸다"
10546,차입하다,差入--,넣어 주다
10545,차입금,借入金,꾼 돈
10544,차입,"差入, さしいれ(일)","넣어 줌, 옥바라지"
10543,차임 벨,chime bell(영),"때알이, 때알이 종"
10542,차임,車賃,차삯
10541,차임,借賃,셋돈
10540,차인 잔액,差引殘額,뺀 나머지 돈
10539,차인,差引,"뺌, 뺀"
10538,차의,此,이의
10537,차음,遮音,"소리 차단, 소리의 차단"
10536,차용하다,借用--,"빌다, 빌려 쓰다, 꾸다, 꾸어 쓰다"
10535,차용자,借用者,빌려 간 사람
10534,차용물,借用物,빌린 물건
10533,차양,遮陽,볕가리개
10532,차압,"差押, さしおさえ(일)","압류, 잡아둠"
10531,차안,此岸,"이 세상, 이쪽 언덕, 이편"
10530,차실,遮室,가림방
10529,차시,此時,이때
10528,차순위,次順位,"다음 차례, 다음 순위"
10527,차수판,遮水板,물막이판
10526,차수인,借受人,빌린 사람
10525,차수벽,遮水壁,물막이벽
10524,차수공,遮水工,물막이
10523,차상하,車上下,차하부
10522,차방,借方,차변
10521,차면,遮面,얼굴 가림
10520,차륜삭정,車輪削正,차바퀴 깎기
10519,차륜,車輪,바퀴
10518,차령,車齡,차 나이
10517,차량 일주,車輛逸走,차량 구름
10516,차단스,茶簞笥,차장
10515,차년도,次年度,"다음 해, 다음 연도"
10514,차기,次期,"다음, 다음 번"
10513,차광재배,遮光栽培,볕가림 가꾸기
10512,차광,遮光,빛 가림
10511,차관선,借款先,"차관 공여자, 차관 공여처, 차관 공여국"
10510,차견,借見,빌어봄
10509,차감하다,差減--,빼다
10508,차,此,"이, 이것"
10507,짬뽕,攙烹(중),① 초마면 ② 뒤섞기
10506,짚줄떼공,-工,짚단쌓기
10505,징후,徵候,낌새
10504,징크스,jinx(영),"액(厄), 불길한 일, 재수없는 일"
10503,징조,徵兆,조짐
10502,징수하다,徵收--,"받다, 거두다"
10501,징병서,徵兵書,징병 검사서
10500,징벌부,懲罰簿,벌칙 처리부
10499,징구하다,徵求--,"받다, 요청(하다)"
10498,짓쿠,チック(일)←cosm tique(프),머리크림
10497,집회,集會,"모임, 회합"
10496,집합하다,集合--,모이다
10495,집필,執筆,글씀
10494,집표구,集票口,표 내는 곳
10493,집찰구,集札口,표 내는 곳
10492,집찰,集札,표 검사
10491,집중호우,集中豪雨,"작달비, 장대비"
10490,집중시간,集中時間,도달 시간
10489,집재줄,集材-,당김줄
10488,집재,集材,나무쌓기
10487,집유,集乳,젖거두기
10486,집요하다,執拗--,끈덕지다
10485,집수 암거,集水暗渠,물 저장 도랑
10484,집성사진,集成寫眞,모자이크 사진
10483,집배표,集配表,집배 기록표
10482,집배포,集配包,집배 가방
10481,집배 사무,集配事務,집배 업무
10480,집단 사육,集團飼育,어울러 기르기
10479,집결지,集結地,"모일 곳, 모인 곳"
10478,짐벌,gimbal(영),수평 장치(水平裝置)
10477,질타,叱咤,"크게 꾸짖음, 꾸지람"
10476,질책하다,叱責--,꾸짖다
10475,질주하다,疾走--,달리다
10474,질의응답,質疑應答,물음과 답
10473,질식하다,窒息--,"숨 막히다, 숨이 막히다"
10472,질식사,窒息死,"질식 사망, 질식사"
10471,질사,窒死,질식사
10470,질문,質問,물음
10469,질곡,桎梏,굴레
10468,질강풍,疾强風,큰바람
10467,진화하다,鎭火--,"불 끄다, 불길을 잡다"
10466,진화용의,鎭火用-,"불 끄는 데 사용하는, 불을 끄는 데 사용하는, 불 끄는 데 쓰는, 불을 끄는 데 쓰는"
10465,진품,眞品,진짜
10464,진탕아 증후군,震盪兒 症候群,흔들린 아이 증후군
10463,진탕배양,震盪培養,"흔들기 배양, 흔들어 키움"
10462,진카,沈下,"침하, 가라앉음"
10461,진출,振出,발행
10460,진체,"振替, ふりかえ(일)",대체
10459,진지,振芝,턴떼
10458,진작하다,振作--,"북돋다, 북돋우다, 떨치다"
10457,진입로,進入路,들어가는 길
10456,진의,眞意,참뜻
10455,진위 여부,眞僞 與否,사실 여부
10454,진언하다,進言--,"말씀 드리다, 의견을 말씀 드리다"
10453,진언,眞言,"참말, 참된말"
10452,진애,塵埃,"티끌, 먼지, 쓰레기"
10451,진압,鎭壓,"눌러주기, 다져주기"
10450,진술,陳述,말함
10449,진사,診査,건강 조사
10448,진부,陳腐,낡음
10447,진부,眞否,진짜와 가짜
10446,진배,進拜,찾아뵘
10445,진면목,眞面目,참모습
10444,진로,進路,나갈 길
10443,진력,盡力,힘씀
10442,진동 개소,振動個所,흔들리는 곳
10441,진동,振動,"울림, 흔들림"
10440,진달하다,進達--,"올리다, 말을 받아 올리다, 편지를 받아 올리다"
10439,진달,進達,올림
10438,진균,眞菌,곰팡이
10437,진구성 욕창,陳久性 褥瘡,오래된 눌림창
10436,진구성 심근 경색,陳舊性 心筋 硬塞,오래된 심근 경색
10435,진구성 병변,陳久性 病變,오래된 병터
10434,진구성 반흔,陳久性 瘢痕,오래된 흉터
10433,진구성 두개골 절제술흔,陳久性 頭蓋骨 切除術痕,오래된 머리뼈 절제술 자국
10432,진구성,陳久性,"오래된 성질, 오래된"
10431,진과,進過,지나감
10430,진검승부,"しんけんしょうぶ(일), 真剣勝負, 眞劍勝負","생사겨루기, 정면 대결, 최종 대결"
10429,진개,塵芥,쓰레기
10428,직하,直下,바로 아래
10427,직파조림,直播造林,"씨뿌림 조림, 곧뿌림 조림, 바로뿌림 조림"
10426,직파,直播,곧뿌리기
10425,직체결 우편낭,直締結郵便囊,직송 우편 자루
10424,직진하다,直進--,"바로 가다, 곧게 가다"
10423,직전,直前,"바로 전, 바로 앞"
10422,직장,直腸,"곧은 창자, 곧창자"
10421,직언,直言,"바른 말, 곧은 말"
10420,직시,直視,바로 봄
10419,직송,直送,"곧 보냄, 직접 부침"
10418,직상층,直上層,바로 위층
10417,직무 검열,職務檢閱,사무 관리 점검
10416,직립성,直立性,곧추설성
10415,직립경,直立莖,곧은줄기
10414,직기빔,織機beam(영),도투마리
10413,직근 상급 기관,直近上級機關,바로 위 기관
10412,직근,直近,가장 가까운
10411,직근,直根,곧은 뿌리
10410,직권,職權,맡은 권한
10409,직고,直告,바른 대로 말함
10408,직경,直徑,지름
10407,직결되다,直結--,바로 연결되다
10406,지활지,地滑地,밀린땅
10405,지활,地滑,땅밀림
10404,지환우편물,持還郵便物,되가져온 우편물
10403,지협,紙挾,종이 집게
10402,지하수위,地下水位,지하수 높이
10401,지하다,至,이르다
10400,지하근,地下根,땅속뿌리
10399,지하고,枝下高,왕가지 높이
10398,지하경,地下莖,땅속줄기
10397,지피물,地被物,땅위 잡물
10396,지표수,地表水,땅윗물
10395,지편,紙片,종이 조각
10394,지탄,指彈,손가락질
10393,지타,枝打,가지치기
10392,지키코어,じき(일)Core(영),자기코어(磁氣Core)
10391,지쿠칸,軸環,고리못
10390,지쿠사키,軸先,귀두겁
10389,지쿠봉,軸棒,"축, 족자축"
10388,"지카라누노, 지카테",力布,바대
10387,지칭하다,指稱--,"일컫다, 가리키다, 뜻하다, 말하다"
10386,지침식물,指針植物,지표 식물
10385,지침,指針,길잡이
10384,지출하다,持出--,가지고 나가다
10383,지초,芝草,떼
10382,지체,遲滯,"늦어짐, 시간이 늦어짐"
10381,지척,咫尺,"가까움, 아주 가까움"
10380,지참하다,持參--,지니고 오다
10379,지참,遲參,"늦게 참석, 뒤늦게 참석"
10378,지찰,紙札,종이 명찰
10377,지진아,遲進兒,뒤진 아이
10376,지지미,"縮, ちぢみ(일)",쫄쫄이
10375,지지목,支持木,버팀목
10374,지지,支芝,받침떼
10373,지즈라,字面,"자면(字面), 인면(印面)"
10372,지중,地中,땅 속
10371,지주목,支柱木,"버팀목, 동바리"
10370,지주막 하 출혈,蜘蛛膜 下 出血,거미막 밑 출혈
10369,지주,支柱,받침대
10368,지존,地拵,조림지 정리
10367,지조재,枝條材,"쓸가지, 우죽"
10366,지조공,芝條工,"반떼붙이기, 떼조공"
10365,지조,知照,"작업보고, 운전 작업 보고"
10364,지제부,地除部,뿌리목
10363,지제 부분,地除部分,뿌리목 부분
10362,지정하다,指定--,"정하다, 가리켜 정하다"
10361,지정,池井,"연못, 샘"
10360,지접,枝椄,가지접
10359,지절,脂節,팔다리 마디
10358,지적 사항,指摘事項,고쳐야 할 일
10357,지적,指摘,"가리킴, 말함"
10356,지적,地籍,토지 기록
10355,지적,地積,땅 넓이
10354,지장물,支障物,"장애물, 걸림돌"
10353,지장목,支障木,장애나무
10352,지장,指章,손도장
10351,지입하다,持込--,"가지고 들어가다, 갖고 들어가다, 가지고 들어오다, 갖고 들어오다"
10350,지입제,持込制,몫들기
10349,지인망,地引網,"갓후릿그물, 갓후리"
10348,지인,知人,아는 사람
10347,지위,地位,"땅 등급, 자리"
10346,지원민,地元民,지역주민
10345,지원,支援,도움
10344,지온,地溫,땅 온도
10343,지예집재,地曳集材,"바닥끌어나무모아쌓기, 바닥끌어통나무모아쌓기"
10342,지엽,紙葉,낱장
10341,지엽,枝葉,가지와 잎
10340,지엽,止葉,끝잎
10339,지연되다,遲延--,늦어지다
10338,지양하다,止揚--,"하지 않다, 피하다"
10337,지압 조사,地押調査,지번별 조사
10336,지시일변도,指示一變度,지시만 하는
10335,지시 식물,指示植物,지표 식물
10334,지승,支承,"받침, 지지"
10333,지수제,止水堤,물막잇둑
10332,지수벽,止水壁,물막이벽
10331,지수로공,芝水路工,"떼수로내기, 떼도랑내기"
10330,지소,池沼,"연못, 늪"
10329,지선 어민,地線漁民,연안 어민
10328,지상 태아,紙狀 胎兒,종이 모양 태아
10327,지상 배수,地上排水,"지표면 물빼기, 지표면 배수"
10326,지불하다,支拂--,"지급하다, 치르다"
10325,지분,"持分, もちぶん(일)",몫
10324,지부공,芝付工,떼붙이기
10323,지복공,芝覆工,떼덮기
10322,지별선별,支別選別,무게 고르기
10321,지별 선택,支別選擇,무게고르기
10320,지별 선별,支別選別,무게고르기
10319,지변하다,支辨--,갚다
10318,지변 기일,支辨 期日,상환 기일
10317,지변,支辨,"충당, 지급, 갚음"
10316,지미,じみ(일),"수수함, 검소함"
10315,지물,地物,땅 위 물체
10314,지몬이리,地紋入-り(일),무늬 바탕
10313,지면살포,地面撒布,땅에뿌리기
10312,지면,知面,"알음, 안면"
10311,지맥,支脈,잔 잎맥
10310,지리초석,智利硝石,칠레질석
10309,지리멸,じり-(일),애멸치
10308,지리가미,"塵紙, ちりがみ(일)",휴지
10307,지료,地料,"땅세, 땅값"
10306,지령,指令,명령
10305,지력 증진,地力增進,땅힘돋우기
10304,지력,地力,땅힘
10303,지락,地落,땅에 닿음
10302,지라시,"散, ちらし(일)","선전지, 낱장 광고"
10301,지디피,GDP(Gross Domestic Product(영)),국내 총생산
10300,지득하다,知得--,"알게 되다, 알다"
10299,지득하다,知得--,알게 되다
10298,지두흔,指頭痕,손 끝 자국
10297,지두,枝豆,"풋콩, 가지 풋콩"
10296,지대,紙袋,"봉지, 봉투, 부대"
10295,지대,地代,땅값
10294,지달,遲達,송달 지연
10293,지네틱알고리즘,GeneticAlgorithm(영),유전연산방식
10292,지내력,地耐力,견딜 힘
10291,지난하다,至難--,매우 어렵다
10290,지나라시,地均-し(일),땅고르기
10289,지급필 통지,支給畢通知,지급 끝남 알림
10288,지급필,支給畢,"지급 끝남, 지급 완료, 지급함, 지급했음, 지급 끝냄"
10287,지급교시,至急敎示,"빨리 가르쳐줌, 빨리 알려줌"
10286,지급 거절,支給拒絶,치르기 거절
10285,지근,支根,갈림 뿌리
10284,지그재그능직,zigzag(영)綾織,갈지자짜기
10283,지그재그 패스,zigzag pass(영),갈지자 주고받기
10282,지궐련,紙卷煉,종이궐련
10281,지구력,持久力,오래 견딤
10280,지괴침식,地塊浸蝕,중력 침식
10279,지관,地官,"풍수, 지관"
10278,지골,支骨,잔줄기
10277,지골,指骨,손가락 뼈
10276,지계,地階,지하층
10275,지경,枝莖,이삭 가지
10274,지거링,jiggering(영),찍어내기
10273,지가,支架,받침대
10272,지가,地價,땅값
10271,지02,地,"치마, 병풍치마"
10270,지01,芝,떼
10269,증해,蒸解,"삶아 풀어냄, 삶아서 풀어냄, 삶아 풂, 삶아서 풂"
10268,증표,證票,증명서
10267,증치,增置,"추가 설치, 증설"
10266,증체량,增體量,"살찐 양, 늘어난 무게"
10265,증정하다,贈呈--,드리다
10264,증자,蒸煮,삶음
10263,증식하다,增殖--,"불어나다, 불리다"
10262,증서,證書,증거 문서
10261,증빙 서류,證憑書類,증거 서류
10260,증발하다,蒸發--,"사라지다, 사람이 사라지다"
10259,증발,增發,늘어남
10258,즙환,葺換,이엉바꾸기
10257,즙,葺,이엉
10256,즉일,卽日,"바로 그 날, 당일"
10255,즉응,卽應,"바로 응함, 즉시 응함"
10254,즉시급,卽時給,즉시지급
10253,즉시,卽時,"곧, 바로"
10252,즉사,卽死,현장 사망
10251,즉보,卽報,즉시 보고
10250,즉납,卽納,즉시 납부
10249,즉각,卽刻,"곧, 바로"
10248,즈리,ずり(일),버력
10247,중혼,重婚,이중 결혼
10246,"중한, 중한 죄",重- -,"무거운, 무거운 죄"
10245,중판,中板,속판
10244,중첩되다,重疊--,겹치다
10243,중책,重責,무거운 책임
10242,중차대하다,重且大--,매우 중요하다
10241,중지,中指,가운뎃손가락
10240,중증,重症,심한 병세
10239,중점토,重粘土,질찰흙
10238,중절모자,"中折帽子, なかおれぼうし(일)",우묵모자
10237,중식기,中食期,중밥때
10236,중선법,重渲法,겹바림
10235,중선 출혈,重線 出血,두 줄 출혈
10234,중봉,中鋒,"① 중붓, 중붓질, 붓중간 ② 중간붓"
10233,중매인,"仲買人, なかがいにん(일)","거간, 거간꾼"
10232,중립종,中粒種,"중간 씨, 중간 씨앗"
10231,중루석,重壘石,포갠돌
10230,중력분,中力粉,"밀가루, 보통 밀가루"
10229,중권엽,中卷葉,속말음잎
10228,중구난방,衆口難防,마구 떠듦
10227,중과지,中果枝,중간열매가지
10226,중과실,重過失,큰 잘못
10225,중과세하다,重課稅--,"세금을 많이 매기다, 세금을 무겁게 매기다"
10224,중과세 처분,重課稅處分,세금을 무겁게 내리다
10223,중과석,重過石,중과인산석회
10222,중계료,中繼料,중계 운송료
10221,중경제초,中耕除草,김매기
10220,중간말목,中間抹木,사이말뚝
10219,중간,中間,가운데
10218,줄야,-刃,줄쐐기정
10217,준힐,樽詰,통채우기
10216,준치기,,줄치기
10215,준용 하천,準用河川,지방 관리 하천
10214,준용,準用,표준으로 적용함
10213,준시,樽柿,납작 곶감
10212,준수할 것,遵守- -,지켜 주시기 바랍니다
10211,준설,浚渫,파내기
10210,준법,皴法,"주름법, 준법"
10209,준동하다,蠢動--,"날뛰다, 움직거리다"
10208,준강력분,準强力粉,덜차진 밀가루
10207,죽필,竹筆,대붓
10206,죽책공,竹柵工,"대나무울얽기, 대나무울짱얽기"
10205,죽책,竹柵,"대나무울, 대나무울짱"
10204,죽재,竹材,대나무
10203,죽사롱,竹蛇籠,대돌망태
10202,죽목,竹木,대와 나무
10201,죽,竹,대나무
10200,주쿠렌,熟練,"익수, 숙련공"
10199,주취하다,酒醉--,술 취하다
10198,주취자,酒醉者,술 취한 사람
10197,주차,舟車,배와 수레
10196,주지시키다,周知---,모두에게 알리다
10195,주지,周知,"다 알다, 모두 알다, 두루 알다, 다 앎, 모두 앎, 두루 앎, 모두 에게 알리다, 다 알리다"
10194,주지,周紙,두루마리
10193,주조철부,鑄造鐵斧,주철도끼(casted iron axe)
10192,주정,酒精,"에틸알코올, 에탄올"
10191,주저 손상,躊躇 損傷,주저 상처
10190,주자,廚者,조리사
10189,주인,主人,임자
10188,주의요,注意要,"조심하기 바람, 조심하시기 바랍니다."
10187,주야,晝夜,밤낮
10186,주아,主芽,으뜸눈
10185,주심포,柱心包,"기둥위두공, 주심포"
10184,주시하다,注視--,눈여겨보다
10183,주수하다,注水--,"물 붓다, 물 주다"
10182,주선하다,周旋--,마련하다
10181,주선,朱線,붉은 줄
10180,주서,朱書,"붉은 글씨, 붉은 색 글씨"
10179,주색 복선,朱色複線,빨간 색 두줄
10178,주삭,主索,작업본줄
10177,주사 침흔,注射 針痕,"주사 침 자국, 주사 바늘 자국"
10176,주비,籌備,"준비, 계획 준비"
10175,주부,テュ-ブ(일)←tube(영),튜브
10174,주부,主婦,안주인
10173,주봉,主峰,"최고봉, 주인봉"
10172,주본선,主本線,주선로
10171,주벽,酒癖,"술버릇, 술 취한 버릇"
10170,주벽,周壁,주위 벽
10169,주벌,舟筏,배와 뗏목
10168,주방,廚房,부엌
10167,주박소,駐泊所,"쉼터, 기차 쉼터"
10166,주바,中羽,중간멸치
10165,주밍,zooming(영),"확대, 확대 축소"
10164,주물,主物,주된 물건
10163,주문,主文,"본문, 으뜸글"
10162,주무과,主務科,담당과
10161,주목,注目,눈여겨봄
10160,주맥경,主脈徑,큰잎맥지름
10159,주맥 건조기,主脈乾燥機,줄기 건조기
10158,주맥 가습기,主脈加濕機,줄기 가습기
10157,주맥,主脈,원줄기
10156,주말하다,朱抹--,"붉은 줄로 지우다, 붉은 선으로 지우다"
10155,주마와시,中廻し(일),"소매, 병풍소매"
10154,주리,jury(영),배심원
10153,주류,酒類,"술, 술 종류"
10152,주력하다,主力--,"힘 기울이다, 힘을 기울이다"
10151,주두,柱頭,암술머리
10150,주도적,主導的,앞장섬
10149,주도면밀,周到綿密,빈틈없이
10148,주도,主導,앞장섬
10147,주단누키,中段拔-き(일),단빼기
10146,주다마,中玉,"중간 알, 중치"
10145,주년재배,周年載培,이어 가꾸기
10144,주낙,,줄낚시
10143,주기에 승하여,振出,술김에
10142,주기,酒氣,"술기운, 술기"
10141,주근,主根,원뿌리
10140,주근,柱根,"버팀 뿌리, 받침 뿌리"
10139,주관절,肘關節,팔굽치 관절
10138,주거지,住居址,"집자리, 집터(site of house)"
10137,주간제어기,主幹製禦機,주요 제어기
10136,주간사 회사,主幹事會社,① 대표 주관 회사 ② 도유사 회사
10135,주간거리,株間距離,"그루 폭, 그루 사이 폭, 포기 폭, 포기 사이 폭"
10134,주,株,"포기, 그루"
10133,죄증,罪證,범죄 증거
10132,죄적,罪蹟,범죄 자취
10131,좌하,座下,귀하
10130,좌편,左便,왼쪽
10129,좌측,左側,왼쪽
10128,좌초하다,座礁--,암초에 걸리다
10127,좌철,左綴,왼쪽매기
10126,좌창,挫創,찧은 상처
10125,좌의,左-,왼쪽의
10124,좌우간,左右間,아무튼
10123,좌열창,挫裂創,찢긴 상처
10122,좌시,坐視,"보고만 있음, 그냥 보고만 있음"
10121,좌수무지,左手拇指,왼엄지
10120,좌상육,剉桑育,뽕썰어치기
10119,좌상,挫傷,① 멍 ② 타박상
10118,좌멸상,挫滅傷,으깬 상처
10117,좌란,左欄,"좌측 칸, 좌측 난"
10116,좌고,坐高,앉은키
10115,종횡,縱橫,가로 세로
10114,종피색,種皮色,씨껍질색
10113,종피,種皮,씨껍질
10112,종토,種兎,씨토끼
10111,종침식,縱浸蝕,세로침식
10110,종창,腫脹,부어오름
10109,종지하다,終止--,끝내다
10108,종지부를찍다,終止符-,끝맺다
10107,종지부,終止符,마침표
10106,종종,種種,가끔
10105,종전,終戰,전쟁이 끝남
10104,종적 조사,踪迹調査,행방 조사
10103,종자취부공,種子吹付工,씨뿜어붙이기
10102,종자채취,種子採取,"열매따기, 씨앗따기"
10101,종자교환,種子交換,씨앗 바꿈
10100,종자 갱신,種子更新,씨앗바꾸기
10099,종일자석,縱一字石,선돌
10098,종우,種牛,"씨받이소, 씨소"
10097,종용하다,慫慂--,달래어 권하다
10096,종양,腫瘍,혹
10095,종실,種實,씨알
10094,종신형,終身刑,무기형
10093,종신,終身,평생
10092,종식,終熄,끝나다
10091,종속 신호기,從屬信號機,"여벌 신호기, 딸림 신호기"
10090,종선사,縱線篩,줄체
10089,종선만석,縱線萬石,줄사름틀
10088,종선,縱線,세로줄
10087,종선,從船,딸린배
10086,종서,縱書,세로쓰기
10085,종상,終霜,끝서리
10084,종빈돈,種牝豚,씨암퇘지
10083,종부,種付,젖붙이기
10082,종묘포,種苗圃,"씨모밭, 종묘장"
10081,종묘,種苗,씨모
10080,종목사,縱目篩,긴눈체
10079,종모우,種牡牛,씨황소
10078,종료하다,終了--,"끝나다, 마치다"
10077,종례,終禮,마침 모임
10076,종렬,縱裂,세로틈
10075,종래의,從來-,"이제까지의, 지금까지의"
10074,종람에 공하다,從覽- ---,볼 수 있도록 하다
10073,종란,種卵,씨알
10072,종돈,種豚,씨돼지
10071,종대,縱隊,세로서기
10070,종단도,縱斷圖,종단면도
10069,종단 방향,縱斷方向,세로 방향
10068,종단,終端,"끝점, 끝지점"
10067,종근,種根,씨뿌리
10066,종균,種菌,씨균
10065,종구,縱溝,"홈, 보리홈"
10064,종광,,잉아
10063,종곡축,縱谷築,세로골쌓기
10062,종곡점,終曲點,곡선 종점
10061,종곡선,縱曲線,종단 곡선
10060,종곡,種穀,"종자용 양곡, 씨받이 곡물"
10059,종계,種鷄,씨닭
10058,종견,種繭,씨고치
10057,종가,,"미래가, 미랫값"
10056,졸지에,猝地-,"별안간, 갑자기"
10055,졸속,拙速,서두름
10054,존치하다,存置--,그대로 두다
10053,존속 기간,存續期間,남아 있는 기간
10052,존속,尊屬,"손위, 손위 항렬"
10051,족하다,足--,"넉넉하다, 만족하다"
10050,족축하다,足蹴--,"차다, 발길로 차다"
10049,족지,足指,발가락
10048,족적,足跡,발자취
10047,족장목,足場木,"비계나무, 비계통나무, 비계목"
10046,족장,足場,작업 발판
10045,족부견,簇付繭,섶자국고치
10044,족관절,足關節,발목 관절
10043,조회하다,照會--,알아보다
10042,조황,釣況,낚이는 형편
10041,조화문,彫花紋,새김 무늬
10040,조홍,潮紅,붉어짐
10039,조합하다,組合--,묶다
10038,조합연장,組合道具,모듬연장
10037,조하매도,繰下賣渡,물려팔기
10036,조하 운전,調下運轉,늦춤 운전
10035,조파공,條播工,"줄뿌리기, 줄씨뿌리기"
10034,조파,條播,줄뿌림
10033,조파,早播,올뿌리기
10032,조타조공,造朶條工,"섶깔기, 섶조공"
10031,조타속,造朶束,섶다발
10030,조타도,造朶道,섶길
10029,조크,joke(영),"농담, 우스개"
10028,조치하다,措置--,"처리하다, 잘 처리하다"
10027,조춘,肇春,초봄
10026,조추경,早秋耕,가을갈이
10025,조추,肇秋,초가을
10024,조체,繰替,일시 전용
10023,조처,措處,"조치, 처리"
10022,조찬,朝餐,"아침, 아침 식사, 아침 모임"
10021,조차원,操車員,"배차원, 구내원"
10020,조지방,粗脂肪,거친 굳기름
10019,조조,早朝,"아침, 이른 아침"
10018,조제하다,調劑--,약짓다
10017,"조제, 회의록 조제",調製,"작성, 회의록 작성"
10016,조정기,造精器,장정기(藏精器)
10015,조정,漕艇,배젓기
10014,조적,組積,벽돌쌓기
10013,조재,造材,나무켜기
10012,조장하다,助長--,돋우다
10011,조작하다,造作--,"꾸미다, 만들어 내다"
10010,조작하다,操作--,다루다
10009,조작반,操作盤,조작판
10008,조위,凋萎,시듦
10007,조월금,繰越金,이월금
10006,조월,操越,"이월, 넘김"
10005,조우,遭遇,"만남, 우연히 만남"
10004,조예,條刈,줄베기
10003,조언,助言,도움말
10002,조어구,釣魚具,낚시 도구
10001,조신하다,措信--,믿다
10000,조식재배,早植栽培,올심어 가꾸기
9999,조식,朝食,"아침밥, 조반"
9998,조식,早植,올심기
9997,조숙,早熟,올익음
9996,조성하다,造成--,만들다
9995,조생종,早生種,을씨
9994,조상충용,繰上充用,앞당겨 씀
9993,조상징수,早上徵收,"앞당겨 받음, 앞당겨 거둠"
9992,조상매도,繰上賣渡,당겨팔기
9991,조상 운전,調上運轉,"당김운전, 앞당김운전"
9990,조상 배정,繰上配定,"당겨 배정, 앞당겨 배정"
9989,조상,早霜,이른 서리
9988,조상,造床,모판만들기
9987,조상,繰上,앞당김
9986,조상,早上,미리 출발
9985,조사리,粗砂利,굵은자갈
9984,조사료,粗飼料,거친 먹이
9983,조사,粗砂,왕모래
9982,조사,照査,알아봄
9981,조사,條射,줄뿌림
9980,조사,弔事,슬픈 일
9979,조브,job(영),짧게띄우기
9978,조복하다,照覆--,"회답, 조회에 대한 회답"
9977,조변,調辨,"①현지 조달, 마련함 ②조사 처리"
9976,조발,早發,"일찍 떠남, 일찍 일어남"
9975,조반,"丁番, ちょばん(일)",경첩
9974,조바,"帳場, ちょうば(일)",계산대
9973,조밀,稠密,빽빽함
9972,조미료,調味料,양념
9971,조망,眺望,바라다봄
9970,조만간,早晩間,머잖아
9969,조립하다,組立--,짜 맞추다
9968,조류,鳥類,날짐승
9967,조류,潮流,흐름
9966,조류,藻類,이끼류
9965,조로,"如雨露, じょろう(일)",물뿌리개
9964,조례,朝禮,"아침 모임, 조회"
9963,조련,操鍊,훈련
9962,조도,照度,조명도
9961,조달하다,調達--,"대다, 마련하다"
9960,조단백질,粗蛋白質,거친흰자질
9959,조끼,チョッキ(일)←jug(영),잔
9958,조깅,jogging(영),건강달리기
9957,조기원,操機員,"기계 조작원, (...) 운전원, 기관원"
9956,조기수,操機手,기관사
9955,조기발뢰,早期發蕾,올꽃망울 맺음
9954,조기대,,미장나무자
9953,조기 청소,早起淸掃,"아침 청소, 새벽 청소"
9952,조기 재배,早期栽培,"일찍가꾸기, 올가꾸기"
9951,조기,早期,빠른 시일
9950,조구축,鳥口築,새입붙이기
9949,조교,弔橋←적교,"출렁다리, 줄다리, 현수교"
9948,조곡,粗穀,거친 곡식
9947,조견표,早見表,"보기표, 일람표"
9946,조건적부생균,條件的腐生菌,임의 부생균
9945,조건적기생균,條件的寄生菌,임의 기생균
9944,조건부,條件附,조건으로
9943,조강,粗鋼,거친 강철
9942,조감,鳥瞰,내려다 봄
9941,조간 신문,朝刊新聞,아침 신문
9940,"조각하다, 도장을 조각하다",圖章- 彫刻--,"새기다, 도장을 새기다"
9939,조가선,助架線,보조선
9938,조가선,吊架線,케이블 받침선
9937,조,棗,대추
9936,젠트리피케이션,gentrification(영),둥지 내몰림
9935,젠자이,善哉,단팥죽
9934,젠다이,膳臺,차선반
9933,제호,題號,제목
9932,제호,製糊,풀쑤기
9931,제형언,堤形堰,"사다리꼴 봇둑, 사다리꼴 웨어"
9930,제형수로,梯形水路,"사다리꼴 수로, 사다리꼴 도랑"
9929,제핵,除核,씨빼기
9928,제하다,除--,"나누다, 빼다"
9927,제트 턴,jet turn(영),제트 회전
9926,제토,除土,흙 내림
9925,제탕,薺湯,냉잇국
9924,제초,除草,김매기
9923,제척 기간,除斥期間,제침 기간
9922,제차,諸車,모든 차
9921,제지하다,制止--,"말리다, 막다"
9920,제증명,諸證明,여러 증명
9919,제족기,製簇機,섶틀
9918,제조하다,製造--,만들다
9917,제조원,製造元,만든 곳
9916,제저폭,堤底幅,둑밑 너비
9915,제저,堤底,둑밑
9914,제작하다,製作--,만들다
9913,제작비,製作費,만드는 비용
9912,제일화,第一話,"첫 이야기, 첫째 이야기"
9911,"제일족지, 제1족지",第一足指,엄지발가락
9910,"제이족지, 제2족지",第二足指,둘째발가락
9909,제육볶음,猪肉-,돼지고기 볶음
9908,제육,猪肉,돼지고기
9907,제위,諸位,여러분
9906,제웅,除雄,수술치기
9905,제외하다,除外--,빼다
9904,제외지,堤外地,둑 밖 땅
9903,제외 사면,堤外斜面,둑바깥 비탈
9902,제염장,製鹽場,소금 만드는 곳
9901,제언,堤堰,둑
9900,제어 불능암,Non-controllable arm(영),비제어 암
9899,제신고,諸申告,모든 신고
9898,제식,制式,규정
9897,제시하다,提示--,내보이다
9896,제숭상,堤嵩上,둑돋우기
9895,제수변,除水弁,물막음 장치
9894,제수기슭막이,制水-,수제(水制)
9893,제수,制修,제작 수리
9892,제소,gesso(영),밑칠
9891,제소,提訴,소송걸기
9890,제세 공과금,諸稅公課金,각종 공과금
9889,제설 작업,除雪作業,눈치우기
9888,제석공,除石工,돌치우기
9887,제상,蹄傷,발굽 상처
9886,제삼,第三足指,"셋째발가락, 가운뎃발가락"
9885,제삼,第三者,남
9884,제사,製絲,실뽑기
9883,제사,除砂,똥갈이
9882,제본,製本,책매기
9881,제벌,除伐,잡목솎아베기
9880,제방판로,堤防坂路,둑비탈길
9879,제방침하,堤防沈下,둑 침하
9878,제방침식,堤防浸蝕,둑 침식
9877,제방예정선,堤防豫定線,둑 예정선
9876,제방선,堤防線,둑마루선
9875,제방법선,堤防法線,둑마루선
9874,제방,堤防,둑
9873,제반문제,諸般問題,여러 문제
9872,제반 조건,諸般條件,모든 조건
9871,제반 정상,諸般情狀,"여러 사정, 모든 사정"
9870,제반 규정,諸般規定,여러 가지 규정
9869,제반,諸般,"여러, 여러 가지, 모든"
9868,제면,製麵,국수만들기
9867,제맥 분리기,除脈分離機,줄기빼기 분리기
9866,제맥,除脈,줄기빼기
9865,제마,製麻,삼만들기
9864,제륜자,製輪子,"멈추개, 제동자"
9863,제록스,Xerox(영),"복사, 복사기"
9862,제로에너지하우스,zero energy house(영),에너지자급주택
9861,제로섬 게임,zero-sum game(영),죽기 살기 게임
9860,제로섬,zero-sum(영),합계 영
9859,제로,zero(영),"영, 공, 없음"
9858,제동 체결,製動締結,제동 걸기
9857,제동 장치,制動裝置,멈춤 장치
9856,제동 완해,製動緩解,제동 풀기
9855,제너레이터,generator(영),발전기(發電機)
9854,제너럴 일너미네이션,general illumination(영),일반 조명
9853,제내사면,堤內斜面,둑안 비탈
9852,제기하다,提起--,"내다, 안을 내다"
9851,제권 판결,除權判決,권리 없앰 판결
9850,제권 지급,除權支給,실효에 의한 지급
9849,제군,諸君,여러분
9848,제국,諸國,여러 나라
9847,제구,祭具,제기
9846,제관폭,堤冠幅,둑마루 너비
9845,제과,製菓,과자만들기
9844,제공하다,提供--,"바치다, 내다"
9843,제고하다,提高--,높이다
9842,제거하다,除去--,없애다
9841,제각하다,除却--,없애다
9840,제각기,除角機,뿔자르개
9839,제각,除角,뿔없애기
9838,제2회 이후의 보험료,第2回 以後의 保險料,두 번째 이후 보험료
9837,제2차식생연속,第二次植生連續,이차 천이
9836,제1차식생연속,第一次植生連續,일차 천이
9835,"제, 제반","諸, 諸般","여러, 모든"
9834,정히,正,"바로, 틀림없이"
9833,정황,情況,상황
9832,정화하다,淨化--,깨끗이 하다
9831,정화아,頂花芽,마루꽃눈
9830,정호수,井戶水,우물물
9829,정호,井湖,지하 양수 시설
9828,정호,井戶,우물
9827,정형 좌상,定型 挫傷,본뜬 멍
9826,정형 손상,定型 損傷,본뜬 상처
9825,정합,整合,"꼭 맞음, 꼭 맞춤, 가지런히 맞춤"
9824,정통,井筒,우물통
9823,정크푸드,junk food(영),"부실음식, 부실식품"
9822,정크본드,junk bond(영),쓰레기 채권
9821,정크 아트,junk art(영),"폐품 미술, 폐품 활용 미술"
9820,정크 스노,junk snow(영),부실 설면
9819,정크 머니,junk money(영),장기 지체성자금
9818,정치망,定置網,자리 그물
9817,정체되다,停滯--,"밀리다, 막히다"
9816,정찰제,正札制,제값받기
9815,정찰,正札,제값표
9814,정착된,定着-,"있는, 붙어 있는, 자리 잡힌"
9813,정착,定着,자리잡음
9812,정지 위치 실당,停止位置失當,멈춤점 어김
9811,정지,整地,땅고르기
9810,정지,整枝,가지고르기
9809,정조식,正條植,줄모
9808,정조,正租,알벼
9807,정조,精粗,"알곡, 낱알벼"
9806,정제,錠劑,알약
9805,정정하다,訂正--,"고치다, 바로잡다"
9804,정정개소,訂正個所,고친 곳
9803,정장,正裝,정식 복장
9802,정의편차,正-偏差,양의편차
9801,"정을 알고, 그 정을 알고",- 情 -,"사실을 알고, 그 사실을 알고"
9800,정육,精肉,살코기
9799,정와쿠,正枠,"액자, 정식 액자, 틀, 정식 틀"
9798,정예,精銳,매우 뛰어남
9797,정역,定役,노역
9796,정아,頂芽,"끝눈, 꼭지눈"
9795,정실,情實,"정에 끌린, 사사로운 정에 끌린"
9794,정식,定植,아주 심기
9793,정시,正視,후시(後視)
9792,정시,呈示,"제시, 내보임"
9791,정숙히,靜肅-,조용히
9790,정성어린,精誠--,"정성스러운, 정성 담긴, 정성 깃든"
9789,정선,停船,배를 멈춤
9788,정상,情狀,사정
9787,정사원공,靜砂垣工,모래안정울세우기
9786,정사공,靜砂工,모래안정공사
9785,정부 대상금,政府貸上金,"대정부 대출금, 정부 대출금"
9784,정본,正本,"으뜸 문서, 원본"
9783,정범,正犯,주범
9782,정미소,精米所,방앗간
9781,정목,柾目,곧은 결
9780,정맥,精麥,보리쌀
9779,정립,定立,바로 세움
9778,정류,停留,머무름
9777,정례적인,定例的-,관례적인
9776,정려하다,精勵--,노력하다
9775,정량,定量,일정한 양
9774,정도공,整度工,비탈다듬기
9773,정도,精度,"정밀도, 정확성"
9772,정당 행위,正當行爲,떳떳한 행위
9771,정글짐,Jungle Gym(영),숨 틀
9770,정규침식,正規浸蝕,정상 침식
9769,정곡,精穀,"쌀, 알곡"
9768,정경장,整經長,날길이
9767,정,亭,정자
9766,젓가락,젓갈,전대기
9765,접합,接合,이음
9764,접지온도,接地溫度,땅위 온도
9763,접지,摺紙,"접음, 종이를 접음"
9762,접지,接枝,접가지
9761,접안하다,接岸--,배 대다
9760,접아,接芽,접눈
9759,접수부,接手部,연결부
9758,접수 문서,接受文書,받은 문서
9757,접수,接穗,접순
9756,접수,接受,받음
9755,접속되다,接續--,"이어지다, 연결되다"
9754,접삽법,椄揷法,접꽂이
9753,접목묘,椄木苗,접나무모
9752,접도,椄刀,접칼
9751,접대부,接待婦,"접객원, 접대인"
9750,접근,接近,"가까이, 가까이 옴"
9749,접견실,接見室,만나는 방
9748,접견,接見,만나 봄
9747,접객부,接客婦,종업원
9746,점화하다,點火--,불붙이다
9745,점하다,占--,차지하다
9744,점핑 힐,jumping hill(영),"도약대, 점프대"
9743,점핑 캐치,jumping catch(영),뛰면서 잡기
9742,점핑 애트,jumping at(영),뛰어 덤벼들기
9741,점핑 스키,jumping ski(영),도약용 스키
9740,점핑 스매시,jumping smash(영),"내려치기, 뛰어내려치기"
9739,점핑 스로,jumping throw(영),뛰면서 던지기
9738,점핑,jumping(영),뛰기
9737,점플 볼,jump ball(영),"뛰어 서기, 마주뛰어 서기"
9736,점프하다,jump(영)--,"뛰다, 도약하다, 뛰어오르다"
9735,점프 헤딩,jump heading(영),뛰어올라 머리받기
9734,점프 패스,jump pass(영),"뛰면서 보내기, 뛰어올라 주기"
9733,점프 토스,jump toss(영),뛰어 올리기
9732,점프 턴,jump turn(영),도약 회전
9731,점프 스톱,jump stop(영),도약 정지
9730,점프 스타트,jump start(영),도약 출발
9729,점프 슛,jump shoot(영),뛰어올라 쏘기
9728,점프 볼,jump ball,"뛰어치기, 마주 뛰어치기"
9727,점프 베델른,jump wedeln(영),도약 연속 평행 회전
9726,점표함척,-標函尺,"겨냥표 스태프, 겨냥표 자"
9725,점포,店鋪,가게
9724,점퍼 반칙,jumper(영)反則,뛰기반칙
9723,점파공,點播工,점뿌리기
9722,점파,點播,점뿌림
9721,점토,粘土,찰흙
9720,점청기,點靑期,점보일때
9719,점철,點綴,"얼룩짐, 이어짐"
9718,점차로,漸次-,"점점, 차츰, 차차"
9717,점증,漸增,점점 늘어남
9716,점유하다,占有--,차지하다
9715,점용하다,占用--,차지해 쓰다
9714,점예02,点刈,"둘레베기, 둘레깎기"
9713,점예01,點刈,"둘레베기, 둘레깎기"
9712,점상 출혈,點狀 出血,점 출혈
9711,점방,店房,"가게, 상점"
9710,점멸표시등,點滅標示橙,깜박이등
9709,점등양계,點燈養鷄,불켜 닭기르기
9708,점등사육,點燈飼育,불켜 기르기
9707,점등되다,點燈--,불 켜지다
9706,점두시장,店頭시장,장외 시장
9705,점두 거래,店頭去來,영업점 거래
9704,점두,店頭,장외(場外)
9703,점고되다,漸高--,차차 높아지다
9702,점감하다,漸減--,차차 줄다
9701,절흔,切痕,베인 자국
9700,절화,切花,꽂이꽃
9699,절호의,絶好-,"좋은, 매우 좋은"
9698,절하하다,切下--,내리다
9697,절토사면,切土斜面,땅깎기 비탈면
9696,절토법면,切土法面,흙깎기비탈면
9695,절토공,切土工,흙깎기
9694,절토,切土,땅깎기
9693,절터,寺址,"절터, 사지(site of temple)"
9692,절취사면,切取斜面,땅깎기 비탈면
9691,절체 작업,切替作業,교체 작업
9690,절척,折尺,접자
9689,절창,切創,베인 상처
9688,절찬리에,絶讚裏-,절찬 속에
9687,절지,切芝,"떼뜨기, 뜬떼"
9686,절주,切株,그루터기
9685,절족 동물,節足動物,마디발 동물
9684,절접,切椄,짜개접
9683,절입선,折入線,안으로 접은선
9682,절용하다,節用--,아껴쓰다
9681,절엽,切葉,"끝 자름, 잘린 잎"
9680,절약하다,節約--,아껴 쓰다
9679,절약 운동,節約運動,아껴쓰기 운동
9678,절수하다,節水--,물 아끼다
9677,절손,折損,부러짐
9676,절석공,切石工,돌다듬기
9675,절석,切石,마름돌
9674,"절상하다, 절하하다","切上--, 切下--","올리다, 내리다"
9673,절상하다,切上--,"값 높임, 값 올림"
9672,절삭칩,切削chip(영),줄밥
9671,절삭,切削,끊어 냄
9670,절사하다,切捨--,"버리다, 끊어 버리다"
9669,절분 시험,切分試驗,분리 시험
9668,절분 기능,切分機能,분리 기능
9667,절반하다,折半--,"반으로 가르다, 반씩 나누다"
9666,절리,切離,분리
9665,절도,竊盜,"도둑, 좀도둑"
9664,절대치,絶對置,절댓값
9663,절규,絶叫,부르짖음
9662,절곡가공,折曲加工,꺾음질
9661,절개하다,切開--,"째다, 가르다"
9660,절개지,切開地,잘린 땅
9659,절간,折幹,줄기 부러짐
9658,절간,切干,썰어말리기
9657,절각,切角,뿔자르기
9656,절,節,마디
9655,전횡,專橫,"독선적 행위, 마음대로 함"
9654,전화다이,"電話臺, でんわだい(일)","전화 받침, 전화 받침대"
9653,전화,戰禍,전쟁 피해
9652,전호,傳號,알림 신호
9651,전형,銓衡,선발
9650,전향적,前向的,"적극적, 진취적, 앞서감"
9649,전행,前行,앞줄
9648,전항,前項,앞 조항
9647,전폐된 자,,"치유 불능자, 고칠 수 없는 사람"
9646,전폐,全廢,"치유 불능, 고칠 수 없는"
9645,전파하다,傳播--,퍼뜨리다
9644,전치,前置,"앞의, 앞에 둔"
9643,전충 재료,塡充材料,채울감
9642,전출하다,轉出--,옮겨 가다
9641,전축,前軸,앞쪽 차축
9640,전축,全軸,모든 차축
9639,전철을 밟지 않도록,前轍- -- ---,"잘못을 되풀이 않도록, 잘못을 되풀이하지 않도록"
9638,전철기,轉轍器,선로 전환기(線路轉換器)
9637,전철 표지,電鐵標識,선로 전환 표지
9636,전착,展着,펴붙이기
9635,전차 선로,電車 線路,전기 공급선
9634,전차,前次,지난번
9633,전지 작업,剪枝作業,가지치기
9632,전지,全芝,온떼
9631,전지,剪枝,가지 다듬기
9630,전지,前肢,앞다리
9629,전주지,轉住地,옮겨 사는 곳
9628,전주,轉住,이주
9627,전주,田主,밭 임자
9626,전주,前柱,앞 기둥
9625,전조,前條,앞 조문
9624,전조,電照,전등 조명
9623,전제,前堤,앞둑
9622,전정생리,剪定生籬,전정 생울타리
9621,전정,剪定,가지치기
9620,전전하다,轉轉--,떠돌다
9619,전전,戰前,전쟁 전
9618,전적,轉籍,호적 옮김
9617,전장,全長,전체 길이
9616,전작,田作,밭농사
9615,전자 유기장,電子遊技場,전자오락실
9614,전입하다,轉入--,옮겨 오다
9613,전임의,專任-,전담하는
9612,전일,前日,어제
9611,전원,全員,모두
9610,전예,全刈,"모두베기, 모두깎기"
9609,전염병,傳染病,돌림병
9608,전열,前列,앞줄
9607,전연,全然,전혀
9606,전업,轉業,업종을 바꿈
9605,전실,轉室,방 옮김
9604,전실,前室,"앞칸, 앞방(antechamber)"
9603,전신 종적 조사 청구,電信踪跡調,전신 배달 증명 청구
9602,전신,全身,온몸
9601,전술한,前述-,앞에서 말한
9600,전수하다,傳授--,"넘겨 주다, 전해 주다"
9599,전수,傳受,이어받음
9598,전송,傳送,간데보내기
9597,전소되다,全燒--,다 타다
9596,"전선, 장마전선",前線,"선, 장마선"
9595,전삭고,鈿削庫,연마고(鍊磨庫)
9594,전사,轉寫,복사
9593,전비,前非,"지난 잘못, 그 전 잘못"
9592,전불 임차료,前拂賃借料,미리 낸 셋돈
9591,전분,澱粉,녹말
9590,전부,全部,"온통, 죄다"
9589,전복,顚覆,"뒤엎음, 뒤집힘"
9588,전보,塡補,메움
9587,전보,轉補,자리 옮김
9586,전번,前番,지난번
9585,전문 증거,傳聞證據,전해 들은 증거
9584,전목,全木,"나무, 나무전체"
9583,전모,剪毛,털깎기
9582,전면,前面,"앞쪽, 앞"
9581,전매하다,轉賣--,"되팔다, 다시 팔다"
9580,전매,轉賣,① 되팔기 ② 전매도
9579,전말서,顚末書,경위서
9578,전말,顚末,경위
9577,전류흔,電流痕,감전 자국
9576,전류,轉流,전환(轉換)
9575,전력을 경주하다,全力-- ----,온 힘을 기울이다
9574,전력,前歷,지난 경력
9573,전량,全量,전부
9572,전등좌,電燈座,전등 받침
9571,전등 브래킷,lamp bracket(영),전등 끼움쇠
9570,전득자,轉得者,넘겨 받은 이
9569,전두차,前頭車,"앞차량, 맨 앞 차량"
9568,전두선별,田頭選別[,밭머리 고르기
9567,전동방지,轉動防止,구름 방지
9566,전도하다,顚倒--,"뒤집다, 뒤바꾸다"
9565,전도지불,前渡支拂,"미리 치름, 미리 지급"
9564,전도운전,前途運轉,잔여 운전
9563,전도 자금,前渡資金,"미리 주는 자금, 쓰도록 미리 주는 자금, 미리 준 자금, 쓰도록 미리 준 자금"
9562,전도 손상,轉到 損傷,뒤집힌 상처
9561,전도,"前渡, まえわたし(일)",선지급
9560,전도,前渡,"선급, 선지급, 미리 지급"
9559,전대인,轉貸人,되빌려준 이
9558,전대미문의,前代未聞-,지금까지 들어 보지 못한
9557,전대,轉貸,돌려 빌려줌
9556,전답,田畓,논밭
9555,전기분,電氣盆,전기쟁반(電氣錚盤)
9554,전기다마,"電氣-たま(일), こてでんきたま(일)",전구(電球)
9553,전기관,全機關,모든 기관
9552,전기고테,"電氣-こて(일), でんきこて(일)","전기인두, 전기인두질"
9551,전기,轉記,옮겨 씀
9550,전기,前記,앞에 적음
9549,전금 조회,電金照會,전보 조회
9548,전금,傳金,송금
9547,전권 재사,全卷再寫,모두 다시 찍음
9546,전과,前科,형 받은 일
9545,전공상,戰公傷,전쟁과 공무에 의한 부상
9544,전격성 간부전,電擊性 肝不全,전격 간부전
9543,전거,轉居,이사
9542,전개하다,展開--,펼치다
9541,전개도,展開圖,펼친 그림
9540,전강풍,全强風,노대바람
9539,전간,全幹,"줄기, 줄기전체"
9538,전가하다,轉嫁--,"미루다, 넘기다, 떠넘기다"
9537,전 사구,前砂丘,앞 모래 언덕
9536,전,田,밭
9535,적횡선,赤橫線,붉은 가로줄
9534,적화02,摘花,꽃솎기
9533,적화01,積貨,"실은 물건, 실은 화물"
9532,적하,積荷,"싣기, 짐 따위를 싣기, 쌓기, 짐 따위를 쌓기"
9531,적하,積下,내리기
9530,적파,適播,제때 뿌림
9529,적토,赤土,붉은 흙
9528,적치하다,積置--,"쌓아 놓다, 쌓아 두다"
9527,적취율,積取率,수송 점유율
9526,적출하다,積出--,실어 내다
9525,적출하다,摘出--,"뽑아 내다, 집어 내다, 끄집어 내다"
9524,적직,適職,알맞는 직업
9523,적지,跡地,"떠난 자리, 옛터"
9522,적중,的中,들어맞음
9521,적종선,赤從線,붉은 세로줄
9520,적종 하천,適從河川,후생 하천
9519,적조립,赤條粒,붉은줄 알
9518,적조,"赤潮, あかしお(일)",붉은 조류
9517,적정을 기함,適正- --,알맞고 바르게 함
9516,적재하다,積載--,싣다
9515,적재,積材,나무쌓기
9514,적자,赤字,결손
9513,적의하다,適宜--,"적절하다, 알맞다, 적당하다."
9512,적의 처리,適宜處理,"알맞게 처리, 적절히 처리"
9511,적의 서식,適宜書式,"적당한 서식, 알맞은 서식"
9510,적의,適意,"뜻에 따라, 뜻대로"
9509,적요란,摘要欄,①비고란 ②참고란
9508,적요,摘要,"요점, 내용, 주요 내용, 골자"
9507,적온,適溫,알맞은 온도
9506,적예,摘蕊,순지르기
9505,적엽,摘葉,잎따기
9504,적심,摘心,순자르기
9503,적시하다,摘示--,지적하여 보이다
9502,적시,適時,제때
9501,적수,適樹,마땅한 나무
9500,적수,積數,곱수
9499,적설,積雪,눈 쌓임
9498,적선,赤線,붉은 선
9497,적석목곽묘,積石木槨墳,"돌무지나무덧널무덤, 적석목곽분(wooden chamber tomb with stone mound)"
9496,적석공,積石工,돌쌓기
9495,적색 간변기,赤色 肝變期,적색 간 되기
9494,적상,積上,쌓아 올림
9493,적사장,積砂場,모래터
9492,적부,適否,알맞기
9491,적부,積付,쌓기
9490,적발하다,摘發--,들추어내다
9489,적미,赤米,"앵미, 붉은쌀"
9488,적묘,適苗,알맞은 모
9487,적립금,積立金,모아둔 돈
9486,적립,積立,"모음, 모아쌓음"
9485,적립,適粒,알솎기
9484,적뢰,摘蕾,"봉오리따기, 꽃망울따기"
9483,적령 아동,適齡兒童,나이 찬 어린이
9482,적두,赤豆,붉은팥
9481,적대,赤帶,붉은 띠
9480,적기,適期,"알맞은 시기, 제때, 제철"
9479,적과,摘果,열매솎기
9478,적격체,適格體,합당한 몸
9477,저휴,低畦,낮은 이랑
9476,저혈량성,低血量性,"순환 혈액량 감소성, 혈량 감퇴성"
9475,저해하다,沮害--,"못하게 하는, 해치다"
9474,저항성접촉,抵抗性接觸,옴 접촉(OhmicContact)
9473,저하하다,低下--,"낮아지다, 처우 따위가 낮아지다"
9472,저피,楮皮,닥나무 껍질
9471,저판,底板,밑판
9470,저치,貯置,저장
9469,저촉되다,抵觸--,"걸리다, 어긋나다"
9468,저체온사,低體溫死,"저체온 사망, 저체온사"
9467,저질,低質,질 낮은
9466,저지휠,jersey wheel(영),물레
9465,저지하다,沮止--,"막다, 막아 내다"
9464,저지대,低地帶,낮은 지역
9463,저지 사이드,jersey side(영),빗맞히기
9462,저지,低地,낮은 땅
9461,저지,judge(영),"심판, 피겨 심판"
9460,저접,低椄,줄기낮게접하기
9459,저작 기능,咀嚼機能,씹는 기능
9458,저임금,低賃金,낮은 임금
9457,저인망,"底引網, そこびきあみ(일)",쓰레 그물
9456,저의,底意,"속셈, 속뜻, 속마음"
9455,저예망,底曳網,저인망
9454,저습지,低濕地,"진펄, 진펄땅"
9453,저스트 미트,just meet(영),정타(正打)
9452,저수조,貯水槽,"물통, 물저장통"
9451,저수능,貯水能,"저류능, 저류능력"
9450,저수,貯水,물받이
9449,저소득층,低所得層,낮은 소득층
9448,저산소증,低酸素症,저산소 혈증
9447,저변,低邊,밑바닥
9446,저리,低利,싼변
9445,저류하다,貯溜--,"가두어 두다, 물 따위를 가두어 두다"
9444,저류여지,貯留餘地,저류 기회
9443,저락,低落,"내림, 떨어짐"
9442,저널리스트,journalist(영),언론인
9441,저널,journal(영),"언론, 시보"
9440,저감,低減,①낮춤 ②줄임
9439,저간,這間,"이즈음, 요즈음"
9438,저가,低價,낮은 가격
9437,쟁의,爭議,"다툼, 의견으로 다툼"
9436,쟁송,爭訟,소송
9435,잽,jab(영),"툭툭, 툭툭 치기"
9434,잼 클락,jam clock(영),혼잡 알림판
9433,잼,jam(영),엉킴
9432,잭,jack(영),연결받이
9431,재획정,再劃定,다시 정함
9430,재현,再現,"다시 나타남, 다시 냄"
9429,재폐로,再閉路,"재연결, 자동 재연결"
9428,재판소,裁判所,법원
9427,재판상 이혼,裁判上離婚,재판 이혼
9426,재테크,財tech(영),①재산 관리 ②이재(理財)
9425,재치하다,載置--,얹어 놓다
9424,재축,再築,다시 지음
9423,재차,再次,"거듭, 다시, 두 번째"
9422,재중,在中,안에 있음
9421,재조리 선별대,再條理選別臺,재조리대
9420,재정인,在廷人,법정 안에 있는 사람
9419,재적,材積,나무 부피
9418,재이용,再利用,다시 이용
9417,재심,再審,"다시 심사, 다시 심의"
9416,재식하다,栽植--,심다
9415,재숙자,在宿者,수용인
9414,재생근,再生根,새 뿌리
9413,재생 불량성 빈혈,再生 不良性 貧血,재생 불량 빈혈
9412,재삼,再三,"여러 번, 거듭"
9411,"재산, 재산 운용",財産 運用,"자산, 자산 운용"
9410,재발을,再發-,"재발행을, 재발생을"
9409,재밍,jamming(영),전파 방해
9408,재모경,再冒耕,다시심기
9407,재말,材末,"끝밥, 끝밥받이"
9406,재리품,在裏品,속 물건
9405,재리 우편물,在裏郵便物,(...) 들어 있는 우편물
9404,재도 증서,再渡證書,재교부 증서
9403,재근지,在勤地,근무지
9402,재경정,再更正,다시 고침
9401,재경,再耕,두번갈이
9400,재개하다,再開--,다시 열다
9399,재감중,在監中,"재소 중, 수감되어"
9398,재,再,다시
9397,장형,長兄,"큰형, 맏형"
9396,장폐쇄증,腸閉鎖症,창자 막힘증
9395,장폐색,腸閉塞,"창자막힘증, 창자막힘"
9394,장치 물품,藏置物品,보관 물품
9393,장치,藏置,"넣어 둠, 보관함"
9392,장척,長尺,긴 자
9391,장책,墻柵,"담, 울타리"
9390,장차,將次,앞으로
9389,장지수로공,張芝水路工,"떼수로 내기, 떼붙임수로 내기, 떼도랑 내기, 떼붙임도랑 내기"
9388,장지수로,張芝水路,"떼수로, 떼붙임수로, 떼도랑, 떼붙임도랑"
9387,장지공,張芝工,"평떼붙이기, 평떼심기"
9386,장족의,長足-,"큰, 크나큰, 빠른"
9385,장제하다,裝蹄--,"편자를 대다, 말에 편자를 대다"
9384,장제비,葬祭費,장례비
9383,장장붓,長長-,긴긴붓
9382,장일성식물,長日性植物,긴볕 식물
9381,장애물,障碍物,걸림돌
9380,장애 통보,障碍通報,고장 통보
9379,장신의,長身-,"키 큰, 큰 키의"
9378,장식,葬式,장례식
9377,장식,飾履,장식신(ornamental shoes)
9376,장수적,長手積,길이쌓기
9375,장수,,매수
9374,장소,場所,"곳, 자리"
9373,장선,張線,당김선
9372,장석수로공,張石水路工,"돌붙임수로 내기, 돌붙임도랑내기"
9371,장석수로,張石水路,"돌붙임수로, 돌붙임도랑"
9370,장석공,張石工,돌붙이기
9369,장석,張石,돌 붙임
9368,장봉,長鋒,긴붓
9367,장변,長邊,누운변
9366,장벽,墻壁,담과 벽
9365,장방형,長方形,"긴사각형, 긴네모꼴"
9364,장발,長髮,긴 머리
9363,장리자,掌理者,관리자
9362,장리,掌理,맡아 처리함
9361,장르,genre(프),"분야, 갈래"
9360,장륙상,丈文像,"장륙상, 장륙불상"
9359,장려하다,獎勵--,권하다
9358,"장대석, 기단 장대석",長臺石,"긴댓돌, 장대석"
9357,장대레일,長大 Rail,긴레일
9356,장녀,長女,맏딸
9355,장내신호기,場內信號機,진입신호기
9354,장끼,,수꿩
9353,장기수,長期樹,"늦자람나무, 오래자람나무"
9352,장기사,臟器死,"장기 사망, 장기사"
9351,장기기거,長期寄居,"오랫동안 삶, 오랫동안 부쳐 삶"
9350,장기간,長期間,오랫동안
9349,장기 계류,長期繫留,오래 머묾
9348,"장근의, 장근의 묘목",長根-,"뿌리 긴, 뿌리 긴 묘목"
9347,장관골,長關骨,"긴 뼈, 긴 팔, 긴 다리"
9346,장관,腸管,창자
9345,장경호,長頸壺,"긴목 항아리, 긴목 단지"
9344,장경,長徑,긴지름
9343,장간막 동맥 혈전증,腸間膜 動脈 血栓症,창자막 동맥 혈전증
9342,장각,長刻,긴 각초
9341,장,場,자리
9340,잡할석,雜割石,"거친돌, 막깬돌"
9339,잡초파종공,雜草播種工,잡초씨뿌리기
9338,잡수,雜水,허드렛물
9337,잡석,雜石,막돌
9336,잡서,雜書,"자질구레한 서류, 속된 책"
9335,잡거,雜居,섞여 삶
9334,잡각석,雜角石,"거친돌, 막깬돌"
9333,잠함병,潛函病,"감압병, 잠수병"
9332,잠종,蠶種,누에씨
9331,잠적하다,潛跡--,자취를 감추다
9330,잠입,潛入,숨어들다
9329,잠업,蠶業,누에치기
9328,잠실,蠶室,누엣간
9327,잠사,蠶絲,누에실
9326,잠복소,潛伏巢,벌레집
9325,잠병,蠶病,누엣병
9324,"잠바선, 점퍼선",Jumper Line(영),"연결선, 전기 연결선"
9323,잠란,蠶卵,누에알
9322,잠농,蠶農,"누에 농사, 양잠 산업"
9321,잠관,潛管,수중관
9320,잠견,蠶繭,누에고치
9319,잔형기,殘刑期,"나머지, 남은 형기"
9318,잔형,殘刑,"남은 형, 남은 형기"
9317,잔토,殘土,남은 흙
9316,잔존하다,殘存--,남아 있다
9315,잔존 채권,殘存債券,남은 채권
9314,잔존 만기,殘存 滿期,남은 기간
9313,잔전,-錢,잔돈
9312,잔재,殘滓,찌꺼기
9311,잔재,殘在,남아 있는
9310,잔여지,殘餘地,자투리 땅
9309,잔액,殘額,남은 돈
9308,잔서,殘暑,늦더위
9307,잔사,殘渣,찌꺼기
9306,잔밥,殘-,남은 밥
9305,잔반통,殘飯筒,음식 찌꺼기통
9304,잔무,殘務,남은 일
9303,잔교,棧橋,구름다리
9302,잔고,"殘高, ざんだか(일)",① 잔액 ② 잔량
9301,작황,作況,농작 상황
9300,작화하다,作畵--,그리다
9299,작형,作型,가꿈꼴
9298,작토,作土,갈이 흙
9297,작태,作態,짓
9296,작전 타임,作戰 time(영),작전 시간
9295,작잠,柞蠶,"참나무누에, 산누에"
9294,작일,昨日,어제
9293,작업삭,作業索,작업줄
9292,작야,昨夜,어젯밤
9291,작성하다,作成--,만들다
9290,작상,-床,모판만들기
9289,작부 체계,作付體系,"심기 차례, 경작 차례"
9288,작부,作付,"그루심기, 경작"
9287,작반,作畔,두둑만들기
9286,작량감경,酌量減輕,헤아려 가볍게 함
9285,작량,酌量,헤아림
9284,작동,斫棟,"나무자르기, 통나무자르기, 토막내기"
9283,작도,作圖,제도
9282,작금,昨今,"요즈음, 요사이, 어제오늘"
9281,작근,作斤,무게 맞춤
9280,자화,雌花,암꽃
9279,자형,字形,글자 모양
9278,자행하다,恣行--,"저지르다, 거리낌 없이 하다"
9277,자출구,刺出口,찔린 출구
9276,자축,仔畜,새끼 가축
9275,자체,字體,글자체
9274,자청,自廳,제 (...)청
9273,자창관,刺創管,찔린 길
9272,자창,刺創,찔린 상처
9271,자중,自重,자체 무게
9270,자정,自淨,자기 정화
9269,자절창,刺切創,찔리고 베인 상처
9268,자장,磁場,자기장
9267,자입구,刺入口,찔린 입구
9266,자인,自認,"스스로 인정, 자기가 시인"
9265,자이언트 슐라롬,giant slalom(영),대회전 경기
9264,자이,玆以,이에
9263,자의로,自意-,"스스로, 자기 스스로"
9262,자의로,恣意-,"제멋대로, 마음대로"
9261,자위,自衛,스스로 지킴
9260,자웅,雌雄,암수
9259,자왕무시,茶碗蒸,계란찜
9258,자완무시,茶碗蒸し(일),계란찜
9257,자예,雌蕊,암술
9256,자영,自營,"직접 경영, 스스로 경영함"
9255,자엽근,子葉根,떡잎 뿌리
9254,자엽,子葉,떡잎
9253,자연 산화,自然山火,자연 산불
9252,자에,玆,이에
9251,자양물,滋養物,영양물
9250,자실체,子實體,버섯
9249,자세성 질식,姿勢性 窒息,자세 질식
9248,자세,藉勢,세력에 기댐
9247,자산양,仔山羊,새끼 염소
9246,자비 소독,煮沸消毒,끓임 소독
9245,자비,煮沸,끓임
9244,자부돈,"座布團, ざぶとん(일)",방석
9243,자변,自辨,"자기가 마련함, 자기가 치름"
9242,자방,子房,씨방
9241,자문하다,自問--,스스로 묻다
9240,자몽,ザボン(일)←zamboa(포),그레이프푸르트
9239,자모회,姉母會,어머니회
9238,자망,刺網,걸그물
9237,자력 확인,,기록 확인
9236,자력 기록철,,등록 서류철
9235,자력,資力,자금 능력
9234,자동우량측정장치,自動雨量測定裝置,자기우량계
9233,자동수위측정장치,自動水位測定裝置,자기 수위계
9232,자동수견견면제거기,,누에고치 수확기
9231,자돈하리,仔豚下痢,새끼 돼지 설사
9230,자독표척,自讀標尺,"자독 스태프, 절로표시 자"
9229,자금 공여,資金 供與,자금 제공
9228,자교사,自絞死,끈 졸림 자살
9227,자괴심,自愧心,부끄러움
9226,자골,子骨,마디뼈
9225,자경,自警,스스로 지킴
9224,자견,仔犬,새끼 개
9223,자견,子犬,강아지
9222,자가네,座金,"받침쇠, 와셔(washer), 똬리쇠"
9221,자가고,蛇籠,돌망태
9220,"자가 수분, 자화 수분","自家受粉, 自花受粉",제꽃가루받이
9219,자:(...) 지:(...),自:(...) 至:(...),(...)부터 (...)까지
9218,잉태,孕胎,임신
9217,잉킹,inking(영),먹일
9216,잉여금,剩餘金,"남은 금액, 남은 돈"
9215,"잉여강우, 잉여강우량",剩餘降雨量,"초과 강우, 초과 강우량"
9214,잉꼬부부,鸚哥夫婦,원앙 부부
9213,잉글리시 포메이션,English formation(영),영국식 대형
9212,잇폰세리,一本競り(일),단번치기
9211,잇파이,"一杯, いっぱい(일)","가득, 한껏, 많이, 가득들이"
9210,잇슨,一寸,"한치, 3cm"
9209,잇 아이템,it item(영),매력상품
9208,입회인,立會人,"가입자, 참여인"
9207,입회서기,立會書記,참여주사
9206,입회 서기,立會書記,참여 주사
9205,입회,立會,"참여, 참관"
9204,입환,,떼붙임
9203,입환,入換,"차량 정리, 차량 정리 운전"
9202,입화,立火,불놓기
9201,입화,入火,불놓기
9200,입하하다,入荷--,들여 오다
9199,입하되다,入荷--,들어오다
9198,입출항계 제출 증명,入出港屆,입출항 증명서
9197,입출항계,入出港屆,입출항 신고서
9196,입축,立築,세워쌓기
9195,입체하다,立替--,대신 내다
9194,입체금,立替金,대신 낸 돈
9193,입체,立替,뀌어 줌
9192,입차 금지,入車禁止,차 못 들어옴
9191,입질하다,立質--,질권을 설정하다
9190,입지공,立芝工,선떼붙이기
9189,입증 작업,立增作業,채움질
9188,입제,粒劑,싸락약
9187,입정,入廷,법정에 들어감
9186,입적하다,入籍--,"호적에 올리다, 호적에 넣다"
9185,입적,立積,세워쌓기
9184,입장,粒長,알길이
9183,입욕,入浴,목욕
9182,입안하다,立案--,"안을 만들다, 안을 꾸미다, 안을 세우다"
9181,입식,入殖,들여다 키움
9180,입수,粒數,낟알 수
9179,입수,入穗,이삭 맺음
9178,입소,入所,"들어옴, 들어감"
9177,입설,立設,세워 설치
9176,입석,笠石,갓돌
9175,입보하다,立保--,보증 서다
9174,입방미터,立方,"세제곱미터, ㎥"
9173,입방메타,立方米(일)←meter(영),"입방미터, 세제곱미터(m³)"
9172,입목축적,立木蓄積,선나무 축적
9171,입목죽,立木竹,선나무와 대
9170,입목재적,立木材積,"선나무 부피, 선나무 재적"
9169,입목벌채,立木伐採,나무베기
9168,입목밀도,立木密度,선나무 밀도
9167,입목,立目,세로줄눈
9166,입목,立木,"나무, 선나무"
9165,입모율,立毛率,"씨 세운 비율, 뿌리 세운 비율"
9164,입모수,立毛數,"씨 세운 수, 뿌리 세운 수"
9163,입모,立毛,"씨 세우기, 뿌리 세우기"
9162,입도선매,立稻先賣,"베기 전 팔기, 벼 베기 전 팔기"
9161,입도,粒度,알 크기
9160,입고병,立枯病,잘록병
9159,입계,,"결정 경계, 결정 입자 경계(結晶粒子境界)"
9158,입거하다,"入渠--, dock(영)","독(dock)에 넣다, 배를 독(dock)에 넣다"
9157,입간판,立看板,세움 간판
9156,"입, 절동작","入, 切動作",잇고 끊음동작
9155,입,粒,낟알
9154,임피딩,impeding(영),방해
9153,임플란트,implant(영),"인공 치아, 인공 치아 이식"
9152,임프라비제이션,improvisation(영),"즉흥, 즉흥 연기"
9151,임페디먼트 프로그레스,impediment progress(영),진로 방해
9150,임팩트하다,impact(영)--,충격적이다
9149,임팩트02,impact(영),"치는 순간, 타격 순간, 타격"
9148,임팩트01,impact(영),"충돌, 충격"
9147,임치,任置,맡겨 둠
9146,임총,林叢,숲
9145,임차,賃借,세 냄
9144,임지시비,林地施肥,임지 거름주기
9143,임지순,任地順,근무지 순서
9142,임지비배,林地肥培,임지 거름주기
9141,임지,任地,근무지
9140,임장,臨場,현장 참석
9139,임연부,林緣部,"숲가, 숲 가장자리"
9138,임실유,荏實油,들기름
9137,임실,稔實,씨 여묾
9136,임석,臨席,현장 참석
9135,임사,臨寫,"베끼기, 베낌, 베낌그림, 모사"
9134,임브로카도,imbrocado(이),장식띠
9133,임분,林分,"숲, 숲몫"
9132,임박,臨迫,"닥침, 다가옴"
9131,임목무육,林木撫育,숲가꾸기
9130,임면,任免,임명 또는 해임
9129,임료,賃料,"임대료, 삯"
9128,임령,林齡,숲나이
9127,임돈,姙豚,새끼 밴 돼지
9126,임도,林道,"산길, 산림 도로"
9125,임금 피크제,賃金 peak(영)制,최고 임금제
9124,임계물매,臨界-,한계 물매
9123,임계마찰력,臨界摩擦力,한계 마찰력
9122,임계각,臨界角,한계각
9121,임검,臨檢,현장 검사
9120,임간수련장,林間修練場,숲속 수련장
9119,임간방목,林間放牧,숲속놓아먹이기
9118,임간,林間,숲 속
9117,일후에는,日後,앞으로는
9116,일후,日後,앞으로
9115,일환으로,一環,"(...의) 하나로, (...의) 한 가지로"
9114,일혈점,溢血點,점 출혈
9113,일출전,日出前,해 뜨기 전
9112,일출시,日出時,해 뜰 때
9111,일착,一着,한 벌
9110,일족,一足,한 켤레
9109,일조 점호,日朝點呼,아침 점호
9108,일조,一助,도움
9107,일제 조사,一齊調査,한꺼번에 알아보기
9106,일제,日除,해가림
9105,일전,日前,며칠전
9104,일자줄눈,-字-,통줄눈
9103,일자,日字,날짜
9102,일익,日益,"더욱, 날로 더욱"
9101,일의적,一義的,뜻이 같은
9100,일응,"一應, 一応","일단, 한번, 우선"
9099,일위 대가표,一位代價表,단위 가격표
9098,일원화,一元化,하나 됨
9097,일언지하에,一言之下,한마디로
9096,일언,一言,한마디
9095,일안,一眼,한쪽 눈
9094,일신하다,一新--,"말끔히 하다, 새롭게 하다"
9093,일신상에,一身上,본인 형편에
9092,일신상,一身上,본인 형편
9091,일시 정지,一時停止,"잠깐 섬, 우선 멈춤"
9090,일시 유치,一時留置,일시 보관
9089,일수 계산,日數 計算,날짜 계산
9088,일수,一手,독점
9087,일수,溢水,물 넘침
9086,일수,日數,날수
9085,일속으로,一束-,한 묶음으로
9084,일소하다,一掃--,없애다
9083,일세기,一世紀,백년 동안
9082,일성잡종,一性雜種,단성 잡종(單性雜種)
9081,일석 점호,日夕點呼,저녁 점호
9080,일석,一夕,저녁
9079,일산 방지,逸散防止,분산 방지
9078,일부인 축,日附印 軸,일자인 자루
9077,일부인 수용함,日附印 收容函,일자인 보관함
9076,일부인 경식,日附印 更植,일자인 바꿈
9075,일부인,日附印,날짜 도장
9074,일부02,日附,날짜
9073,일부01,日賦,날붓기
9072,일본조,一本釣,외줄 낚시
9071,일복 가설,日覆架設,"해가림, 해가림 설치"
9070,일복,日覆,해가림
9069,일변하다,一變--,싹 변하다
9068,일변도,一邊倒,한쪽 쏠림
9067,일배달 거리,日配達距離,하루 배달 거리
9066,일방이,一方-,한쪽이
9065,일몰후,日沒後,해 진 뒤
9064,일몰전,日沒前,해 지기 전
9063,일몰시,日沒時,해 질 때
9062,일립소이덜 스폿 라이트,ellipsoidal spotlight(영),"타원형 조명, 타원형 조명기"
9061,"일리걸리 배티드, 일리걸리 배티드 볼","illegally batted, illegally batted ball(영)",반칙타
9060,일리걸 디펜스,illegaldefense(영),부정 수비
9059,일륫둑,溢流-,"무넘잇둑, 월륫둑"
9058,일류댐,溢流-dam(영),"무넘이댐,월류댐"
9057,일류 증거서,一類證據書,현금 출납 증거서
9056,일류,溢流,무넘이
9055,일루저니즘,illusionism(영),환각주의
9054,일루,一縷,한 올
9053,일련 번호,一連番號,줄번호
9052,일렉트로포밍,electroforming(영),전해
9051,일렉트로닉 뱅킹,electronic banking(영),전자 금융 거래
9050,일렉트로닉,electronic(영),전자
9049,일람 출급,一覽出給,청구 즉시 곧 내줌
9048,일람 정기 출급,一覽定期出給,정한 날짜 내줌
9047,일동,一同,모두
9046,일단 정지,一旦停止,우선 멈춤
9045,일년생,一年生,한해살이
9044,일광 신호경,mirror(영),신호 거울
9043,일괄 체결,一括締結,한몫 묶음
9042,일관 작업,一貫作業,연결 작업
9041,일과성,一過性,일시적
9040,일공입,一空叺,"헌 가마니, 헌 자루"
9039,일고,日雇,날품팔이
9038,일고,一考,한 번 생각함
9037,일개소,一個所,한 군데
9036,일,一上肢,"한 팔, 한쪽 팔"
9035,인후,咽喉,목구멍
9034,인화문,印花紋,도장무늬
9033,인허율,認許率,인정 비율
9032,인허,認許,인정하여 허락함
9031,인하우스,in-house(영),계열사
9030,인하 공용,人荷共用,사람 짐 공동 사용
9029,인하,引下,"내림, 값내림"
9028,"인필드, 인필더","infield, infielder(영)","내야, 내야수"
9027,인필드 플레이,infield fly(영),내야 뜬 공
9026,인피,人被,"인적 피해, 사람 피해"
9025,인플루엔자,influenza(영),"돌림 감기, 유행성 감기"
9024,인플렉션,inflection(영),억양
9023,인풋/아웃풋,inputoutput(영),입출력
9022,인풋,input(영),입력
9021,인포이미징,info-imaging(영),영상 정보
9020,인포메이션,information(영),"① 정보, ② 안내"
9019,인포그래픽,infographics(영),정보 그림
9018,인파이터,infighter(영),파고들기 선수
9017,인티파다,intifada(영),"무장 봉기, 무장 투쟁"
9016,인트라넷,intra-net(영),내부 전산망
9015,인통선,引通線,직통선
9014,인텔리전트하다,intelligent(영)--,지적이다
9013,인텔리,←intelligentsia(러),"지식인, 지식층"
9012,인텐셔널 파울,intentional foul(영),고의 반칙
9011,인텐셔널 베이스 온 볼즈,intentional base on balls(영),"볼 넷, 고의사구"
9010,인테르메치,intermezzi(이),막간 여흥
9009,인테루,interline(영),인테르
9008,인턴사원,intern(영)-社員,실습 사원
9007,인턴,intern(영),"실습, 실습 사원"
9006,인터피어,interfere(영),"방해 반칙, 경기 방해, 골대 접촉, 진로 방해, 끼어들기"
9005,인터폰,interphone(영),"구내 전화, 내부 전화"
9004,인터페이스,interface(영),접속 장치
9003,인터클럽 매치,interclub match(영),클럽 대항전
9002,인터체인지,interchange(영),나들목
9001,인터워드 린,interward lean(영),안쪽 기울이기
9000,인터셉트,intercept(영),가로채기
8999,인터뷰,interview(영),① 회견 ② 면접
8998,인터벌 타이밍,interval timing(영),"구간 활주 시간, 구간 통과 시간"
8997,인터벌 스피드,interval speed(영),기문 간 속도
8996,인터벌,interval(영),휴식 시간
8995,인터로킹 그립,interlocking grip(영),"갈고리 쥐기, 갈고리 쥐기법"
8994,인터로크기법,interlock(영)技法,짜잇기
8993,인터렉티브 프로그램,interactive program(영),"대화식 프로그램, 대화형 프로그램"
8992,인터넷 커뮤니티,internet community(영),인터넷 동아리
8991,인터넷,Internet(영),누리망
8990,인터널 리얼리즘,internal realism(영),내면적 사실주의
8989,인터내셔널 챔피언십,international championship(영),국제 승마 선수권 대회
8988,인터내셔널,international(영),"국제, 국제적"
8987,인클라인드 플래시,inclined flash(영),비탈 깃대
8986,인큐베이팅 펀드,incubating fund(영),창업 보육자금
8985,인치하다,引致--,끌어오다
8984,인치키바꼬,いんちき箱(일),비규격 상자
8983,인치키,いんちき(일),"속임수, 야바위"
8982,인출하다,引出--,"찾다, 찾아가다"
8981,인축,人畜,사람과 가축
8980,인체삭,引締索,죔줄
8979,인체 활차,引締滑車,죔도르래
8978,인지,隣地,"인접 지역, 이웃 땅"
8977,인증,認證,인정 증명
8976,인준,認准,승인
8975,인족 관계,姻族關係,인척 관계
8974,인접주,隣接株,옆 그루
8973,인저리 타임,injury time(영),추가시간
8972,인저리,injury(영),부상
8971,인장,印章,도장
8970,인입선,引入線,"끌어들임줄, 끌어들임선"
8969,인입,引入,끌어들임
8968,인인,隣人,이웃 사람
8967,인인,認印,확인 도장
8966,인육,印肉,"도장밥, 인주(印朱)"
8965,인우 보증,隣友保證,이웃 보증
8964,인용하다,認容--,인정하여 받아들이다
8963,인용하다,忍容--,참아 견딤
8962,인예하여,引曳--,끌어서
8961,인영,印影,도장 자국
8960,인신 구속,人身拘束,사람 가둠
8959,인식 불능하게,認識 不能--,"알아볼 수 없게, 알 수 없게"
8958,인시피언트 리얼리즘,incipient realism(영),초기 사실주의
8957,인스트럭터,instructor(영),스키 지도자
8956,인스트러먼트 스케줄,instrument schedule(영),조명기 배치표
8955,인스톨,install(영),설치하다
8954,인스텝,instep(영),안쪽딛기
8953,인스턴트,instant(영),"즉석, 즉석식품"
8952,인수증,引受證,받음표
8951,인수서,引受書,받음 확인서
8950,인수,引受,넘겨받음
8949,인쇄 봉서,印刷封書,인쇄 봉함 편지
8948,인성,靭性,질김새
8947,인서트 키,insert key(영),"삽입 글쇠, 삽입 키"
8946,인서트,insert(영),"끼움, 끼우기"
8945,인상선,引上線,정리선
8944,인삼박,人蔘粕,인삼 찌꺼기
8943,인삼 채굴,人蔘採掘,인삼캐기
8942,인사이튜,in situ(영),"현지 안, 현지 내"
8941,인사이드 킥,inside kick(영),발안쪽 차기
8940,인사이드 에징,inside edging(영),안쪽 모서리 세우기
8939,인사이드 스키,inside ski(영),안쪽 스키
8938,인사이드,inside(영),안자리 굴리기
8937,인비테이션 토너먼트,invitation tournament(영),초청 경기
8936,인비테이션 매치,invitation match(영),초청 경기
8935,인비,人秘,"비밀, 인사 비밀"
8934,인부임,人夫賃,품삯
8933,인보이스,invoice(영),"송장, 보냄표"
8932,인보,隣保,이웃돕기
8931,인방,隣邦,이웃 나라
8930,인발 명세서,印,날인 명세서
8929,인발,引拔,뽑늘이
8928,인바이런멘털 시어터,environmental theatre(영),환경 연극
8927,인멸하다,湮滅--,"없애다, 없애 버리다"
8926,인망,引網,끌그물
8925,인로트,inwrought(영),수놓기
8924,인려삭,引戾索,되돌림줄
8923,인랜드 코스,inland course(영),내륙 골프장
8922,인디펜던트 시어터,independent theatre(영),독립 극장
8921,인디케이터,indicator(영),"지시기(指示器), 지시계(指示計)"
8920,인디비듀얼 타임 트라이얼 로드 레이스,individual time trial road race(영),개인 도로 기록 경기
8919,인디 영화,indie(영) 暎畵,"독립 영화, 저예산 독립 영화"
8918,인동문,忍冬紋,인동꽃무늬
8917,인동 거리,隣棟,이웃한 건물과의 거리
8916,인동,隣洞,이웃 마을
8915,인도하다,引渡--,넘겨주다
8914,인도어 테니스,indoor tennis(영),실내 테니스
8913,인도어 링크,indoor rink(영),실내 스케이트장
8912,인덱스 펀드,index fund(영),지수 연동형기금
8911,인덱스,index(영),찾아보기
8910,인더비주얼 캐릭터,individual character(영),개성적 인물
8909,인낙조서,認諾調書,인정 조서
8908,인기삭,引寄索,당김줄
8907,인근 마을,隣近,이웃 마을
8906,인공 소상,人工巢箱,인공 새집
8905,인경,鱗莖,비늘 줄기
8904,인거인,隣居人,이웃 사람
8903,인감 개인,印鑑改印,인감 변경
8902,인각,籾殼,왕겨
8901,인가요율,認可料率,인가한 요금률
8900,인 플레이,in paly(영),경기 진행
8899,인 플라이트,in flight(영),뜬공
8898,인 코스,in course(영),후반 코스
8897,인 코너,in corner(영),"안쪽, 타자쪽"
8896,인 커브,in curve(영),안쪽 커브
8895,인 에지,in edge(영),"안쪽 스케이트날, 안 모서리"
8894,인 슛,in shoot(영),안쪽 슛
8893,인 바운드,in bound(영),경기 지역
8892,인 드롭,in drop(영),안쪽 드롭
8891,인,印,도장
8890,인,in(영),안쪽
8889,익형제,翼形堤,날갯둑
8888,"익일, 월, 년","翌日, 月, 年","이튿날, 다음날, 다음달, 다음해, 이듬해"
8887,익일,翌日,"다음 날, 이튿날"
8886,익월,翌月,다음 달
8885,익스플로전 샷,explosion shot(영),폭발치기
8884,익스프레셔니즘,expressionism(영),표현주의
8883,익스페러멘털 시어터,experimental theatre(영),실험 연극
8882,익스트림 스포츠,extreme sport(영),극한 스포츠
8881,익스트루더,extruder(영),흙끈틀
8880,익스터널 리얼리즘,external realism(영),외면적 사실주의
8879,익사폐,溺死肺,익사 허파
8878,익사반,溺死斑,익사 반점
8877,익벽,翼壁,날개벽
8876,이환되다,罹患--,병에 걸리다
8875,이합집산,離合集散,뭉치고 흩어짐
8874,이하 여백,以下餘白,"빈칸, 아래 빈칸"
8873,이하 생략,以下省略,"이하 줄임, 아래 줄임"
8872,이하 동문,以下同文,"위와 같음, 다음은 위와 같음"
8871,이판암,泥板岩,혈암(頁巖)
8870,이판,異板,뒤판
8869,이토마키,絲卷,"실감개, 밑실감개"
8868,이토마사,絲柾,실결
8867,이토다이,絲台,실패꽂이
8866,이토노코,絲鋸,실톱
8865,이토,泥土,①진흙 ②갯벌
8864,이탤리언 팀 레이스,italian team race(영),올림픽 스프린트
8863,이타,"板, いた(일)","널, 널빤지, 판, 판자"
8862,이키,いき(일),되살이
8861,이클렉티시즘,eclecticism(영),절충주의
8860,이코미,鑄込み(일),붓기
8859,이코노미스트,economist(영),경제 전문가
8858,이치하다,移置--,"옮기다, 옮기어 설치하다"
8857,이치부베니어,一分-veneer(영),"3mm 합판, 일푼 합판"
8856,이치마이,一枚,"한장, 한장쌓기"
8855,이층,離層,떨켜
8854,이취하다,泥醉--,심하게 취하다
8853,이충력,裏充礫,뒤채움 자갈
8852,이충,裏充,뒤채움
8851,이초누노,銀杏布,은행잎천
8850,이첩하다,移牒--,넘기다
8849,이차,利差,금리차이
8848,이차,利差,금리 차이
8847,이지메,いじめ(일),"괴롭힘, 집단 괴롭힘"
8846,이지,二肢,두 팔
8845,이중등재,二重登載,두번 기록
8844,이종피색립,異種皮色粒,딴색알
8843,이종곡립,異種穀粒,딴곡식알
8842,이종,異種,"다른 곡식, 다른 종류"
8841,이조대맥,二條大麥,"두줄보리, 맥주보리"
8840,이젤,easel(영),삼각대
8839,이전적지,移轉跡地,"옛터, 떠난 자리"
8838,이적,離籍,호적빼기
8837,이적,移積,옮겨쌓기
8836,이재자,罹災者,"재해를 입은 사람, 재해를 입은 자"
8835,이장 시간,罹長時間,고장 시간
8834,이장,泥匠,"흙바르기, 미장이"
8833,이입하다,移入--,옮겨 넣다
8832,이임시,離任時,떠날 때
8831,이유식,離乳食,떼기 음식
8830,이유기,離乳期,젖뗄 때
8829,이유 여하를 막론하고,,까닭이 어떠하든
8828,이유,離乳,젖떼기
8827,이유,EU(european union(영)),유럽 연합
8826,이월하다,移越--,"넘어가다, 넘기다"
8825,이원,利源,이익 원천
8824,이완되다,弛緩--,"풀어지다,느즈러지다,늘어지다"
8823,이연 일수,移延日數,늦어진 날수
8822,이엠유,EMU(european monetary union(영)),유럽 통화 동맹
8821,이에 반해,反,"이와 달리, 이와 반대로"
8820,이양하다,移讓--,(...에게) 넘기다
8819,이앙하다,移秧--,모내다
8818,이앙기,移秧期,"모내기 때, 모내기 철"
8817,이식하다,移植--,옮겨 심다
8816,이식,利息,이자
8815,이식,耳飾,"귀고리, 귀걸이"
8814,이시와리,石割-り(일),돌나누기
8813,이시쓰미,石積-み(일),돌쌓기
8812,이스트,yeast(영),효모
8811,이스턴 그립,eastern grip(영),"미국동부식잡기, 미국동부식손잡이법"
8810,이스케이프 루트,escape route(영),안전로
8809,이순,二荀,곁순
8808,이수,瑤首,용머리장식
8807,이송하다,移送--,보내다
8806,이설 도로,移設道路,옮긴 길
8805,이선 진입,異線 進入,타선 진입
8804,이선,異線,다른 선
8803,이석하다,離席--,자리 뜨다
8802,이석,離石,떨어진돌
8801,이서,裏書,뒷보증
8800,이서,移書,옮겨 씀
8799,이상침식,異常浸蝕,가속 침식(加速浸蝕)
8798,이상 탈의,異常 脫衣,"비정상 탈의, 이상 탈의"
8797,이상 주행,異常 走行,"비정상 주행, 이상 주행"
8796,이상 반응,異常 反應,"비정상 반응, 이상 반응"
8795,이상,異常,"비정상, 이상"
8794,이븐,even(영),동점
8793,이브닝스 빌,evening's bill(영),상연 종목
8792,이분,泥粉,담배 가루
8791,이북,e-book(electronic book(영)),전자책
8790,이병자,罹病者,"병든 이, 앓는 이"
8789,이병수율,罹病穗率,병든 이삭율
8788,이병수,罹病樹,병든 나무
8787,이병목,罹病木,병든 나무
8786,이병,罹病,병 걸림
8785,이병,痢病,설사병
8784,이베이전 존,evasion zone(영),"회피 지대, 안전 지대"
8783,이법,裏法,뒷면 기울기
8782,이바리,鑄張り(일),비짐이
8781,이미테이션프렌치심,imitation French seam(영),덧통솔
8780,이미테이션 모델,imitation model(영),닮은꼴 모델
8779,이미지 메이킹,image making(영),이미지 만들기
8778,이미지,image(영),"인상, 심상, 영상"
8777,이미저리,imagery(영),심상(心象)
8776,이목,餌木,먹이 나무
8775,이모작,二毛作,두그루짓기
8774,이모션 메모리,emotion memory(영),정서 기억
8773,이모메지,芋目地,"통줄눈, 통사춤"
8772,이모노,鑄物,주물
8771,이면 도로,裏面道路,뒷길
8770,이면,裏面,"속, 안, 뒷쪽"
8769,이메일 뱅킹,e-mail banking(영),전자 우편 금융 거래
8768,이메일 마케팅,e-mail marketing(영),전자 우편 판촉
8767,이메일 리스트,e-mail list(영),전자 우편 주소 목록
8766,이메일 그래버,e-mail grabber(영),①전자 우편 주소 추출기 ②전자 우편 주소 수집기
8765,이메일,"e-mail(영), electronic mail(영)",전자 우편
8764,이머징 마켓,emerging market(영),신흥 시장
8763,이리야배,,"삶는 배, 멸치 삶는 배"
8762,이류 증거서,二類證據書,보관 증서
8761,이로즈리,"色刷, いろずり(일)","색인쇄, 색깔인쇄"
8760,이로미,"色見, いろみ(일)",색보기
8759,이례사태,異例事態,돌발 상황
8758,이령림,異齡林,다른나이숲
8757,이레반지,入れ(일)斑指,볼록 반지
8756,이디피에스국 기호,E.D.P.S(영),전산국 기호
8755,이동묘포,移動苗圃,잠정 묘포
8754,이동,移動,옮김
8753,이도 정비,弛度整備,"늘어짐 정비, 늘어진 전선 정비"
8752,이도,離島,외딴섬
8751,이도,弛度,"늘어짐, 처짐, 처짐정도"
8750,이대식,履帶式,무한궤도식
8749,이당,飴糖,검은엿
8748,이닝,inning(영),()회
8747,이누바시리,犬走-り(일),"소단, 중턱, 둑턱"
8746,이노베이션,innovation(영),"혁신, 기술 혁신"
8745,이너 코스,inner course(영),"안쪽 길, 안쪽 주로"
8744,이너 커브,inner curve(영),안쪽 곡선
8743,이너 부츠,inner boots(영),안쪽 신발
8742,이내에,以內,안에
8741,이나리스시,いなり寿司 (일),유부초밥
8740,이기하다,移記--,옮겨 적다
8739,이기 시행,移記施行,옮겨 적음
8738,이관하다,移管--,넘기다
8737,이계건 주택,貳階建住宅,이층집
8736,이견,異見,"다른 의견, 다른 견해"
8735,이격 거리,離隔距離,떨어진 거리
8734,이강,以降,"이후, 다음, 뒤"
8733,이각,耳殼,귓바퀴
8732,이가타,いがた(일),거푸집
8731,이가일동 주택,離家壹棟住宅,외딴집
8730,이(e)커머스,e-commerce(영),전자 상거래
8729,이,耳,귀
8728,이,梨,배
8727,의흔,縊痕,목 맨 자국
8726,의하여,依,따라
8725,의중,意中,"마음속, 속마음"
8724,의제,擬制,"여김, 간주하기"
8723,의장품,艤裝品,선박 장비
8722,의아한,疑訝-,의심스러운
8721,의사('액사'의 원말),縊死,목 맴
8720,의사 유전체,擬似誘電體,인공유전체(人工誘電體)
8719,의법 조치,依法措置,법에 따라 처리
8718,의명,依命,명에 따라
8717,의료 수가,醫療酬價,"진료비, 치료비"
8716,의료 부조 대상자,醫療扶助 對,의료 혜택 대상자
8715,의낭,衣囊,"호주머니, 옷 주머니"
8714,의구심,疑懼心,의심
8713,의관,衣冠,옷차림
8712,의거하다,依據--,～에 따르다
8711,응혈,凝血,피엉김
8710,응하중,應荷重,중량감지기
8709,응신,應信,회답
8708,응수,鷹狩,매사냥
8707,응소,應召,소집에 응함
8706,응분,應分,알맞음
8705,응동,應動,따라 움직임
8704,응당일,應當日,그날
8703,응능 부담,應能負擔,능력에 따른 부담
8702,응결,凝結,엉김
8701,음행,淫行,음란한 짓
8700,"음주, 명정하여","飮酒, 酩酊--",술에 취하여
8699,음용유,飮用乳,마시는 우유
8698,"음용에 공하는, 음용에 공하는 물에",供,"마시는, 마시는 물에"
8697,음영,陰影,"그늘, 그림자"
8696,음수,陰樹,음지나무
8695,음성 기능,音聲機能,소리 기능
8694,음곡,音曲,음악
8693,음건법,陰乾法,그늘말리기
8692,음각,陰刻,오목새김
8691,은피하다,隱避--,피하다
8690,은연,隱然,슬그머니
8689,은비,隱庇,숨김
8688,은박액자,銀箔額子,은박틀
8687,은닉하다,隱匿--,"감추다, 숨기다"
8686,은닉 재산,隱匿財産,숨긴 재산
8685,은니,銀泥,은물
8684,으뜸덧널,主槨-,주곽
8683,융기문토기,隆起紋土器,덧무늬토기(pottery with appique decoration)
8682,융기 부분,隆起部分,솟은 부분
8681,율석,栗石,"호박돌, 막돌"
8680,율목,栗木,밤나무
8679,윤화,輪禍,교통사고
8678,윤허,允許,"허락, 허가"
8677,윤필,潤筆,"짙은붓질, 윤필"
8676,윤척,輪尺,"지름자, 캘리퍼스(calipers)"
8675,윤중제,輪中堤,"둘렛둑, 섬둑"
8674,윤작,輪作,돌려짓기
8673,윤생화,輪生花,바퀴모양꽃
8672,윤생,輪生,돌려나기
8671,윤벌기,輪伐期,돌림베기 주기
8670,윤벌,輪伐,"돌림베기, 돌려베기"
8669,육후부,肉厚部,두꺼운 데
8668,육추,育雛,새끼기르기
8667,육위,六圍,여섯에움
8666,육운,陸運,육상 운재(陸上運材)
8665,육용강재용,,증기용
8664,육용 증기 보일러,陸用,육지용 증기 보일러
8663,육용 종계,肉用種鷄,고기용 씨닭
8662,육옥근,陸屋根,평판 지붕
8661,육안으로,肉眼,눈으로
8660,육서동물,陸棲動物,뭍살이 동물
8659,육모,育苗,모 기르기
8658,육림의 날,育林,"수풀가꾸는 날, 나무가꾸는 날"
8657,육림,育林,"수풀가꾸기, 나무가꾸기"
8656,육로 전송료,陸路傳送料,육로 전송 운송료
8655,육도,陸稻,밭벼
8654,육계,肉鉅,"살상투, 육계"
8653,육계,肉鷄,고기용 닭
8652,육각축,六角築,"육모쌓기, 벌집쌓기"
8651,육,肉,"고기, 살코기"
8650,유휴지,遊休地,노는땅
8649,유휴시간,遊休時間,쉬는 시간
8648,유효적으로,有效的,효과있게
8647,유효장,有效場,유효 길이
8646,유혜,油鞋,진신
8645,유해하다,有害--,해롭다
8644,유해 조수,有害鳥獸,"해로운 짐승, 유해 짐승"
8643,유합,癒合,"아묾, 아물이"
8642,유할 시,有- 時,있을 때
8641,유하다,有--,(형을 받은 사실이) 있다
8640,유피에스,U.P.S.(영),무정전 전원 장치
8639,유포하다,流布,퍼뜨리다
8638,유틸리티,utility(영),"공익, 공익 사업"
8637,유통 콤플렉스,流通 complex(영),유통 단지
8636,유통,油筒,기름 종지
8635,유토피아,Utopia(영),이상향
8634,유토공,留土工,흙막이
8633,유토곡선,流土曲線,토량곡선(土量曲線)
8632,유턴,U-turn(영),"①되돌기, 되돌리기 ②선회"
8631,유탈하다,遺脫--,"빠뜨리다, 빠지다"
8630,유탄포,湯湯婆,자라통
8629,유커,游客,"중국 관광객, 중국인 관광객"
8628,유카아가리,床上-がり(일),치마끝높이
8627,유카,牀,바닥
8626,유치선,留置線,주차선
8625,유치목,誘致木,유인목(誘引木)
8624,유치 증서,留置證書,보관 증서
8623,유치,幼雉,"어린꿩, 새끼꿩"
8622,유충 포살,幼蟲捕殺,애벌레잡기
8621,유출흔,流出痕,(전류) 날자국
8620,유출률,流出率,유출 계수
8619,유창,油倉,기름 창고
8618,유착,癒着,① 부착 ② 붙음
8617,유지근,幼支根,어린 갈림뿌리
8616,유지,留止,"정지, 멈추게 함, 금지시킴"
8615,유지,溜池,"못, 연못, 웅덩이, 둠벙"
8614,유지,油紙,기름종이
8613,유증 우편낭,,등기 우편 자루
8612,유증,遺贈,유언 증여
8611,유즙,乳汁,"액체, 젖, 즙"
8610,유종,油種,기름 종류
8609,유조02,留鳥,텃새
8608,유조01,幼鳥,어린새
8607,유전스 빌,Usance Bill(영),기한부 어음
8606,유저 인터페이스,user interface(영),사용자 환경
8605,유자수림,有刺樹林,"가시숲, 가시나무숲"
8604,유자망,流刺網,흘림걸그물
8603,유자격자,有資格者,자격 있는 사람
8602,유입흔,流入痕,"들자국, 천류 들자국"
8601,유입하다,流入--,흘러 들다
8600,유인제,誘引劑,꾐약
8599,유인,誘因,유발 요인
8598,유익비,有益費,이로운 비용
8597,"유우, 유용우",乳牛,젖소
8596,유엽,幼葉,어린 잎
8595,유연묵,油煙墨,기름먹
8594,유약,釉藥,잿물
8593,유압,油壓,기름 압력
8592,유안,硫安,황산암모니아
8591,유아신장구,幼芽伸長球,싹난 알
8590,유아등,誘蛾燈,벌레잡이등
8589,유아,幼芽,어린 싹
8588,유실물,遺失物,잃어 버린 물건
8587,유수한,有數-,두드러진
8586,유수평균심,流水平均深,경심(徑深)
8585,유수정리,留數定理,나머지정리(-定理)
8584,유수,幼獸,"어린짐승, 새끼"
8583,유수,流水,흐르는 물
8582,유송시간,流送時間,도달 시간
8581,유선,遊船,놀잇배
8580,유서하다,宥恕--,용서하다
8579,유산 발효,乳酸醱酵,젖산띄우기
8578,유산,硫酸,황산
8577,유부,類否,"유사 여부, 비슷한지 아닌지"
8576,유병,病-,혹병
8575,유벌,流筏,뗏목
8574,유묘,幼苗,어린 모
8573,유머센스,humour sense(영),"익살기, 유머 감각"
8572,유린하다,蹂躪--,짓밟다
8571,유리수,遊離水,자유수
8570,유류한,遺留,남겨 놓은
8569,유류,遺留,"남김, 부분 남김"
8568,유루없이,遺漏--,빠짐없이
8567,유루미,弛,"느슨, 느슨함"
8566,유루미,弛み(일),"느슨, 느슨함"
8565,유루,遺漏,빠짐
8564,유료작물,油料作物,기름작물
8563,유로침식,流路浸蝕,하천침식
8562,유로공,流路工,"계간수로내기, 계간도랑내기"
8561,유도하다,誘導--,이끌다
8560,유도제,,가름둑
8559,유도 표지판,誘導標識板,"안내 표지판, 알림 표지판"
8558,유도 펜스,─ Fence,유도울타리
8557,유도,油桃,민복숭아
8556,유대재배,有袋栽培,봉지 재배
8555,유당,乳糖,젖당
8554,유달시간,流達時間,도달 시간
8553,유닛 세팅,unit setting(영),다용도 장치
8552,유닛 변전소,unit(영)變電所,단위 변전소(單位變電所)
8551,유닛,unit(영),"전시 방, 전시 칸"
8550,유념하다,留念--,마음에 두다
8549,유년,幼年,어린 시절
8548,유기하다,遺棄--,내버리다
8547,유기장,鍮器匠,놋그릇장
8546,유기 문서,有期文書,기한 문서
8545,유기,遊技,"놀이, 오락 놀이"
8544,유급직원,有給職員,보수 지급 직원
8543,유근,幼根,어린뿌리
8542,유관속식물,有管束植物,"관다발 식물, 관속 식물"
8541,유고,諭告,"알려줌, 타이름"
8540,유경양익촉,有莖兩翼鏃,뿌리나래활촉
8539,유경 접목,幼莖椄木,애줄기접
8538,유견동부,有肩銅斧,어깨달린도끼(bronze axe with shoulder)
8537,유거계수,流去係數,유출계수
8536,유거,流去,유출
8535,유개차,有蓋車,"뚜껑차, 뚜껑있는차, 덮개차, 덮개있는차"
8534,유개,有蓋,"덮개, 뚜껑"
8533,유간,遊間,간격
8532,유각삼,有脚蔘,다리삼
8531,유가로,有價-,돈 받고
8530,유가,油價,기름값
8529,유 분리 장치,油分離將置,기름 분리 장치
8528,유,乳,젖
8527,윙크,wink(영),눈짓
8526,윙백,wing back(영),측면 수비수
8525,윙 슛,wing shoot(영),옆에서 쏘기
8524,윙 너트,wing nut(영),"조임 나사, 나비 나사"
8523,윙,wing(영),날개
8522,윗돌,上石,덮개돌(cap stone)
8521,윔블던 오픈,wimbledon open(영),영국 오픈 테니스 대회
8520,윈터 룰,winter rule(영),동계 규칙
8519,윈윈 전략,win-win(영)戰略,①상생(相生) 전략 ②상승(相勝) 전략
8518,윈윈,win-win(영),상생
8517,윈드브레이크,windbreak(영),바람막이옷
8516,윈드 크러스트,wind crust(영),강풍 빙판
8515,윈도우,window(영),창
8514,위험 상당치,危險 相當値,해당 위험 값
8513,위험 고지서,危險 告知書,위험 설명서
8512,위해,危害,"위태롭고 해로운, 위태롭고 해로움"
8511,위트,wit(영),"재치, 기지"
8510,위탁 증거금,委託證據金,위탁 보증금
8509,위크 사이드,weak side(영),공 없는 지역
8508,"위치 확인 시스템(GPS), 지피에스",GPS(Global Positoning System(영)),(위성) 위치 확인 시스템
8507,위조점,萎凋點,시듦점
8506,위조,萎凋,시듦
8505,위장 의사,僞裝 縊死,거짓 목 맴
8504,위인,爲人,"사람, 사람 됨됨이, 사람됨"
8503,위요,圍繞,둘러쌈
8502,위연륜,僞年輪,헛나이테
8501,위약종,,취약종(脆弱種)
8500,위심재,僞心材,헛속 나무
8499,위식,僞飾,거짓
8498,위시하다,爲始,비롯하다
8497,위성 휴대통신(GMPCS),GMPCS(Global Mobile Personal Communications Service(영)),"위성 휴대통신, 위성 휴대통신 서비스, 위성 개인 휴대통신, 위성 개인 휴대통신 서비스"
8496,위산,違算,"계산이 틀림, 틀린 계산"
8495,위사,緯絲,"씨, 씨실"
8494,위빙,weaving(영),"뜨개질, 철사뜨개질"
8493,위빙,weaving(영),흔들어 피하기
8492,위드드로,withdraw(영),기권패
8491,위닝 히트,winning hit(영),"결정타, 승리타"
8490,위닝 샷,winning shot(영),①승부타 ②승부구
8489,위너,winner(영),승자
8488,위규,違規,규정 위반
8487,위규,違規,규정 위반
8486,위구,危懼,"두려움, 무서움"
8485,위계를 한 자,僞計,거짓 계략을 꾸민 자
8484,위계 질서,位階秩序,상하 질서
8483,위계,僞計,속임수
8482,위계,爲計,할 계획
8481,위격 검사,違格檢査,규격 검사
8480,웻 리스,Wet lease(영),포괄임차
8479,웰트포켓,welt pocket(영),홑입술주머니
8478,웰트심,welt seam(영),뉨솔
8477,웰빙,well-being(영),참살이
8476,웰메이드 플레이,well-made play(영),잘 꾸며진 극
8475,웨프트,weft(영),"씨, 씨실"
8474,웨트 에이징,wet aging(영),습식 숙성
8473,웨지,wedge(영),붙이기채
8472,웨잉 컨베이어,weighing conveyor(영),연속제중기
8471,웨이퍼,wafer(영),회로판
8470,웨이팅 타임,waiting time(영),"기다림 시간, 대기 시간"
8469,웨이팅 서클,waiting circle(영),타자 대기석
8468,웨이팅,waiting(영),다짐 준비
8467,웨이트02,wait(영),"기다림, 대기"
8466,웨이트01,weight(영),가중치(加重値)
8465,웨이트 트레이닝,weight training(영),"근력 훈련, 근력 강화 훈련"
8464,웨이트 시프트,weight shift(영),체중 이동
8463,웨이스트 볼,waste ball(영),"버림 공, 속임 공"
8462,웨이브,wave(영),"주름, 물결주름, 놀, 파, 파도"
8461,웨스턴 그립,western grip(영),"미국서부식잡기, 미국서부식손잡이법"
8460,웨딩 컨설팅 업체,wedding consulting(영) 業體,"결혼식 상담 업체, 결혼식 상담 회사"
8459,웨딩 마치,wedding march(영),결혼 행진곡
8458,웨딩,wedding(영),결혼
8457,웨더링,wedering(영),연속 평행 회전
8456,월행낭,越,중계 우편 자루
8455,월할 계산,月割 計算,월 단위 계산
8454,월하장,越夏場,여름 날 곳
8453,월편,越便,건너편
8452,월수로,越水路,무넘이
8451,월수고,越水高,"무넘이 수심, 월류 수심"
8450,월부,月賦,달붓기
8449,월번,越番,"건너뜀, 번호 건너뜀"
8448,월류제,越流堤,무넘잇둑
8447,월류수,越流水,넘친물
8446,월년생,越年生,두해살이
8445,월권,越權,권한 침범
8444,월구,越區,구역을 넘음
8443,월경,越境,"경계넘기, 국경넘기"
8442,월 앤드 레일즈,wall and rails(영),"장벽 횡목, 장벽 횡목장애물"
8441,원투펀치,one two punch(영),양손 치기
8440,원칙하에,原則下-,원칙 아래
8439,원추형,圓錐形,원뿔꼴
8438,원천,源泉,"샘, 샘물, 근원지"
8437,"원주, 전주","元柱, 前柱",앞기둥
8436,원주,圓柱,둥근 기둥
8435,원족,遠足,소풍
8434,원조요구,援助要求,도움 요청
8433,원정,遠程,먼 길
8432,원야토,原野土,생흙
8431,원야,原野,버덩
8430,원아,園兒,유치원 아동
8429,원스톱 리빙,one-stop living(영),자족형 거주
8428,원스 백,once back(영),손잡기
8427,원수,員數,사람 수
8426,원샷 홀,one shot hole(영),짧은 홀
8425,원샷 플레이,one shotplay(영),마지막 공격
8424,원상 병명,原傷病名,본디 다친 병
8423,원상,原狀,"원래 상태, 본디 상태"
8422,원방 신호기,遠方信號機,예고 신호기
8421,원방,遠方,먼 거리
8420,원발성 쇼크,原發性 shock(영),미주 신경 충격
8419,원물,原物,"본디 것, 바탕 것"
8418,원맨쇼,one-man show(영),독무대
8417,원망,願望,"소원, 바람"
8416,원룸,one room(영),"통집, 통방집, 튼방집"
8415,원동기 장치,原動機 裝置,"이륜 자동차, 삼륜 자동차"
8414,원데이 클래스,one day class(영),일일 강좌
8413,원단,元旦,"설날, 새해 아침"
8412,원금,元金,"본전, 본밑"
8411,원구,元口,밑동부리
8410,원곡선,圓曲線,단곡선
8409,원고초행,原稿初行,"첫줄, 원고 첫줄"
8408,원거리,遠距離,먼 거리
8407,원 히트 원 런,one hit one run(영),①안타 ①득점
8406,원 핸드 패스,one hand pass(영),"한 손 주기, 한 손으로 주기"
8405,원 핸드 슛,one hand shoot(영),한 손 쏘기
8404,원 플러스 원,one plus one(영),(하나에) 하나 더
8403,원 풋 에이트,one foot eight(영),"외발 8자형, 외발 8자형 그리기"
8402,원 포인트 레슨,one point lesson(영),요점 교습
8401,원 투 펀치,one two punch(영),"치기, 하나 둘 치기"
8400,원 클릭,one click(영),"단번, 단번 처리"
8399,원 신호,原信號,원시 신호(原始信號)
8398,"원 스트라이크 아웃, 원 스트라이크 아웃제",one strike out(영),"즉시 퇴출, 즉시 퇴출제"
8397,원 사이드 게임,one side game(영),일방 경기
8396,원 볼 투 섬,one ball two some(영),2인 1구법
8395,원 베이스 히트,one base hit(영),단타
8394,원 맨 대시,one man dash(영),단독 돌진
8393,워핑,warping(영),"날기, 실날기"
8392,워피지,wharfage(영),부두 사용료
8391,워프페이스기법,warpface(영)技法,날이랑짜기
8390,워프,warp(영),"날, 날실"
8389,워퍼콤,warper comb(영),"날빗, 날실빗"
8388,워퍼,warper(영),날틀
8387,워터프런트,water front(영),"물가,수변"
8386,워터파크,water park(영),물놀이 공원
8385,워터스크린,water screen(영),수막 영상
8384,워터마크,watermark(영),식별무늬
8383,워터 해저드,water hazard(영),"웅덩이, 물 웅덩이"
8382,워터 마킹,water marking(영),"①파수꾼, 전산 파수꾼 ② 지킴이, 전산 지킴이"
8381,워킹홀리데이,working holiday(영),관광취업
8380,워킹푸어,working poor,근로빈곤층
8379,워킹머신,walking machine(영),달리기틀
8378,워킹 볼,working ball(영),산 회전공
8377,워킹 드로잉,working drawing(영),작업도
8376,워크홀릭,workholic(영),"일 중독자, 일벌레"
8375,워크오버,workover(영),부전승
8374,워크셰어링,work sharing(영),일자리 나누기
8373,워크북,workbook(영),익힘책
8372,워크 아웃,Work out(영),"기업 개선 작업, 군살빼기"
8371,워크 라이트,work light(영),작업등
8370,워카,walker(영),군화
8369,워치독,Watch Dog(영),파수견
8368,워시 아웃,wash out(영),코 남기
8367,워셔블컬러,washable colour(영),불변 염색
8366,워밍 샷,warming shot(영),예열 사격
8365,워드 프로세싱 프로그램,word processing program(영),문서 편집 프로그램
8364,워드 프로세싱 시스템,word processing system(영),글월 처리 체계
8363,워드 프로세싱,word processing(영),"문서 처리, 글월 처리"
8362,워드 프로세서,word processor(영),문서 편집기
8361,워드 마크,word mark(영),글자 상징
8360,워닝,warning(영),경고
8359,워 게임,war game(영),전쟁 놀이
8358,웅화,雄花,수꽃
8357,웅지,雄志,큰 뜻
8356,웅예,雄裔,수술
8355,웅변한다,雄辯--,잘 말해 준다
8354,웅계,雄鷄,수탉
8353,"울혈성 심부전, 울혈성 심부전",鬱血性 心不全症,울혈 심장 기능 상실
8352,울폐도,鬱閉度,우거진 정도
8351,울폐,鬱閉,우거져 막힘
8350,울 워스,wool worth(영),⑤⑩번 퍼진핀
8349,운휴할 때,運休-,차가 쉴 때
8348,운휴 차량,運休車輛,쉬는 차
8347,운짱,運,"운전 기사, 운전사"
8346,운집,雲集,"떼지어 모임, 많이 모임"
8345,운전수,運轉手,"운전사, 운전기사"
8344,운전 지조,運轉知照,운전 통보
8343,운전 사령실,運轉司令室,운전 통제실
8342,운재,運材,재목나르기
8341,운임 징구,運賃徵求,운임걷기
8340,운위하다,云謂--,"이르다, 말하다"
8339,운용,運用,"활용, 이용"
8338,운염,暈染,"바림질,운염법"
8337,운속계,雲速計,구름 관측기
8336,운선법,暈渲法,"바림, 바림법"
8335,우화 성충,羽化成蟲,"날개돋은 엄지벌레, 날개있는 엄지벌레"
8334,우화,羽化,날개돋이
8333,우현,右舷,"우측 뱃전, 오른쪽 뱃전"
8332,우피,牛皮,"소가죽, 쇠가죽"
8331,우편업무집행중,郵便業務執行中,우편 업무 중
8330,우편낭동태감사,郵便囊動態監査,우편 자루 운용 조사
8329,우편낭 기표지,郵便囊記表紙,우편 자루 표지
8328,우편낭,郵便囊,우편 자루
8327,우편 금제품,郵便禁製品,"우편 금지품, 우편 제한품"
8326,우키치,浮地,뜰종이
8325,우키이시,浮-き-石(일),"뜬돌, 들뜬돌"
8324,우키바리,浮張り(일),뜰배접
8323,우키,浮,"찌, 띄우개, 튜브"
8322,우케토리,受取-り(일),도맡기
8321,우케오이,請負,도급(都給)
8320,우치히다,內襞,안주름
8319,우치코미,打込-み(일),"치기, 콘크리트치기"
8318,우치카에,打-ち-替-え(일),갈아넣기
8317,우치카기,打鉤,갈고리
8316,우치쓰기메,打繼-ぎ-目(일),시공 이음
8315,우치쓰기,打繼-ぎ(일),이어치기
8314,우치노리,內法,"안목, 안치수"
8313,우측단,右側端,오른쪽 끝
8312,우측 상단,右側上端,"오른쪽 위, 오른쪽 위끝"
8311,우체통,郵遞筒,"우편함, 우체함"
8310,우천시,雨天時,비올 때
8309,우차,雨差,우연 오차
8308,우지,牛脂,쇠기름
8307,우주,隅柱,모서리 기둥
8306,우적,雨滴,빗방울
8305,우장,雨裝,비옷
8304,우인,友人,친구
8303,우의제,雨衣堤,날갯둑
8302,우의,雨衣,비옷
8301,우육,牛肉,"쇠고기, 소고기"
8300,우와스리,上擦り(일),구슬밀이
8299,우와마키,上捲き(일),마무리천
8298,우와누리,上塗,"웃바름, 옷바름칠, 정벌바름, 정벌바름칠"
8297,우와기타케,上着丈,"웃옷길이, 상의길이"
8296,우와가타,上型,겉틀
8295,우안,右岸,오른쪽 둑
8294,우심하다,尤甚--,"심하다, 몹시 심하다"
8293,우식,雨蝕,빗물침식
8292,우수침식,雨水浸蝕,빗물침식
8291,우수 배제,雨水排除,빗물빼기
8290,우수 무지,右手拇指,오른 엄지
8289,우수,雨水,빗물
8288,우송하다,郵送--,우편으로 부치다
8287,우선,于先,먼저
8286,우석,隅石,귓돌
8285,우사,牛舍,"외양간, 소우리"
8284,우복,雨服,비옷
8283,우범 지대,虞犯地帶,범죄 우려 지대
8282,우발,偶發,우연 발생
8281,우모,羽毛,깃털
8280,우메타테,埋立,메우기
8279,우메쿠사,埋草,"땜기사, 채움기사"
8278,우메코미스위치,うめこみ(일)Switch(영),매입형스위치(買入形Switch)
8277,우메보시,梅于,"매실, 매실절이"
8276,우메모도시,"埋戾, 埋-め-戾-し(일)",되메우기
8275,우먼 파워,women power(영),"여성세, 여성 세력"
8274,우마킨,馬筋(일),받침 철근
8273,우마,馬,"발돋움, 말"
8272,우리와타시,うりわたし(일),팔아넘김
8271,우리도메,賣り止め(일),그만팔기
8270,우롱,愚弄,놀림
8269,우량 종자,優良種子,좋은 씨앗
8268,우량,雨量,강우량
8267,우란,右欄,우측 난
8266,우라코미,裏込-み(일),뒤채움
8265,우라코메이시,裏込-め-石(일),뒤채움돌
8264,우라카에시,裏返-し(일),뒤집어짓기
8263,우라야키,裏燒-き(일),뒤굽기
8262,우라게이,裏罫,뒤친줄
8261,우라가키,裏書(일),"뒷보증, 배서"
8260,우라가에,裏返,"뒤집기, 뒤집어짓기"
8259,"우라, 우라마와시",裏廻,뒤돌리기
8258,우라,裏,"안, 안감"
8257,우든 클럽,wooden club(영),나무채
8256,우동02,隅棟,귀마루
8255,우동01,"饂飩, うどん(일)",가락국수
8254,우데02,腕,"고리, 반지 고리"
8253,우니,雲丹,성게젓
8252,우는,又-,또는
8251,우나기,鰻,"장어, 뱀장어"
8250,우금,于今,지금까지
8249,우권,郵券,우표
8248,우고,雨高,강우량
8247,우계,雨季,우기
8246,우격침식,雨擊浸蝕,"빗방울 침식, 빗물 침식"
8245,우거,愚擧,어리석은 짓
8244,우각형파수,牛角形把手,쇠뿔잡이
8243,우각,牛角,"쇠뿔, 소뿔"
8242,우가이,嗽,목가심
8241,용탈층,溶脫層,녹아 내린 흙
8240,용출,溶出,녹아 나옴
8239,용출,湧出,"솟아 나오다, 물이 솟아 나오다"
8238,용착,溶着,녹여 붙임
8237,용중량,容重量,부피 무게
8236,용접공,鎔接工,용접 기사
8235,용인,傭人,고용인
8234,용의주도하다,用意周到--,"빈틈없다, 맘 준비가 빈틈없다"
8233,용의,容儀,몸가짐
8232,용수원,用水源,물 끌 곳
8231,용수로,用水路,물대는 길
8230,용선,傭船,셋배
8229,용두,龍頭,"용머리, 용두"
8228,용달,用達,심부름
8227,용기,容器,그릇
8226,용,蛹,번데기
8225,욘부,四分,"너푼, 12mm"
8224,욕조수,浴槽水,목욕물
8223,요판,凹版,오목판
8222,요코헨케이,橫變形,가로변체
8221,요코쿠,ようきょく(일),양극(陽極)
8220,"요코구미, 횡조",橫組,가로짜기
8219,요추,腰椎,"허리등뼈, 요추"
8218,요철,凹凸,오목볼록
8217,요지준,要支準,필요 지급 준비금
8216,요지부동,搖之不動,"꿋꿋한, 흔들리지 않는, 움직이지 않는"
8215,요지03,窯阯,가마터
8214,요지02,要旨,주요 내용
8213,요지01,楊枝,이쑤시개
8212,요주의,要注意,"주의하시오, 주의하십시오"
8211,요장,療長,"생활관장, 생활관관장"
8210,요원,遼遠,"멂, 까마득, 까마득함"
8209,요역지,要役地,편익 받는 땅
8208,요쓰와리,四割り(일),"물림쇠, 네가닥물림쇠"
8207,요실금,尿失禁,오줌흘리기
8206,요식,要式,격식
8205,요세가타,寄型,쪽틀
8204,요설,凹設,오목하게 만들기
8203,요사,療舍,생활관
8202,요비셍,よびせん(일),예비선(豫備線)
8201,요비린,呼び(일)鈴←-Ring(영),초인종(超人鐘)
8200,요부,要部,중요한 부분
8199,요목,要目,"주요 항목, 중요 항목"
8198,요모리,餘盛-り(일),"덤돋우기, 더돋기"
8197,요로에,要路-,기관(機關)에
8196,"요람, 학교 요람",學校要覽,"안내, 학교 안내"
8195,요동,搖動,흔들림
8194,요대체,要代替,바꾸기 바람
8193,요대,腰帶,허리띠
8192,요다시,ようたつ(일),용달
8191,요는,要-,"요점은, 중요한 것은"
8190,요깡,羊羹,단묵
8189,요금 전납,料金全納,"요금 다 냄, 요금 완납"
8188,요구,凹溝,홈
8187,요계표,要計表,집계표
8186,외환보유고,高,외환 보유액
8185,외피복,-被服,"겉 덮기, 겉 덮개"
8184,외피,外皮,겉껍질
8183,외포하게 하다,畏怖--,겁을 주다
8182,외포심,畏怖心,두려움
8181,외포,畏怖,두려운
8180,외주연,外周緣,바깥 둘레
8179,외주 정비,外注整備,"업자 정비, 외부업자 정비"
8178,외인사,外因死,"외인 사망, 외인사"
8177,외오염견,外汚染繭,겉물든 고치
8176,외연,外延,바깥 테두리
8175,외역,外役,외부 작업
8174,외양,外樣,"겉모양, 겉보기"
8173,외식,外飾,겉치레
8172,외소단,外小段,바깥둑턱
8171,외상,外傷,겉상처
8170,외사면,外斜面,바깥비탈
8169,외봉투,外封套,겉봉투
8168,외문,外門,바깥문
8167,외래종,外來種,도입종
8166,외람되다,猥濫--,분에 넘치다
8165,외기,外氣,바깥 공기
8164,외권엽,外卷葉,겉마른잎
8163,외경,畏敬,깊은 존경
8162,왜림,矮林,작은키나무숲
8161,왜글,waggle(영),도움치기
8160,왜그 더 독,wag the dog(영),본말 전도
8159,왜건,wagon(영),유아 수레
8158,왕편,往便,가는 편
8157,왕신하는,往信--,편지 보내는
8156,왕림하여,枉臨--,"오셔, 오셔서"
8155,왔다리갔다리,いったりきたり(일),왔다갔다
8154,완효성,緩效性,천천히 듣는
8153,완충물,緩衝物,충격막이
8152,완초,莞草,왕골
8151,완제하다,完濟--,"모두 갚다, 모두 다 갚다"
8150,완전변태,完全變態,갖춘 탈바꿈
8149,완전벌채,完全伐採,모두베기
8148,완전 의사,完全 縊死,완전 목 맴
8147,완자,고리,"고리, 걸개"
8146,완숙과,完熟果,익은 열매
8145,완숙,完熟,"다 익음, 무르익음"
8144,완롱품,玩弄品,장난감
8143,완금,腕金,① 어깨쇠 ② 완철
8142,완교사,腕絞死,팔 졸림사
8141,완관절,腕關節,손목 관절
8140,완검,完檢,모두 잡음
8139,왁싱,waxing(영),왁스 입히기
8138,왁스패턴,wax pattern(영),밀랍본
8137,왁스인젝터,wax injector(영),밀랍 주입기
8136,왁스모델,wax model(영),밀랍본
8135,와트미터,Wattmeter(영),전력계(電力計)
8134,와트만지,whatman(영)紙,삼종이
8133,와타시마쓰리,渡-しまつり(일),사다리감침
8132,와키아키,脇明-き(일),"옆트기, 옆구리트기, 옆트임, 옆구리트임"
8131,와쿠바리,枠張り(일),천씌우기
8130,와카마쓰,若鬆,어린 솔
8129,와질도기,瓦質土器,연질토기(soft stoneware)
8128,와즙,瓦葺,기와 지붕
8127,"와전하다, 와전되다",訛傳--,잘못 전해지다
8126,와전류,渦電流,맴돌이전류
8125,와일드하다,wild(영)--,거칠다
8124,와일드하다,wild(영)--,거칠다
8123,와일드 피칭,wild pitching(영),악투구
8122,와일드 카드 캐릭터,wild card character(영),"두루 문자, 두루치기 문자, 임의 문자"
8121,와일드 카드,wild card(영),예외 규정
8120,와일드 차지,wild charge(영),거친 방해
8119,와일드 스로,wild throw(영),악송구
8118,와인드 업 포지션,wind up position(영),"던지기 자세, 투구 준비 자세"
8117,와인,wine(영),포도주
8116,와이프,wife(영),"아내, 처, 부인"
8115,와이어브러시,wire brush(영),쇠솔
8114,와이어로프,wire rope(영),쇠밧줄
8113,와이어 브러시,wire brush(영),쇠솔
8112,와이어 본딩,wire bonding(영),"세선(細線), 용접(鎔接)"
8111,와이어 랩,wire wrap(영),권선 싸개(捲線-)
8110,와이어,wire(영),"유선, 줄"
8109,와이로,賄賂,뇌물
8108,와우,蝸牛,달팽이
8107,와요,瓦窯,기와가마
8106,와사비,山葵,고추냉이
8105,와사,瓦斯,가스
8104,와리칸,"割勘, わりかん(일)","나눠내기, 추렴"
8103,와리이시,割石,깬돌
8102,와리쓰케,割付,"판매김, 레이아웃"
8101,와리바시,割箸,나무젓가락
8100,와레즈 사이트,WaReZ site(영),불법 소프트웨어 사이트
8099,와가,瓦家,기와집
8098,옹삼,翁蔘,쪼그랑 삼
8097,옹벽공,擁壁工,축대벽쌓기
8096,옵아트,optical art(영),광학 미술
8095,옵서버,observer(영),참관인
8094,옴니버스,omnibus(영),"모음, 모음집"
8093,올킬,all kill(영),싹쓸이
8092,올인원,all-in-one(영),일체형
8091,올오버페인팅,all over painting(영),균질 그림
8090,올스톱,all stop(영),전면 중단
8089,올백,all back(영),"막 넘김, 막넘김"
8088,올라운드 플레이어,all round player(영),① 만능 선수 ② 만능인
8087,올드 코미디,old comedy(영),그리스 고희극
8086,올누드,all nude(영),"알몸, 전라(全裸)"
8085,올 코트 플레이어,all court player(영),만능 선수
8084,올 코트 프레싱,all court pressing(영),전면 강압 수비
8083,올 스퀘어,all square(영),동점
8082,올 라이트,all right(영),출발
8081,온수,溫水,"더운 물, 뜨거운 물"
8080,온사이드,onside(영),"공격 지역, 공격가능 지역"
8079,온량지수,溫量指數,온난 지수
8078,온라인 헬프,on-line help(영),온라인 도움말
8077,온디맨드,on-demand(영),주문형
8076,온듈바디,ondule(영)-,부채 바디
8075,온 더 노즈,on the nose(영),코치기
8074,옥토,沃土,"기름진 땅, 건 땅"
8073,옥총,玉蔥,양파
8072,옥촉서,玉蜀黍,옥수수
8071,옥척,屋脊,용마루
8070,옥외,屋外,바깥
8069,옥신부,屋身石,"몸돌, 옥신석"
8068,옥쇄,玉碎,모두 죽음
8067,옥사,玉絲,쌍고치실
8066,옥도정기,沃度丁幾,요오드팅크
8065,옥개석,屋蓋石,"지붕돌, 옥개석"
8064,오합사,五合絲,다섯겹실
8063,오피스빌딩,office building(영),사무용 건물
8062,오피스레이디,office lady(영),직장 여성
8061,오피셜 핸디캡,official handicap(영),공식 기준타 차
8060,오피셜 볼,official ball(영),공인구
8059,오피니언 리더 층,opinion leader(영) 層,여론 주도층
8058,오피니언 리더,opinion leader(영),①여론 주도자 ②여론 주도층
8057,오픈하다,open(영)--,① 열다 ② 개장하다 ③ 개업하다 ④ 개관하다 ⑤ 개막하다
8056,오픈프라이스제,open price(영) 制,열린가격제
8055,오픈심,open seam(영),가름솔
8054,오픈스카이,Open skies(영),항공자유화
8053,오픈베타,open beta(영),공개 시험
8052,오픈마켓,Open Market(영),"열린 시장, 열린 장터"
8051,오픈마커,open marker(영),온본그리기
8050,오픈 프레임,open frame(영),실패회
8049,오픈 프라이머리,open primary(영),"국민 경선, 국민 경선제"
8048,오픈 페이스,open face(영),열린 타면
8047,오픈 키친,open kitchen(영),개방형 주방
8046,오픈 코스,open course(영),"자유 주로, 열린 주로"
8045,오픈 스파이크,open spike(영),고공 공격
8044,오픈 스탠스,open stance(영),"열린발 자세, 열린 자세"
8043,오픈 사이트,open sight(영),열린 가늠자
8042,오프시즌,offseason(영),"비철, 비경기철"
8041,오프숄더,Off-Shoulder(영),맨어깨
8040,오프셋02,offset(영),편차
8039,오프셋01,offset(영),"불량세우기, 불량핀세우기"
8038,오프사이드,off side(영),진입 반칙
8037,오프라인,off-line(영),현실공간
8036,오프 더 레코드,off the record(영),"비보도, 비보도 기자회견"
8035,오프,off(영),끄기
8034,오퍼짓 포롬프트,opposite prompt(영),"오른쪽, 무대 오른쪽"
8033,오퍼상,offer(영)商,"판매 알선업자, 판매 확약업자"
8032,오퍼레이터,operator(영),"연산자(演算子), 운영자(運營者)"
8031,오파,offer(영),"제공, 공급, 오퍼"
8030,오티피,"OTP, O.T.P.(One Time Password(영))",일회용 비밀번호
8029,"오티시 시장, OTC 시장",over-the-counter market(영),"장외 시장, OTC 시장"
8028,오토피더,autofeeder(영),자동 투입기
8027,오토클레이브,autoclave(영),멸균기
8026,오토캠핑,auto camping(영),자동차 야영
8025,오토캐드,AutoCAD(영),"자동 설계, 자동 전산 설계"
8024,오토시아나,落-し-穴(일),"깃구멍, 깃눈"
8023,오토시미싱,落-しミシン(일),숨겨박기
8022,오토메이션,automation(영),① 자동 ② 자동화
8021,오토마티슴,automatisme(프),자동 기법
8020,오토 레이스,auto race(영),자동차 경주
8019,오토,auto(영),자동
8018,오탁,汚濁,더러움
8017,오키지쓰케,置-き-仕付-け(일),놓음시침질
8016,오키아이,沖合い(일),장삿배
8015,오쿠,奧,안길이
8014,오코시,"粔興, おこし(일)",밥풀과자
8013,오케도리,權現網,위훑이 그물
8012,오케,桶,"통, 나무통"
8011,오카타테,おかたて(일),배담이
8010,오촬,誤撮,잘못 찍음
8009,오찬,午餐,"점심, 점심 모임"
8008,오착 우편물,誤着郵便物,잘못 온 우편물
8007,오차,"お-茶(일), 茶",차
8006,오지,奧地,"두메, 두메산골"
8005,오자미,,놀이주머니
8004,오일,oil(영),"기름, 석유"
8003,오인하다,誤認--,잘못 알다
8002,오이코미,追込-み(일),줄잇기
8001,오이엠,OEM(original equipment manufacturing(영)),"주문자 상표 부착, 주문자 상표 부착 생산"
8000,오이루,oil(영),"기름, 오일"
7999,오욕한,汚辱-,더럽히고 욕되게 한
7998,"오엠아르 카드, 오엠알 카드",OMR card(영),광학 표시 판독 카드
7997,"오엠아르, 오엠알",OMR(영),광학 표시 판독기
7996,오에이 기기,O.A.(영) 機器,사무자동화 기기
7995,오에스티,O.S.T. (original sound track(영)),"삽입 음반, 삽입 음악"
7994,오어,or(영),또는
7993,오야지,"親爺, おやじ(일)","우두머리, 공두(工頭), 책임자"
7992,오야조차,,본부구내원
7991,오야분(오야붕),親分,"우두머리, 책임자, 두목"
7990,오야가타,親方,우두머리
7989,오야 밸브,おや(일) valve(영),"어미 마개, 중심 밸브"
7988,오야,"爺, おや(일)","① 우두머리, 두목 ② 계주"
7987,오액,汚液,더러운 액체
7986,오씨알 카드,OCR card(영),광학 문자 판독 카드
7985,오씨알,OCR(영),광학 문자 판독기
7984,오실레이션,Oscillation(영),진동(振動)
7983,오신하고,誤信--,잘못 믿고
7982,오시핀,押-pin(영),"압정, 누름핀"
7981,오시키,定置網,붙박이 그물
7980,오시코미,押し(일)込み(일),누르기
7979,오시이레,"押-し入れ(일), 押入",반침(半寢)
7978,오시다시쓰미,押-し-齣-し-積-み(일),내쌓기
7977,오시,押,밀어치기
7976,오승,誤乘,잘못타기
7975,오스트레일리안 포메이션,Australian formation(영),호주식 대형
7974,오수,汚水,"구정물, 더러운 물"
7973,오수,午睡,낮잠
7972,오쇄,誤刷,잘못 인쇄
7971,오송,誤送,잘못 보냄
7970,오손립,汚損粒,더러워진 알
7969,오손,汚損,"더럽힘, 망가짐"
7968,오소라,,대창(大蒼)벼
7967,오션 뷰,ocean view(영),바다 전망
7966,오서라이즈드 엄파이어,authorized umpire(영),"심판원, 공인심판원"
7965,오삽,大-,큰삽
7964,오사에보,押-え-棒(일),노루발대
7963,오사에공구리,押-えコンクリ―ト(일)←concrete(영),누름콘크리트
7962,오사마리,納-まり(일),"아무림, 맞물림, 끝맺음, 결말, 마무리, 마감"
7961,오비킨,帶筋,"띠철근, 대근, 후프(hoop)"
7960,오비키,大引[き](일),멍에
7959,오비우라,帶裏,"허리안, 허리안감"
7958,오비노코,帶鋸,띠톱
7957,오비02,OB(영),경기 금지구역
7956,오블리거터리 신,obligatory scene(영),필수 장면
7955,오브젝트,object(영),"목적, 객체"
7954,오브스트럭션,obstruction(영),진로 방해
7953,오본,御盆,쟁반
7952,오벌,誤伐,잘못베기
7951,오버홀,overhaul(영),재생 수리
7950,오버헤드패스,overhead pass(영),머리 위에서 주기
7949,오버헤드킥,overhead kick(영),뒤넘겨차기
7948,오버헤드 스트로크,overhead stroke(영),"머리 위 치기, 머리 위에서 치기"
7947,오버행,overhang(영),물량 부담
7946,오버페이스하다,over pace(영)--,무리하다
7945,오버웨이트,overweight(영),과다 보유
7944,오버록,over lock(영),"휘갑, 휘갑치기"
7943,오버로크스티치,oversteam stitch(영),푸서 박음
7942,오버로드,overload(영),과부하
7941,오버랩핑,overlapping(영),겹치기
7940,오버랩,overlap(영),겹침
7939,오버래핑하다,overlaping(영),겹치다
7938,오버래핑 그립,overlapping grip(영),"겹쳐쥐기, 겹쳐쥐기법"
7937,오버라이트,overwrite(영),겹쳐쓰기
7936,오버 헤드 패스,over head pass(영),머리 위 주기
7935,오버 핸드 패스,over hand pass(영),"공보내기, 머리 위에서 공보내기"
7934,오버 핸드 스로,over hand throw(영),내리 던지기
7933,오버 핸드 서브,over hand serve(영),정면 메김
7932,오버 핸드,over hand(영),손목 위 반칙
7931,오버 펜스,over fence(영),"담 넘김, 담장 넘김"
7930,오버 페인팅,over painting(영),덧칠
7929,오버 패스,over pass(영),넘겨 주기
7928,오버 파,over par(영),"기준타 이상, 이상타"
7927,오버 타임,over time(영),"공격 시간초과, 시간 초과"
7926,오버 클러빙,over clubbing(영),긴채 잡기
7925,오버 웨이스트,over waist(영),허리 위 반칙
7924,오버 앤드 언더 배럴,over and under barrel(영),쌍대
7923,오버 암 슛,over arm shoot(영),어깨 위로 쏘기
7922,오버 스핀,over spin(영),순회전
7921,"오버 스텝, 오브 스텝파울",over stepfoul(영),걷기 반칙
7920,오버 스윙,over swing(영),너무 휘두르기
7919,오버 슛,over shoot(영),위로쏘기
7918,"오버 센스, 오버센스",over sense(영),지나친 생각
7917,오버 러닝,over running(영),넘어 달림
7916,오버 라인,over line(영),"줄 반칙, 선 반칙"
7915,오버 드리블,over dribble(영),몰기 위반
7914,오버 더 네트,over the net(영),그물넘기 반칙
7913,오버 네트,over net(영),"그물넘기, 그물넘기반칙"
7912,오버,over(영),과장
7911,오배달,誤配達,잘못 배달
7910,오방떡,大判,왕풀빵
7909,오바코,大箱,큰 상자
7908,오바리,大梁,큰보
7907,오바01,大羽,큰 멸치
7906,오물륜,汚物輪,오물 고리
7905,오물 투기,汚物投棄,쓰레기 버리기
7904,오물,汚物,"더러운 물건, 쓰레기"
7903,오모카지,"面舵, おもかじ(일)","우회전, 오른돌이"
7902,오마와시,大廻,크게돌리기
7901,오리지널약,original(영)藥,원본약
7900,오리지널 데이터,original data(영),근원 자료
7899,오리자쿠,折-り-尺(일),"접자, 접이자"
7898,오리엔트 엽라인,orient leaf process line(영),오리엔트잎 공정
7897,오리엔테이션,orientation(영),"예비 교육, 안내, 안내 교육"
7896,오리벤토,折弁當,나무도시락
7895,오리마게뎃킨,折曲-げ-鐵筋(일),"절곡 철근, 굽힘 철근"
7894,오르피슴,Orphisme(프),오르페우스 입체파
7893,오르간,organ(영),풍금
7892,오류발신증,誤謬發信證,사고발신증
7891,오류 정정,誤謬訂正,"고침, 틀린 것 고침"
7890,오류,誤謬,잘못
7889,오렌지색,orange(영)色,주홍색
7888,오디토리엄,auditorium(영),관객석
7887,오디오 가이드,audio guide(영),"음성 안내, 음성 안내기"
7886,오디오,audio(영),"들림, 들림띠, 가청, 가청음역"
7885,오디언스 리스폰스,audience response(영),관객 반응
7884,오디언스,audience(영),"시청자, 청취자, 청중"
7883,오디션,audition(영),"심사, 검사, 실연 검사, 실연 심사, 선발 심사"
7882,오독,誤讀,잘못 읽기
7881,오도하다,誤導--,잘못 이끌다
7880,오도리바,踴-り-場(일),"층계참, 계단참"
7879,오도리,踊,산새우
7878,오뎅,おでん(일),"꼬치, 꼬치 안주"
7877,오더,order(영),"차례, 주문, 지시, 청구"
7876,오다마,大玉,"큰 알, 큰 치"
7875,오니,鬼,술래
7874,오니,汚泥,더러운 흙
7873,오너먼트스티치,ornament stitch(영),장식박기
7872,오너 드라이브,owner drive(영),손수 운전
7871,오너 드라이버,owner driver(영),손수 운전자
7870,오너,honour(영),"선타권, 선타자"
7869,오나,owner(영),소유주
7868,오기 정정,誤記訂正,바르게 고침
7867,오기,誤記,"잘못 적음, 잘못 씀"
7866,오구분,誤區分,잘못 나눔
7865,오구미,大組,판짜기
7864,오구,烏口,먹줄펜
7863,오결부,誤結付,잘못 끼움
7862,오가네,大矩,큰직각자
7861,오(오오르),oar(영),노
7860,옐로카드,yellow card(영),경고 쪽지
7859,예하 기관,隸下機關,소속 기관
7858,예폭,刈幅,벨 너비
7857,예티족,Yettie(영)족,자기가치개발족
7856,예치금,豫置金,"맡은 돈, 맡긴 돈"
7855,예치 한도,豫置限度,예금 한도
7854,예치,豫置,"맡김, 예금"
7853,예취,刈取,베기
7852,예초,刈草,풀베기
7851,예찰,豫察,미리살피기
7850,예정 폐질률,豫定 廢疾率,예정 1급 장해율
7849,예인하다,曳引--,끌다
7848,예의주시,銳意注視,잘 살핌
7847,예의검토,銳意檢討,"세밀히 검토, 자세히 검토, 세밀한 검토, 자세한 검토"
7846,예에 의한다,例-,보기에 따른다
7845,예승조,曳繩釣,끌낚시
7844,예속되다,隸屬--,"매이다, 딸리다"
7843,예선,曳船,끌배
7842,예산지변과목,豫算支辨科目,예산 과목
7841,예삭,曳索,끌바
7840,예비쇄,豫備鎖,보조 고리
7839,예비간벌,豫備間伐,미리솎아베기
7838,"예비 오, 단조식 오, 키잡이 오",←oar(영),"예비 노, 단조식 노, 키잡이 노"
7837,예불기,刈拂機,풀깎개
7836,예망,曳網,"끌줄, 끌그물"
7835,예도,刈倒,"베어 넘김, 베기"
7834,예년값,例年-,평년값
7833,예냉,豫冷,예비 냉장
7832,예납하다,豫納--,"미리 내다, 미리 납부하다"
7831,예기치 못하다,豫期-,예상하지 못하다
7830,예기 손상,銳器 損傷,예기 상처
7829,예건,豫乾,예비 건조
7828,영화,迎火,맞불
7827,영치하다,領置--,잡아 두다
7826,영치품,領置品,"맡은 물건, 맡긴 물건"
7825,영치물,領置物,"맡은 물건, 맡긴 물건"
7824,영치금,領置金,"맡은 돈, 맡긴 돈"
7823,영차,盈車,실은 차
7822,영장,令狀,명령서
7821,영입,迎入,맞아들임
7820,영일,寧日,"편한 날, 편할 날"
7819,영어,囹圄,감옥
7818,영양화,營養化,무기화(無機化)
7817,영양생장,營養生長,몸 자람
7816,영아살,兒殺,영아 살해
7815,영아,嬰兒,"젖먹이, 갓난아기"
7814,영송,迎送,맞고배웅하기
7813,영소,營巢,집짓기
7812,영세민,零細民,저소득 주민
7811,영선,營繕,수리
7810,영모화,翎毛畵,"날짐승 그림, 영모화"
7809,영림계획,營林計劃,"산림 계획, 산림 경영 계획"
7808,영림,營林,산림 경영
7807,영락,瓔珞,"목걸이, 영락(spangle)"
7806,영득,令得,제 것 삼음
7805,영달,榮達,출세
7804,영달,令達,내려 보냄
7803,영건,young gun(영),기대주
7802,엽폭,葉幅,잎너비
7801,엽채류,葉菜類,잎채소류
7800,엽질,葉質,잎바탕
7799,엽진병,葉振病,잎떨림병
7798,엽전,葉展,잎펴기
7797,엽적상,葉積箱,"잎 담는 통, 잎쌓기 통"
7796,엽저,葉底,잎밑
7795,엽장,獵場,사냥터
7794,엽연,葉緣,"잎가, 잎 가장자리"
7793,엽아삽,葉芽揷,잎눈 꺾꽂이
7792,엽아,葉芽,잎눈
7791,엽신,葉身,잎몸
7790,엽속삽,葉束揷,잎다발꽂이
7789,엽선,葉先,잎끝
7788,엽서,葉序,잎차례
7787,엽삽,葉揷,잎꽂이
7786,엽분,葉分,잎 구분
7785,엽병,葉-,"잎자루, 잎꼭지"
7784,엽병,葉柄,잎자루
7783,엽면시비,葉面施肥,잎에거름주기
7782,엽맥편,葉脈片,잎줄기 조각
7781,엽기적,獵奇的,괴기적
7780,엽기,獵期,사냥철
7779,엽권,葉卷,잎말림
7778,엽구,獵區,사냥 구역
7777,엽구,獵具,사냥 도구
7776,엽,葉,잎
7775,염회,捻回,"꼬임, 비틀림"
7774,염장미역,鹽藏-,간미역
7773,염장무무침,鹽藏-,짠지 무침
7772,염장,鹽藏,"소금저장, 소금절임"
7771,염원,念願,"바람, 소원"
7770,염수,鹽水,소금물
7769,염서,炎署,블볕 더위
7768,염료,染料,물감
7767,염가,廉價,"싼값, 헐값"
7766,열흔,裂痕,갈라진 자국
7765,열창,裂創,찢긴 상처
7764,"열전자, 핫일렉트론","熱電子, hot electron(영)",고온전자(高溫電子)
7763,열원,列員,줄선 사람
7762,열식간벌,列式間伐,줄솎아베기
7761,열손립,熱損粒,뜬알
7760,열소자,熱消磁,열 자성 제거(熱磁性除去)
7759,열석하다,列席--,① 줄지어 앉다 ② 참석하다
7758,열석자,列席者,참석자
7757,열람하다,閱覽--,훑어보다
7756,열람에 공하다,閱覽-,"보도록 하다, 보이도록 하다"
7755,열독하다,閱讀--,훑어읽다
7754,열대강우림,熱帶降雨林,열대 우림
7753,열대 과수,熱帶果樹,열대 과일 나무
7752,열기,列記,"나열, 나열 기록"
7751,열과,裂果,"열매 터짐, 터진 열매"
7750,연후에,然後-,"한 뒤에, 그런 뒤에"
7749,연화병,軟化病,무름병
7748,연화,軟化,"연화, 액화, 융해"
7747,연호,連呼,"연이어 외침, 구호를 연이어 외침"
7746,연해류,沿海流,연안류
7745,연하 장애,嚥下障碍,삼키지 못함
7744,연패하다,連覇--,내리 이기다
7743,연출하다,連出--,"데리고 감, 데리고 옴"
7742,연축토류공,練築土留工,찰쌓기흙막이
7741,연축보상공,練築保床工,찰쌓기바닥막이
7740,연축보곡공,練築保谷工,찰쌓기골막이
7739,연축매설공,練築埋設工,찰쌓기땅속흙막이
7738,연축댐,練築-dam(영),찰쌓기댐
7737,연축근고공,練築根固工,찰쌓기밑막이
7736,연축,練築,찰쌓기
7735,연초 종자,煙草種子,담배 씨
7734,연초,煙草,담배
7733,연체 이자,延滯利子,기한 넘긴 이자
7732,연철하다,連綴--,"① 잇달아 꿰매다, 잇달아 함께 꿰매다 ② 이어쓰다"
7731,연찬하다,硏鑽--,깊이 연구하다
7730,연착,延着,늦도착
7729,연질버섯,軟質**,연한 버섯
7728,연직유속곡선,鉛直流速曲線,수직 유속 곡선
7727,연직사진,鉛直寫眞,수직 사진
7726,연지급수입,延支給,외상 수입
7725,연지,硯池,벼루못
7724,연조직 출혈,軟組織 出血,물렁조직 출혈
7723,연접속,撚接續,꼬임 연결(--連結)
7722,연접된,連接-,"이어진, 연이어진, 접한, 서로 맞닿은"
7721,연장수로,練張水路,"찰붙임수로, 찰붙임도랑"
7720,연장석,練張石,찰붙임돌
7719,연장공,筵張工,거적덮기
7718,연장,練張,찰붙임
7717,연장,延長,"길이, 총 길이, 전체 길이"
7716,연작,連作,이어짓기
7715,연일,連日,날마다
7714,연인원,延人員,총인원
7713,연이면,然--,"그러면, 그러하면"
7712,연이나,然--,그러나
7711,연월수,延月數,총월수
7710,연와,煉瓦,벽돌
7709,연연하다,戀戀--,미련을 두다
7708,연승,延繩,주낙
7707,연수,軟水,단물
7706,연쇄,連鎖,"① 사슬, 쇠사슬 ② 잇단"
7705,연소조건,燃燒條件,불에 타는 조건
7704,연소재,燃燒滓,재
7703,연소,延燒,번지어 탐
7702,연석,緣石,갓돌
7701,연서,連署,이름 이어 씀
7700,연생 보험,連生 保險,다수 생명 보험
7699,연사,燃絲,꼬인실
7698,연불수출,延拂,외상 수출
7697,연부,緣部,가장자리
7696,연변,硯邊,벼루전
7695,연반,硯盤,벼루바닥
7694,연목,軟木,서까래
7693,연명,連名,공동 이름
7692,연면적,延面積,총면적
7691,연륜폭,年輪幅,나이테 너비
7690,연륜,年輪,나이테
7689,연루,連累,관련
7688,연력,燃力,타는힘
7687,연돌,煙突,불길
7686,연도,沿道,"길가, 길옆"
7685,연대 채무,連帶債務,함께 갚을 채무
7684,연당,蓮塘,연못
7683,연단,緣端,"가장자리, 끝"
7682,연기,連記,"잇달아 적음, 잇달아 씀"
7681,연근,蓮根,연뿌리
7680,연구기,燕口期,잎펼 때
7679,연구,燕口,"연귀, 연귀 맞춤"
7678,연골,軟骨,물렁뼈
7677,연곡,撚曲,실 꼬임
7676,연결기,連結器,접속기(接續器)
7675,연건,聯乾,"줄말리기, 이어말리기"
7674,연거리,延距離,총거리
7673,연가,撚架,"위치 바꿈(位置--), 교차(交叉)"
7672,연02,筵,거적
7671,연01,淵,"못, 연못"
7670,역환,逆換,은행 자금
7669,역화,逆火,맞불
7668,역행침식,逆行浸蝕,후퇴 침식
7667,역행 운전,力行運轉,동력 운전
7666,역행,力行,동력 운전
7665,역지,力枝,"으뜸 가지, 우죽"
7664,역종천,逆從川,역향 하천
7663,역전기,逆轉機,전후진제어기
7662,역전 통보,驛傳通報,역 사이 전달
7661,역임,歷任,"거침, 지냄"
7660,역원무배치역,驛員無配置驛,역원 없는 역
7659,역영,力泳,힘껏 헤엄침
7658,역연하다,歷然--,뚜렷하다
7657,역석,逆石,뒤집힌돌
7656,역사하다,轢死--,"치여 죽다, 차에 치여 죽다"
7655,역무수,驛務手,"역무원, 철도 역무원"
7654,역독버니어,逆讀-vernier(영),역버니어
7653,역과하다,轢過--,치고 가다
7652,역과 손상,轢過 損傷,차에 깔림 손상
7651,역과,轢過,차에 깔림
7650,여히,如-,같이
7649,여행하다,勵行--,"힘쓰다, 힘쓰게 하다"
7648,여하간,如何間,어쨌든
7647,여파,餘波,남은 영향
7646,"여타, 여타의",餘他,"그 나머지의, 그 밖의, 다른"
7645,여척,餘尺,덤자
7644,여죄,餘罪,그 밖의 죄
7643,여조,旅鳥,나그네새
7642,여입하다,戾入--,도로 넣다
7641,여입금,戾入金,회수금
7640,여입 결의,戾入決議,회수 결정
7639,여액,濾液,거른 물
7638,여수토,餘水吐,무넘이
7637,여수로,餘水路,무넘이
7636,여수,餘水,나머지 물
7635,여성토,餘成土,더돋기 흙
7634,여생,餘生,남은 생애
7633,여사하다,如斯--,이와 같다
7632,여사여사하다,如斯如斯--,이러이러하다
7631,여비,旅費,노자
7630,여부,與否,그런지 아닌지
7629,여명,黎明,새벽
7628,여러꼭지거울,多擊面,"꼭지거울, 두꼭지거울(mirror with two knobs)"
7627,여두,濾斗,깔때기
7626,여굴,餘掘,더파기
7625,여구 검사,旅具檢査,짐 검사
7624,여과하다,濾過--,"거르다, 걸러 내다"
7623,여과지,濾過紙,거름종이
7622,여과대,濾過臺,거름틀
7621,"엥게지, 엥게지반지",斑指,"약혼, 약혼반지"
7620,"엥게지, 엥게지링",engagement ring(영),반달 반지
7619,엠퍼시스,emphasis(영),강조
7618,엠퍼시,empathy(영),"동화, 동화감"
7617,엠티비,MTB←mountain bicycle(영),산악 자전거
7616,엠티,MT(영),수련 모임
7615,엠커머스,M(←mobile) commerce(영),이동 통신 상거래
7614,엠앤드에이(M&A),"M&A(merge and acquisition, merges and acquisitions(영))","인수 합병, 기업 인수 합병"
7613,엘이디 프린터,LED printer(영),발광 다이오드 인쇄기
7612,엘이디,LED(영),발광 다이오드
7611,엘씨디,LCD(영),"액정 표시, 액정 표시기"
7610,엘시(L/C),letter of credit(영),신용장(L/C)
7609,엘보,elbow(영),"기역자 대롱, 기역자 파이프"
7608,엘리트,elite(영),① 우수 ② 정예
7607,엘리베이터 오퍼레이터,elevator operator(영),"승강기 안내, 승강기 안내원"
7606,엘리베이터 스테이지,elevator stage(영),승강 무대
7605,엘리베이터,elevator(영),승강기
7604,엘리멘터리 스쿨 피겨,elementary school figure(영),기본 종목
7603,"엔트리, 엔트리넘버",entrynumber(영),선발 선수
7602,엔트리,entry(영),"① 참가자 명단 ② 선수 명단, 출전 선수 명단"
7601,엔토쓰,煙突,"굴뚝, 연돌"
7600,엔터테인먼트,entertainment(영),① 연예 ② 오락
7599,엔코,えんこ(일),"떨어짐, 바닥, 바닥남"
7598,엔진,engine(영),기관
7597,엔지족,NG(No Graduation(영))족,늑장졸업족
7596,엔지니어링,engineering(영),공학
7595,엔지니어,engineer(영),"기사, 기술자"
7594,엔지,No Good(영),"① 잘못 촬영됨, 잘못 찍음 ② 다시"
7593,엔조이하다,enjoy(영)--,즐기다
7592,엔실리지,ensilage(영),담근 먹이
7591,엔드라인,end line(영),끝줄
7590,엔드 라인,end line(영),"끝 줄, 뒷 줄"
7589,엔드,end(영),진영
7588,엔고,円高,"엔화 상승, 엔화 강세"
7587,엑스포,expo(영),박람회
7586,엑스퍼지션,exposition(영),도입부
7585,엑스트라 홀,extra hole(영),연장전 홀
7584,엑스테리어,exterior(영),옥외 조경
7583,엑스사이튜,ex situ(영),"현지 밖, 현지 외"
7582,엑소더스,exodus(영),① 탈출 ② 대이동
7581,엑사이트 게임,excite game(영),열전
7580,엑기스,"エキス(일), 越幾斯","진액, 농축액"
7579,에필로그,epilogue(영),"끝말, 후기"
7578,에픽 시어터,epic theatre(영),서사 연극
7577,에프티에이(FTA),FTA(free trade agreement(영)),자유 무역 협정
7576,에프와이,F.Y.(영),회계연도
7575,"에프아르엔, 에프알엔, FRN",FRN: floating rate note(영),변동 금리 채권(FRN)
7574,에프롱,apron(영),"①앞치마 ②뜰, 부두뜰"
7573,에티켓,étiquette (프),"① 예절, 예의 ② 품위"
7572,에콜드파리,école de Paris(프),파리파
7571,에콜,école(프),"파, 유파"
7570,에코백,eco-bag(영),친환경 가방
7569,에코맘,EcoMom(영),"친환경주부, 환경 친화 주부"
7568,"에코드라이브, 에코드라이빙","eco-drive, eco-driving(영)",친환경운전
7567,에코,echo(영),"메아리, 반향"
7566,에코,eco,친환경 / 환경친화
7565,에칭,Etching(영),"식각(蝕刻), 식각법"
7564,에징,edging(영),모서리 세우기
7563,에지피니시,edge finish(영),갓박기
7562,에지 사펀,edge sharpen(영),날 갈개
7561,에일리어네이션 이펙트,alienation effect(영),이화(異化) 효과
7560,에이프런02,apron(영),그린 둘레
7559,"에이티브이, ATV",ATV(All Terrain Vehicle(영)),사륜 오토바이
7558,에이트,eight(영),"8자형, 8자형 그리기"
7557,"에이치엠아르, 에이치엠알",HMR(Home Meal Replacement(영)),가정 간편식
7556,"에이치디티브이, HDTV",high definition television(영),고화질 텔레비전
7555,에이징,aging(영),"경년 변화(經年變化), 경시 변화(經時變化)"
7554,에이지 콘테스트,age contest(영),나이별 경기
7553,에이전트,agent(영),"① 대리점, 대리상 ② 대리인, 대행인"
7552,에이전시,agency(영),대행사
7551,에이저,ager(영),세대
7550,에이에스,AS(영),"뒷관리, 뒷봉사, 뒷손질, 뒷수리, 사후 관리, 사후 봉사"
7549,"에이아이, AI",artificial intelligence(영),인공 지능
7548,"에이아르에스, 에이알에스",ARS(←automatic response system(영)),자동 응답 시스템
7547,에이씨,AC(영),교류
7546,에이스,ace(영),메김 득점
7545,에이비에스(ABS)02,ABS(Anti-lock Brake System(영)),바퀴잠금방지 제동장치
7544,에이비에스(ABS)01,ABS(asset backed securities(영)),"자산 담보 증권, 자산 담보부 증권"
7543,에이밍,aiming(영),"조준, 정조준"
7542,에이급,A級,"1급, 1등급"
7541,에이급,A級,상급
7540,에이(A) 보드,A board(영),A자형 광고판
7539,에이(A) 매치,A match(영),국가 간 경주
7538,"에어컨, 에어컨디셔너",air conditioner(영),"냉난방기, 공기 조절기"
7537,에어캡,air cap(영),뽁뽁이
7536,에어리얼 스키,aerial ski(영),공중 돌기 경기
7535,에어리어,area(영),지역
7534,에어라인 디스턴스,airline distance(영),수평 거리
7533,에어라이터,air lighter(영),풍선등
7532,에어 호스,air hose(영),공기 호스
7531,에어 펌프,air pump(영),공기 펌프
7530,에어 와셔,air washer(영),공기 세척기
7529,에스프리,esprit(프),"마음, 슬기"
7528,에스티메이션,Estimation(영),추정(推定)
7527,에스테틱 디스턴스,esthetic distance(영),미적(美的) 거리
7526,에스키스,esquisse(프),① 모양잡이 ② 초벌그림
7525,에스크로제,Escrow(영),결제 대금 예치제
7524,에스코트,escort(영),호위
7523,에스오피,SOP(영),운영 예규
7522,에스오시(SOC) 사업,Social overhead capital(영),사회 기반 시설 사업
7521,에세이,essay(영),"수필, 논문"
7520,에비 후라이,蝦フライ(일)←-fry(영),새우 튀김
7519,에보슈,ebauche(프),대충그림
7518,에벌루션,Evolution(영),진화(進化)
7517,에뮬레이트,emulate(영),"대리 실행하다, 대행하다"
7516,에뮬레이터,emulator(영),"대리 실행기, 대행기"
7515,에뮬레이션,emulation(영),"대리 실행, 대행"
7514,에리후세,襟伏-せ(일),깃눌러박기
7513,에리지누이,襟地縫-い(일),깃판박기
7512,에리도마리,襟止-り(일),깃끝
7511,에로틱하다,erotic(영)--,선정적이다
7510,에로,erotic(영),"선정, 선정적"
7509,에러,error(영),"① 실수, 실책, 잘못, ② 오류"
7508,에디트,edit(영),편집
7507,에디터,editor(영),"편집기, 편집자"
7506,에듀테인먼트,edutainment(영),"놀이식 교육, 놀이학습"
7505,에듀케이셔널 시어터,educational theatre(영),교육 연극
7504,에노드,Anode(영),양극(陽極)
7503,"에노구, 에노쿠",繪具,그림물감
7502,에너지회복시간,energy(영) 回復時間,"보충시간(補充時間), (에너지)복원시간(---復元時間)"
7501,에너지 축적 시간,energy(영) 蓄積時間,공급시간(供給時間)
7500,에그지트,exit(영),나가기
7499,에그샌드위치,egg sandwich(영),계란 샌드위치
7498,업힐 라이,uphill lie(영),오르막 상태
7497,업황,業況,"업무 현황, 업계 현황"
7496,업저버빌리티,observability(영),가관측성(可觀側性)
7495,업스트럭션,obstruction(영),"진로 방해, 인공 장애물"
7494,업사이클링,up-cycling(영),새활용
7493,업사이클,upcycle(영),새활용
7492,업로딩,uploading(영),올려주기
7491,업로드,upload(영),올려주기
7490,업라이트 스윙,upright swing(영),수직 휘두르기
7489,업라이트 라이,upright lie(영),"수직성 각도, 수직성채 각도"
7488,업데이트,update(영),갱신
7487,업그레이드,upgrade(영),"① 상향, 상향 조정 ② 향상"
7486,업 힐 스키,up hill ski(영),산 쪽 스키
7485,업 힐,up hill(영),산 쪽
7484,업 센터,up center(영),"중앙 뒤, 무대 중앙 뒤"
7483,업 레프트,up left(영),"왼쪽 뒤, 무대 왼쪽 뒤"
7482,업 라이트,up right(영),"오른쪽 뒤, 무대 오른쪽 뒤"
7481,업 다운,up down(영),위아래 움직이기
7480,업,up(영),승
7479,엄폐하다,掩蔽--,"덮다, 숨기다, 가리다"
7478,엄파이어,umpire(영),심판
7477,엄책,嚴責,엄하게 꾸짖음
7476,엄중문책하다,嚴重問責--,"책임을 묻다, 엄중히 책임을 묻다"
7475,엄정,嚴正,엄격하고 바름
7474,엄수할 것,嚴守-,꼭 지켜 주시기 바랍니다
7473,엄수하다,嚴守--,"꼭 지키다, 반드시 지키다"
7472,엄선,嚴選,가려 뽑음
7471,엄벌에 처하다,嚴罰-,"벌하다, 엄하게 다스리다"
7470,엄동,嚴冬,한겨울
7469,엄금,嚴禁,하지 말 것
7468,얽기흙매기,,바자흙막이
7467,얽기기슭매기,,바자기슭막이
7466,얼리 어답터족,early adopter(영)族,신제품광
7465,얼라인먼트,alignment(영),정렬
7464,언필칭,言必稱,말할 때마다
7463,언플레이어블,unplayable(영),경기 불능
7462,언터처블,untouchable(영),타격 불가능
7461,언콕,uncock(영),손목 풀기
7460,언지법,偃枝法,휘묻이
7459,언제공,堰堤工,댐쌓기
7458,언제,堰堤,댐
7457,언어도단,言語道斷,말이 안됨
7456,언심퍼세틱 캐릭터,unsympathetic character(영),비동정적 인물
7455,언론 플레이,言論 play(영),여론몰이
7454,언로더,unloader(영),짐부림틀
7453,언듈레이션,undulation(영),기복(起伏)
7452,언도,言渡,선고
7451,언더핸드 스트로크,underhand stroke(영),올려치기
7450,언더패스,underpass(영),아래차로
7449,언더커팅,undercutting(영),① 홈파기 ② 내려깎기 ③ 끊어쳐 날리기
7448,언더스터디,understudy(영),대기 배우
7447,언더라인,underline(영),밑줄
7446,"언더독, 언더독 효과",underdog(영)效果,"약자, 약자 효과"
7445,언더글레이즈,underglaze(영),밑그림
7444,언더그라운드,underground(영),"장외, 지하"
7443,언더 핸디캡,under handicap(영),기준타 적용 경기
7442,언더 핸드 패스,under hand pass(영),팔뚝 연결
7441,언더 핸드 슛,under hand shoot(영),올려넣기
7440,언더 패스,under pass(영),아래로 주기
7439,언더 파,under par(영),"기준타 이하, 이하타"
7438,언더 클러빙,under clubbing(영),짧은채 잡기
7437,언더 커팅,under cutting(영),"끊어날리기, 끊어쳐날리기"
7436,언더 스핀,under spin(영),"밑깎기, 역회전"
7435,언더 스로,under throw(영),아래로 던지기
7434,언,堰,"봇둑, 웨어"
7433,억류,抑留,"잡아둠, 가둠"
7432,어획고,漁獲高,어획량
7431,어획,漁獲,고기잡이
7430,어프로치 플레이,approach play(영),"붙이기, 붙이기법"
7429,어프로치 퍼트,approach putt(영),붙이기 퍼트
7428,어프로치 샷,approach shot(영),"전진 타구, 붙이기"
7427,어폐,語弊,잘못
7426,어펜시브파울,offensivefoul(영),공격 반칙
7425,어펜스,offense(영),공격
7424,어퍼넌트,opponent(영),"상대, 상대자"
7423,"어퍼 컷, 어퍼컷",upper cut(영),올려 치기
7422,어테스트,attest(영),"타수 확인, 최종 타수 확인"
7421,어택 존,attack zone(영),공격 지역
7420,어택 라인,attack line(영),"공격선, 공격제한선"
7419,어택,attack(영),"적극 방어, 공격"
7418,어유,魚油,물고기 기름
7417,"어시스턴트, 어시스턴트 레퍼리",assistantreferee(영),부심
7416,어시스턴트 스타터,assistant starter(영),"보조 임원, 출발보조 임원"
7415,어시스턴트 디렉터,assistant director(영),조연출
7414,어셈블리,assembly(영),"뭉치, 조립체(組立體)"
7413,어센딩 블로,ascending blow(영),올려치기
7412,어사이드,aside(영),방백(傍白)
7411,어사,語辭,말씨
7410,어비,魚肥,생선 거름
7409,어뷰징,abusing(영),조회 수 조작
7408,어분,魚粉,"생선 가루, 물고기 가루"
7407,어메니티,amenity(영),편의 물품
7406,어망목,漁網目,"그물코, 그물눈"
7405,어로,漁撈,고기잡이
7404,어란,魚卵,생선알
7403,어드벤처 게임,adventure game(영),모험 놀이
7402,어드벤처,adventure(영),모험
7401,어드밴티지 룰,advantage rule(영),공격수 편익 규정
7400,어드밴티지,advantage(영),선취점
7399,어드바이스,advice(영),"도움말, 조언, 충고"
7398,어드레스,address(영),"준비, 준비 자세"
7397,어독성,漁毒性,어류독성
7396,어도,魚道,물고기 길
7395,어댑터,"adapter(영), adaptor(영)",접합기
7394,어닝스 서프라이즈,earnings surprise(영),실적 급등
7393,어닝 시즌,earnings season(영),실적 발표 기간
7392,어군,魚群,고기 떼
7391,어구,漁具,고기잡이 연모
7390,어게인스트 윈드,against wind(영),앞바람
7389,양화,洋畵,서양화
7388,양형,量刑,형량 결정
7387,양해하기 바랍니다,,그리 아시기 바랍니다
7386,양하,揚荷,짐나르기
7385,양편,兩便,두 편
7384,양토,楊土,참흙
7383,양태,樣態,"모습, 상태, 양상"
7382,양치 식물,羊齒植物,고사리 식물
7381,양측,兩側,양쪽
7380,양체,兩替,"환전, 돈바꾸기, 외국돈바꾸기"
7379,양찰하다,諒察--,"살피다, 그리 알다"
7378,양질미,良質米,좋은 쌀
7377,양지하다,諒知--,"살피다, 그리 알다, 이해하다"
7376,양지간,兩地間,두 곳 사이
7375,양족,兩足,"두 발, 두 다리"
7374,양정,量定,① 형량 결정 ② 양을 정함
7373,양절,兩切,막궐련
7372,양적하,揚∙積荷,내림∙쌓음
7371,양자,陽子,양성자
7370,양유,羊乳,양젖
7369,양여하다,讓與--,넘겨주다
7368,양안,兩眼,두 눈
7367,양안,兩岸,양쪽 언덕
7366,양수하다,讓受--,넘겨받다
7365,양수언,陽樹堰,"양수 봇둑, 양수 웨어"
7364,양수소,揚水所,양수장
7363,양수도,讓受渡,"양도, 양수"
7362,양수,陽樹,양지나무
7361,양수,揚水,물푸기
7360,양성화,陽性化,합법화
7359,양성공,養成工,수련 사원
7358,양설,兩說,"두 설, 두 가지 설"
7357,양생,養生,굳히기
7356,양복지,洋服地,양복감
7355,양묘,養苗,모기르기
7354,양묘,揚錨,닻 올림
7353,양모,羊毛,양털
7352,양면편침,,고리바늘
7351,양면석기,兩面石器(biface),안팎뗀석기
7350,양맥,洋麥,호밀
7349,양륙하다,揚陸--,"풀다, 뱃짐을 풀다, 부리다, 뱃짐을 부리다"
7348,양란,兩欄,두 칸
7347,양도양수,讓渡讓受,주고받음
7346,양도,讓渡,넘겨주기
7345,양단,兩端,양끝
7344,양계,讓啓,삼가 알림
7343,양건 예금,兩建預金,"구속성 예금, 대출 조건부 예금"
7342,양건,陽乾,"볕말리기, 볕에말리기"
7341,양갱,羊羹,단팥묵
7340,양각,陽刻,돋을새김
7339,얏토코,鋏,"집게, 벼림집게"
7338,얀세버런스,yarn severence(영),"올끊기기, 천올끊기기"
7337,약토,藥土,약흙
7336,약취하다,掠取--,"빼앗다, 앗아 데려가다"
7335,약지,藥指,넷째손가락
7334,약지,弱枝,약한 가지
7333,약제 살포,藥劑撒布,약 뿌림
7332,약정,約定,정함
7331,약욕,藥浴,약물 목욕
7330,약손가락,,넷째손가락
7329,약밥,藥밥,"약밥, 약식"
7328,약기할 것,略記-,줄여 쓸 것
7327,약,葯,꽃밥
7326,야토,野兎,산토끼
7325,야키츠케,やきつけ(일),굽다
7324,야키이모,燒芋,군고구마
7323,야키쓰케,燒付,굽기
7322,야키메시,やきめし(일),볶음밥
7321,야키마시,燒增し(일),더뽑기
7320,야키다치,やく(일),불에 굽다
7319,야키니쿠,燒肉,불고기
7318,야키,燒-き(일),① 구이 ② 담금질
7317,야쿠모노,約物,약물
7316,야초,野帳,"측량 장부, 야장"
7315,야초,野草,들풀
7314,야철지,冶鐵址,야철터(iron fabrication site)
7313,야질,刃-,쐐기질
7312,야지루시,矢印,화살표
7311,야지,"野次, 彌次",야유
7310,야조,野鳥,들새
7309,야장,野帳,관측 기록부
7308,야이타,矢板,"널말뚝, 흙막이널"
7307,야업,野業,"바깥일, 외업"
7306,야식,夜食,밤참
7305,야스리,鑢,줄
7304,야서,野鼠,들쥐
7303,야미,闇,뒷거래
7302,야맹증,夜盲症,"밤소경, 밤소경병"
7301,야마하기,山接-ぎ(일),"세모천, 세모천대기"
7300,야마파렌,山-Parenthese(독),터진세모
7299,야마자리,山砂利,산자갈
7298,야마시,山師,"속임수, 사기"
7297,야마스나,山砂,산모래
7296,야마모리,山盛り(일),고봉
7295,야마도메,山止-め(일),흙막이
7294,야마,山,"① 중간막이 ② 무더기, 산, 두둑 ③ 나사등 ④ 날끈, 톱날끝"
7293,야리쿠리,遺繰,"둘러대기, 꾸며대기"
7292,야리나오시,遣-り-直-し(일),"다시하기,고쳐하기"
7291,야리가타,遣形,규준틀
7290,야디지 포스트,yardage post(영),"홀 소개판, 홀 소개판표지"
7289,야디지 마크,yardage mark(영),"거리 표지, 거리 표지판"
7288,야도,夜盜,도둑
7287,야네부키,屋根葺,지붕이기
7286,야네,屋根,지붕
7285,야나기,柳,"버드나무, 버들"
7284,야기하다,惹起--,일으키다
7283,야구치,矢口,첫머리
7282,야구라,櫓,네모틀
7281,야건초,野乾草,말린 풀
7280,앵포르멜미술,informel(프)美術,네모틀
7279,앵클링,ankling(영),발목 동작
7278,앵커맨,anchor man(영),최종 투구자
7277,앵커,anchor man(영),뉴스진행자
7276,앵속,罌粟,양귀비
7275,앵글 오브 슈팅,angle of shooting(영),사격 각도
7274,앵글 발리,angle volley(영),예각 바로치기
7273,앵글,angle(영),① 시각 ② 촬영 각도
7272,앵귤레이션,angulation(영),구부림 자세
7271,앰프,amplifier(영),확성기
7270,앰뷸런스,ambulance(영),구급차
7269,앰부시 마케팅,ambush marketing(영),간접 판촉
7268,앨범,album(영),"음반, 음악 음반"
7267,앨리,alley(영),옆줄 사이 지역
7266,앤티크풍,antique(영)風,고풍
7265,앤티시페이션,anticipation(영),예측
7264,앤태거니스트,antagonist(영),대립 인물
7263,앤빌,anvil(영),모루
7262,앤드마크,and mark(영),"및표, 앤드표"
7261,앤드,and(영),그리고
7260,액흔,扼痕,손 졸림 자국
7259,액팅 에디션,acting edition(영),상연 극본
7258,액팅 매니저,acting manager(영),단장보
7257,액터 매니저,actor manager(영),배우 단장
7256,액추에이터,Actuator(영),작동기(作動器)
7255,액제,液劑,물약
7254,액적,液滴,액체 방울
7253,액자프레임,額子frame(영),그림틀
7252,액와,腋窩,겨드랑이
7251,액아,液芽,겨드랑이눈
7250,액션페인팅,action painting(영),"행위 그림, 행위 예술"
7249,액션드라마,action drama(영),활극
7248,액션 큐,action cue(영),"동작 큐, 연기 큐"
7247,액션,action(영),"동작, 연기 동작"
7246,액세스,access(영),① 접근 ② 접속
7245,액사,扼死,손 졸림사
7244,액비,液肥,물거름
7243,액,額,금액
7242,애플샌드위치,apple sandwich(영),사과 샌드위치
7241,애플리케이션 프로그램,application program(영),응용 프로그램
7240,애플리케이션,application(영),응용
7239,애프터피스,afterpiece(영),막후 여흥
7238,애프터마켓,after market(영),후속 시장
7237,애프터 서비스,after service(영),"뒤 봉사, 뒤 관리, 뒤 수리, 뒷손질, 사후 관리, 사후 봉사"
7236,애트머스피어,atmosphere(영),분위기
7235,애자,碍子,뚱딴지
7234,애스비스토스 (→ 애스베스터스)커튼,asbestos curtain(영),방화막
7233,애사,哀事,궂은 일
7232,애버리지 골퍼,average golfer(영),보통 골프인
7231,애매모호하다,曖昧模糊--,확실하지 않다
7230,애림,愛林,나무 사랑
7229,애린,愛隣,이웃 사랑
7228,애로,隘路,"어려움, 곤란"
7227,애드벌룬,ad balloon(영),① 광고 풍선 ② 광고 기구
7226,애드리브,ad lib(영),① 즉흥 대사 ② 즉흥 연기 ③ 즉흥 연주
7225,애드 코트,ad court(영),왼쪽 코트
7224,애드,adver-tisement(영),광고
7223,애니메이터,animater(영),만화 영화가
7222,애니메이션,animation(영),만화 영화
7221,애널리시스트,analysist(영),분석가
7220,애널리스트,analyst(영),"분석가, 증시 분석가"
7219,애너다이징,anodizing(영),전해착색법
7218,"앞가리개, 전륜",前輪,앞턱(frontal saddle bow)
7217,앙투카 코트,en-tout-car court(프),벽돌 코트
7216,앙코르송,encore song(영),재청곡
7215,앙코르,encore(프),재청
7214,앙케트,enqu te(프),설문조사
7213,앙축하나이다,仰祝----,축하합니다
7212,앙청하다,仰請--,"청하다, 바랍니다"
7211,앙원하다,仰願--,"원하다, 바랍니다"
7210,앙양하다,昻揚--,높이다
7209,앙망하다,仰望--,바랍니다
7208,앙등하다,昻騰--,"오르다, 뛰어오르다"
7207,앙꼬빵,餡子,팥빵
7206,앙꼬모찌,餡(あん)こもち(일),팥소떡
7205,앙꼬,餡子,팥소
7204,앙고재,仰高栽,결재 바람
7203,앙결재,仰決栽,결재 바람
7202,앙견,仰見,우러러 봄
7201,앗사리,あっさり(일),"깨끗이, 산뜻이, 깔끔히"
7200,압형토기,鴨形土器,"오리토기, 오리모양토기(duck-shaped vessel)"
7199,압편도,壓扁度,눌림새
7198,압출법,押出法,"누름기법, 압출법"
7197,압축하다,壓縮--,① 줄이다 ② 요약하다
7196,압착성 질식사,壓搾性 窒息死,몸 눌림 질식사
7195,압착,押着,① 눌러 붙임 ② 눌러 짜냄
7194,압정,押釘,누름못
7193,압전,壓展,눌러펴기
7192,압인문,押印紋,누름 무늬
7191,압인대,押印臺,도장 찍는 곳
7190,압압,押壓,"누름, 눌림"
7189,압승하다,壓勝--,가볍게 이기다
7188,압슈템멘,Abstemmen(독),"계곡 쪽 넓히기, 계곡 쪽스키 뒤넓히기"
7187,압수,押收,거둬 감
7186,압송,押送,호송
7185,압성토공,押盛土工,누름흙쌓기
7184,압사,壓死,깔려 죽음
7183,압박흔,壓迫痕,눌린 자국
7182,압박성 표피 박탈,壓迫性 表皮 剝脫,눌린 피부 벗겨짐
7181,압맥,壓麥,납작보리
7180,압날하다,押捺--,"찍다, 도장을 찍다"
7179,암적색 유동성,暗赤色 流動性,검붉은색 흐름 성질
7178,암수,暗數,속임수
7177,암설,岩屑,"돌 부스러기, 너덜"
7176,암붕,岩崩,암석 붕괴
7175,암반녹화공,岩盤綠化工,암반 녹화 공법
7174,암반굴착,岩盤掘鑿,암반터파기
7173,암메터,Ammeter(영),전류계(電流計)
7172,암거배수,暗渠排水,속도랑 배수
7171,암거공,暗渠工,속도랑 내기
7170,암 라인,arm line(영),팔 동작선
7169,암,arm(영),"완목, 완금"
7168,알펜 스키,alpen ski(영),산오름 스키
7167,"알파인, 알파인레이스","alpine, alpine races(영)",산악 경기
7166,알파인 콤비네이션,alpine combination(영),산악 복합 경기
7165,알트네터,Alternating Current Generator(영),교류발전기(交流發電機)
7164,알줄,naked wire(영),"민전선, 알전선, 알몸전선"
7163,"알밤, 앨범",album(영),사진첩
7162,알리바이,alibi(영),"부재 증명, 현장 부재 증명"
7161,알레르기,Allergie(독),"과민 반응, 거부 반응"
7160,알레고리,allegory(영),우의(寓意)
7159,안티플레이,anti-play(영),반극(反劇)
7158,안티에이징,anti-aging(영),노화 방지
7157,안테나,antenna(영),안테나
7156,안테나,antena(영),가름대
7155,안침식,岸浸蝕,하안 침식
7154,안출,案出,생각해 냄
7153,안젠리스,あんぜんりつ(일),안전율(安全率)
7152,안젠가쥬우,あんぜんかじゆう(일),안전하중(安全荷重)
7151,안전벨트,belt(영),안전띠
7150,"안장가리개, 안륜","鞍輪, saddle bow",안장뒤턱
7149,안인,贋印,위조한 도장
7148,안슈템멘,Anstemmen(독),"산 쪽 넓히기, 산 쪽 스키 뒤 넓히기"
7147,안상 전자,鞍狀 栓子,안장 색전
7146,"안상 색전, 안상 색전증",鞍狀 塞栓症,"안장 색전, 안장 색전증"
7145,안분하다,按分--,적절히 나누다
7144,안벽,岸壁,부두벽
7143,안배,按排,알맞게 배치함
7142,안면부,顔面部,얼굴 부위
7141,안면,顔面,얼굴
7140,안료,顔料,물감
7139,안내 데스크,案內 desk(영),"안내대, 접수대"
7138,안검,眼瞼,눈꺼풀
7137,악센트,accent(영),강세
7136,악세사리,accessory(영),"장식물, 노리개, 치렛감, 엑세서리"
7135,악성루머,惡性rumour(영),"나쁜 소문, 질나쁜 소문, 나쁜 뜬소문, 질나쁜 뜬소문"
7134,악사,樂士,연주자
7133,아푸이에,appuyer(프),빗긴걸음
7132,아포,Apostroph(독),앞작은따옴표
7131,아티큘레이션,articulation(영),발성
7130,아티젠,Artygen(영),감각세대
7129,아티스틱 디렉터,artistic director(영),예술 감독
7128,아트 시어터,art theatre(영),예술 극장
7127,아트 마켓,art market(영),예술 시장
7126,아토토리,後取,떨이
7125,아토마와시,後廻,미룸
7124,아테반,當-て-盤(일),"리벳 홀더, 받침판"
7123,"아테, 아테누노",當布,보강천
7122,아테,當,덧댐
7121,아타마,頭,머리
7120,아타리,"當, あたり(일)","적중, 수"
7119,아타라시,新し(일),새것
7118,아키히카리,秋光,추광(秋光)벼
7117,아키바레,秋晴,추청(秋晴)벼
7116,아키미세,明-き-見-せ(일),"민트기, 민트임"
7115,아크릴물감,acrylic(영)-,합성수지 물감
7114,아크,arc(영),불꽃 방전
7113,아케이드,arcade(영),"연쇄 상가, 연립 상가"
7112,아카지,赤字,"①손해, 결손, 적자 ②교정지"
7111,아카보,赤帽,짐꾼
7110,아카반,赤番,붉은번호
7109,아카렌가,赤煉瓦,"붉은벽돌, 빨강벽돌"
7108,아카데믹하다,academic(영)--,학구적이다
7107,아치 벤드,arch bend(영),중앙 휨대
7106,아측,我側,우리 측
7105,아집,我執,제 고집
7104,아지트,agitpunkt(러),"소굴, 거점"
7103,아지찌개,アジチゲ(일),전갱이 찌개
7102,아지,あじ(일),"전갱이, 매가리"
7101,아주지,亞主枝,버금가지
7100,"아주, 아주지역",亞洲,"아시아, 아시아 지역"
7099,아조돌연변이,芽條突然變異,눈 돌연변이
7098,아접,芽接,눈접
7097,아이테,相手,"상대, 상대자, 적수"
7096,아이큐,IQ(영),지능 지수
7095,아이쿠치,匕首,비수
7094,아이엠에프(IMF),IMF(international monetary fund(영)),국제 통화 기금
7093,아이에스오,ISO(International Organization for Standardization(영)),국제 표준 기구
7092,아이언 플레이,iron play(영),쇠채 경기
7091,아이언 클럽,iron club(영),쇠채
7090,아이씨,IC(영),집적 회로
7089,아이싱,icing(영),얼음찜질
7088,아이스케이크,ice cake(영),얼음 과자
7087,아이스박스,icebox(영),얼음 상자
7086,아이스링크,ice rink(영),"빙상 경기장, 얼음 경기장"
7085,아이스 반,ice bahn(영),"빙판, 경사 빙판"
7084,아이바,閤端,"맞댐면, 접합면"
7083,아이롱,iron(영),"다리미, 머리 인두"
7082,아이로니컬하다,ironical(영)--,"역설적이다, 모순적이다"
7081,아이러니,irony(영),"이율배반, 역설, 모순"
7080,아이디어,idea(영),"생각, 착안, 착상, 고안"
7079,아이디,id(영),"식별, 식별자"
7078,아이덴티티,identity(영),정체성
7077,아이노코,間子,혼혈아
7076,아이노리,合乘,"승합, 합승"
7075,아웃플레이스먼트,outplacement(영),"재취업 상담, 재취업 상담 업무"
7074,아웃풋,output(영),출력
7073,아웃웨어,out wear(영),야외복
7072,아웃소싱 업체,outsour-cing(영) 業體,외주 업체(外註業體)
7071,아웃사이드 에징,outside edging(영),바깥 모서리세우기
7070,아웃사이드 에이전시,outside agency(영),국외자
7069,아웃사이드 스키,outside ski(영),바깥 스키
7068,아웃사이더,outsider(영),"국외자, 주변인, 베돌이, 겉돌이"
7067,아웃도어인스트럭터,outdoor instructor(영),야외활동지도자
7066,아웃도어 룩,outdoor look(영),야외활동차림
7065,"아웃 필드, 아웃 필더","out field, outfilder(영)","외야, 외야수"
7064,아웃 코스,out course(영),전반 코스
7063,아웃 커브,out curve(영),바깥 커브
7062,"아웃 오브바운즈, 아웃 오브바운즈플레이",out ofboundsplay(영),"줄 바깥공격, 선 바깥공격"
7061,아웃 오브 플레이,out of play(영),경기 중단
7060,아웃 오브 포지션,out of position (영),자리 벌칙
7059,아웃 오브 바운즈,out of bounds(영),경기 금지 구역
7058,아웃 에지,out edge(영),"바깥쪽 날, 바깥 모서리"
7057,아웃 앤드 인,out and in(영),활 구르기
7056,아웃 슛,out shoot (영),"바깥 곧은 공, 바깥 슛"
7055,아웃 사이드,out side(영),바깥 굴리기
7054,아웃 복싱,out boxing(영),떨어져 싸우기
7053,아웃 복서,out boxer(영),떨어져 싸우는 선수
7052,아웃 드롭,out drop(영),바깥 드롭
7051,아웃 글라 이드 패스,out glide pass(영),바깥쪽 주기
7050,아웃,out(영),"줄 밖, 선 밖"
7049,아우트라인법,outline(영)法,돋보이기
7048,아우터 로터 모터,outer rotor motor(영),외전형 전동기(外轉形)
7047,아오쿠,靑,"광약, 녹색 광약"
7046,아연즙,亞鉛葺,함석 지붕
7045,아시쿠비마와리,足首回-り(일),발목둘레
7044,아시아게,足上げ(일),올림수
7043,아시바이타,足場板,발판널
7042,"아시바볼트, 아시바보드",あしぱ(일)Bolt(영),발돋움 볼트
7041,아시바마루타,足場丸太,비계목
7040,아시바,足場,작업 발판
7039,아스트린젠트 로션,astringen(영)-,"수축 화장수, 수렴 화장수"
7038,아스베스토스,asbestos(영),석면
7037,아소트,assortment(영),구색갖추기
7036,아세이,Assembly(영),"뭉치, 조립체(組立體)"
7035,아세안,ASEAN(association of southeast asian nations(영)),동남아 국가 연합
7034,아상블라주,assemblage(프),"집성, 집성 미술"
7033,아삽,芽揷,눈꽂이
7032,아사자,餓死者,굶어 죽은 사람
7031,아비트라지,arbitrage(영),차익 거래
7030,아베크족,avec(영)-族,"연인, 동반, 남녀동반"
7029,아베크,avec(프),"동반, 남녀 동반"
7028,아방가르드 시어터,avant-garde theatre(프),전위 연극
7027,아바타몰,avatar mall(영),"분신 상가, 가상 분신 상가"
7026,아바타,avatar(산),"분신, 가상 분신"
7025,아바라킨,肋筋,"늑근, 스터럽(stirrup)"
7024,아미후루이,網-ふるい(일),"망체, 그물체"
7023,아미에,網目,그물눈
7022,아미,"網, あみ(일)","그물, 쇠그물"
7021,아메리칸 포메이션,American formation(영),"미국식 복식 대형, 미국식 복식 진형"
7020,아메리칸 트위스트 서브,American twist serve(영),미국식 회전 메김
7019,아마추어,amateur(영),비전문가
7018,아마다레,雨垂-れ(일),느낌표
7017,아로마세러피,aroma-therapy(영),향기 요법
7016,아로마다이어트,aromadiet(영),향기 건강법
7015,아라이자리,洗-い-砂利(일),씻은 자갈
7014,아라이바,洗場,개수대
7013,아라이다시,洗-ひ-齣-し(일),"씻기, 씻어내기"
7012,아듀,adieu(프),안녕
7011,아두 골반 불균형,兒頭 骨盤 不均衡,머리 골반 불균형
7010,아동 학대,兒童 虐待,어린이 학대
7009,아나카가리,穴縢-り(일),단춧구멍박기
7008,아나이토,穴絲,단춧구멍실
7007,아나고튀김,穴子-,붕장어 튀김
7006,아나고,穴子,붕장어
7005,아까방,赤番,붉은 번호
7004,아군,我軍,"우리 군, 우리 군대"
7003,아국,我國,우리 나라
7002,아교(니카와),阿膠,"갖풀, 아교"
7001,아고쿠세,顎癖,"목둘레선줄임, 목둘레선다트"
7000,아고병,芽枯病,눈마름병
6999,아게,揚,튀김
6998,아,芽,"눈, 싹"
6997,씨피유,CPU(영),중앙 처리 장치
6996,씨알티 디스플레이,CRT display(영),"음극관 표시, 음극관 표시기, 음극선관 표시, 음극선관 표시기"
6995,씨명,氏名,"성명, 이름"
6994,쓰키아이,付合,"나누기, 몫나누기"
6993,쓰키아와세누이,突合-わせ-縫-い(일),맞붙이기
6992,쓰키보,突-き-棒(일),다짐대
6991,쓰키노미,突鑿,손끌
6990,쓰키가다메,突固-め(일),다짐
6989,쓰케마와시,付廻し(일),선두르기
6988,쓰이타테,衝立,"가리개, 칸막이"
6987,쓰야다시,艶齣,"윤내기, 광내기"
6986,쓰야게시,艶消-し(일),"윤지우기, 광지우기"
6985,"쓰부, 쓰부다이아몬드",粒,"다이아몬드, 알갱이 다이아몬드, 알갱이, 알갱이다이아몬드"
6984,쓰보보리,壺掘,"구덩이파기, 굿파기"
6983,쓰미,積-み(일),"쌓기, 벽돌쌓기, 벽돌공"
6982,쓰메키리,爪切,손톱깎이
6981,쓰메에리,詰襟,"깃닫이, 깃닫이양복"
6980,쓰마루,詰-まる(일),메우기
6979,쓰마,端,"측면, 단부, 가장자리"
6978,쓰리키,釣木,달대
6977,쓰리아시바,弔足場,달비계
6976,쓰리바시,弔橋,"출렁다리, 줄다리, 현수교"
6975,"쓰리 쿠션, 스리 쿠션",three cushion(영),세변돌리기
6974,쓰루하시,つるはし(일),곡괭이
6973,쓰레빠,slipper(영),"실내화, 슬리퍼"
6972,쓰레기 하치장,-荷置場,쓰레기 처리장
6971,쓰기메,繼-ぎ-目(일),이음매
6970,쏠로,solo(영),"독창, 독주, 독무"
6969,쎈타,center(영),"본부, 중앙, 중심, 중심지, (...)점, (...)집, (...)전, (...)소, 센터"
6968,쌍주식,雙柱式,두기둥식
6967,쌍부자,雙浮子,이중 부표
6966,쌍방 대리,雙方代理,양쪽 대리
6965,쌍방,雙方,양쪽
6964,쌍무덤,瓢形墳,조롱박모양무덤(gourd-formedtwin tomb)
6963,쌍구,雙鉤,쌍쥠
6962,"싱킹, 싱킹 현상",sinking(영)現象,"함몰, 함몰 현상"
6961,싱크홀,,"함몰 구멍, 땅꺼짐"
6960,싱크로율,synchro(영)率,일치율
6959,싱크대,sink(영)-臺,"설거지대, 개수대"
6958,싱커,sinker(영),가라앉는 공
6957,싱어송라이터,←singer and song writer(영),자작가수
6956,싱글즈,singles(영),단식 경기
6955,싱글이다,single(영)--,"독신이다, 미혼이다"
6954,싱글웨이커넥션,Singleway Connection(영),단로접속(單路接續)
6953,싱글02,single(영),"독신, 독신자"
6952,싱글01,single(영),①2인 경기 ②한자리 기준타 차
6951,"싱글 핸드 캐치, 싱글 원 핸드 캐치","single hand catch, single one hand catch(영)",한 손 잡기
6950,싱글 플롯,single plot(영),단일 구성
6949,싱글 트랙 레이스,single track race(영),집단 출발 경기
6948,싱글 캠버,single camber(영),단순 볼록
6947,싱글 캐치,single catch(영),"한 손 잡기, 한 손으로 잡기"
6946,싱글 배럴,single barrel(영),외대
6945,싱글 매치,single match(영),①대 ①경기
6944,싱글 게임,single game(영),단식 경기
6943,싯쿠이,柒-くい(일),"회반죽, 흙회반죽"
6942,싯가,しせい [市勢](일),시세
6941,싯 스핀,sit spin(영),앉아돌기
6940,십팔번,十八番,"단골 장기, 단골 노래"
6939,십장,什長,"반장, 작업반장"
6938,십자화과,十字花科,배춧과
6937,십자줄눈,十字-,통줄눈
6936,십분,十分,충분히
6935,심활탈,seam(영)-滑脫,"시접 빠짐, 솔기 빠짐"
6934,심화,深化,깊어감
6933,심플하다,simple(영)--,단순하다
6932,심플 플롯,simple plot(영),단순 구성
6931,심플 체인지,simple change(영),발 바꾸기
6930,심포니 오케스트라,Symphony Orchestra(영),교향악단
6929,심포니,symphony(영),교향악
6928,심폐사,心肺死,심장 허파사
6927,심폐 소생술 흔,心肺 蘇生術 痕,심장폐 소생술 자국
6926,심퍼세틱 캐릭터,sympathetic character(영),동정적 인물
6925,심판막증,心瓣膜症,판막 심장병
6924,심파열,心破裂,심장 파열
6923,심토층,心土層,속흙층
6922,심토,心土,"속흙, 깊은 흙"
6921,심층시비,深層施肥,깊이 거름주기
6920,심초,心礎,심초석
6919,심정지,心停止,심장 정지
6918,심재,心材,속재목
6917,심장성 돌연사,心臟性 突然死,심장 돌연사
6916,심장 질환,心臟 疾患,심장병
6915,"심장 압전, 심장 탬포네이드",心臟 壓塡,심장 눌림증
6914,심장 병변,心臟 病變,심장 병터
6913,심인,尋人,사람 찾음
6912,심엽,心葉,속 잎
6911,심야,深夜,"깊은 밤, 한밤중"
6910,심안컨대,心眼--,깊이 생각건대
6909,심심한 사의,深甚- 謝意,깊은 고마움
6908,심심한,深甚-,깊은
6907,심실 세동,心室 細動,심실 잔 떨림
6906,심신 상실,心神喪失,정신 잃음
6905,심식,深植,깊게심기
6904,심사조서,審査調書,심사 조사서
6903,심사숙고하다,深思熟考--,깊이 생각하다
6902,심부전,心不全,심장 기능 상실
6901,심보,心棒,굴대
6900,심벌리즘,symbolism(영),상징주의
6899,심방하다,尋訪--,찾아뵙다
6898,심방 조사,尋訪調査,방문 조사
6897,심리,審理,살펴 따짐
6896,심려,心慮,"걱정, 근심"
6895,심득 사항,心得事項,마음 새길 일
6894,심도,深度,깊이
6893,심대하다,甚大--,매우 크다
6892,심근성,深根性,깊은뿌리내리기
6891,심근병증,心筋病症,심장 근육병증
6890,심근 경색,心筋 梗塞,심근 경색증
6889,심굴하다,深掘--,깊이 파다
6888,심교,深絞,깊이돌리기
6887,심경다비,深耕多肥,깊이갈아 걸우기
6886,심경,深耕,깊이갈이
6885,심결,審決,심리 결정
6884,심강,心綱,심줄
6883,"심, 테마, 소트","theme, thought(영)",주제
6882,실효적으로,實效的--,실효 있게
6881,실효,失效,효력 잃음
6880,실화,失火,불냄
6879,실혈,失血,① 출혈 ② 실혈
6878,실하다,失--,잃다
6877,실추시키다,失墜---,떨어뜨리다
6876,실조,失調 malfunction(영),기능 장애
6875,실제,實弟,친동생
6874,실장,實長,실제길이
6873,실인,實印,"도장, 인장"
6872,실생번식,實生繁殖,종자 번식
6871,실생묘,實生苗,씨모
6870,실사,實査,실제 조사
6869,실버 톤,silver tone(영),은색조(銀色調)
6868,실버 비즈니스,silver business(영),경로 산업
6867,실백,實柏,"알잣, 실백잣"
6866,실면,實棉,목화
6865,실리카샌드,silica sand(영),규사
6864,실루엣02,silhouette(프),인형 표적
6863,실렉티브 리얼리즘,selective realism(영),선택적 사실주의
6862,실당하다,失當--,어기다
6861,실당 검사,失當檢査,어긴 검사
6860,실당,失當,"멈춤점 어김, 정차 위치 어김"
6859,실기하다,失機--,때를 놓치다
6858,실기 사건,失期事件,때 놓친 사건
6857,실01,seal(영),미끄럼 방지기
6856,신호도선,信號導線,신호철선(信號鐵線)
6855,신풍,新風,새 바람
6854,신품종,新品種,새 품종
6853,신품,新品,새것
6852,신탄재,薪炭材,땔감 나무
6851,신탄림,新炭林,"땔감숲, 연료림"
6850,신켄쇼부,眞劍勝負,생사겨루기
6849,신추브러시,眞鍮brush(영),놋솔
6848,신추,"眞鍮, しんちゅう(일)",놋쇠
6847,신체류지,新滯留地,새로이 머무는 곳
6846,신참자,新參者,새내기
6845,신착 도서,新着圖書,새로 온 책
6844,신쭈방,ノッスェパン(일),놋쇠판
6843,신지번,新地番,새 지번
6842,신지,新枝,새 가지
6841,신즈미,芯墨,심먹
6840,신조,新造,새로 만듦
6839,신정벽두,新正劈頭,새해 첫머리
6838,신전창,伸展創,편 상처
6837,신전 손상,伸展 損傷,편 손상
6836,신장하다,伸張--,"늘어나다, 늘리다"
6835,신장절,伸張節,자람마디
6834,신입하다,申込--,① 신청하다 ② 새로 뽑다
6833,신입하는 자,新入--,신참자
6832,신입서,申込書,"청약서, 신청서"
6831,신임지,新任地,새 근무지
6830,신인,新人,호모사피엔스(Homo Sapiens)
6829,신용 공여,信用 供與,신용 제공
6828,신엽,新葉,새 잎
6827,신시내티 히트,cincinnati hit(영),양보 안타
6826,신시내티,cincinnati(영),⑧⑩번 퍼진핀
6825,신승,辛勝,"가까스로 이김, 겨우 이김"
6824,신스틸러,scene stealer(영),명품 조연
6823,신서재리 소포 우편물,信書在裏-,편지 든 소포
6822,신생아살,新生兒殺,신생아 살해
6821,신빙하다,信憑--,믿다
6820,신빙성,信憑性,믿음성
6819,신분장,身分帳,개인 기록부
6818,신병인수,身柄引受,사람 넘겨 받음
6817,신병,身柄,"몸체, 신분"
6816,신발,飾履,장식신(ornamental shoes)
6815,신미종,辛味種,매운맛 품종
6814,신문삽입,新聞揷入,신문에 끼움
6813,신명,身命,목숨
6812,신마에,新米,햅쌀
6811,신립하다,申立--,신청하다
6810,신드롬,syndrome(영),증후군
6809,신노,,"죔, 죔질, 조임, 조임질"
6808,신고필증,申告畢證,신고 증명서
6807,신고 센터,,신고소
6806,신경교종,神經膠腫,신경아교종
6805,신가네,芯金,반짓대
6804,신 히트,thin hit(영),코 스치기
6803,신 트랜지션,scene transition(영),장면 전환
6802,신 시프팅,scene shifting(영),장치 전환
6801,신 숍,scene shop(영),장치 제작소
6800,신 디자인,scene design(영),무대 장치 디자인
6799,신,scene(영),장면
6798,식혈식재,植穴植栽,구덩이심기
6797,식혈,植穴,심을 구덩이
6796,식토,埴土,"질흙, 반질흙, 찰흙"
6795,식지,式紙,① 서식 ② 용지
6794,식재하다,植裁,심어가꾸다
6793,식재조림,植載造林,식수 조림
6792,식재법,植栽法,심는 법
6791,식재밀도,植栽密度,심는 밀도
6790,식재 용구,植栽用具,심는 연모
6789,식재 본수,植栽本數,심은 포기 수
6788,식재 거리,植栽距離,심는 거리
6787,식엽성,食葉性,"잎먹을성, 잎을 먹는"
6786,식승,植繩,못줄
6785,식스맨,←sixth man(영),"우수 후보 선수, 여섯 번째 선수"
6784,식순,式順,"차례, 식차례"
6783,식생혈공,植生穴工,식생구멍심기
6782,식생하다,植生--,자라다
6781,식생상공,植生箱工,"식생상 공법, 식색상자 공법"
6780,식생반복공,植生盤伏工,"식생판덮기, 식생반덮기"
6779,식생반공,植生盤工,"식생판심기, 식생반심기"
6778,식생대공02,植生袋工,식생자루심기
6777,식생대공01,植生帶工,"시생띠심기, 식생대심기"
6776,식생대,植生袋,식생자루
6775,식상,食傷,싫증 남
6774,식물먹이연쇄,植物-連鎖,식물 먹이사슬
6773,식물먹이망,植物-網,식물 먹이그물
6772,식도 정맥류,食道 靜脈瘤,식도 정맥 자루
6771,식깡,食罐←can(영),밥통
6770,식각,息角,안식각
6769,시혜를 줌,施惠-,혜택 줌
6768,시현하다,示顯--,"나타내다, 나타내 보이다"
6767,시험산화,試驗山火,시험 산불
6766,시험관내배양,試驗管內培養,기내 배양
6765,시피유,C.P.U.(영),중앙처리장치
6764,시피엑스,CPX(영),"지휘소 연습, 도상 연습"
6763,시피,CP(영),지휘소
6762,시표,視標,겨냥표
6761,시편,試片,시험 재료 조각
6760,시판체절공,矢板締切工,널말뚝끝막이
6759,시판지수벽,矢板止水壁,널말뚝물막이벽
6758,시판보안공,矢板保岸工,널말뚝기슭막이
6757,시판공,矢板工,널말뚝박기
6756,시판02,市販,시중판매
6755,시판01,矢板,널말뚝
6754,시팅,sitting(영),"앉아 쏘기, 앉아 쏴, 쪼그려 쏘기, 쪼그려 쏴"
6753,시티 패션,city fashion(영),도시 패션
6752,시티 투어,city tour(영),시내 관광
6751,시티 뷰,city view(영),도시 전망
6750,시티 라이프,city life(영),"도시 생활, 도시살이"
6749,시트 녹,seat knok(영),수비 연습
6748,시트 넘버,seat number(영),"수비 번호, 수비 위치번호"
6747,시트,sheet(영),"깔개, 덮개, 자리"
6746,시태 침연,屍胎 浸軟,태아 물렁화
6745,시타지고시라에,下地拵,바탕만들기
6744,시타지,下地,바탕
6743,시타바,下端,밑면
6742,시타가타,下型,속틀
6741,시키이타,しきいた(일),깔판자
6740,시키시,敷紙,두방(荳方)
6739,시키리,仕切-り(일),칸막이
6738,시키나라시,敷均-し(일),펴고르기
6737,시키,rumour(영),종이 그릇
6736,시퀸,sequin(영),번호판
6735,시쿠치,仕口,"맞춤, 맞춤면"
6734,시코미,仕込み(일),출어 준비
6733,시커티브,siccative(영),"말림 기름, 속건제"
6732,시진,視診,보기 진단
6731,시즌오프,season off(영),"계절마감, 계절할인"
6730,시즌,season(영),"① 철, 경기철, 계절 ② ~번째 이야기"
6729,시준고,視準高,"기계 높이, 기계고(器械高)"
6728,시종,始終,"늘, 항상"
6727,시제품,試製品,시험 제품
6726,시정하다,施錠--,"잠그다, 채우다"
6725,시정하다,是正--,"바로잡다, 잘못을 바로잡다"
6724,시정 조치,是正措置,바르게 고침
6723,시저즈 커트,scissors cut(영),교차뛰기
6722,시저스 킥,scissors kick(영),가위차기
6721,시작품,試作品,시험 제품
6720,시이오,CEO(←chief executive officer(영)),최고 경영자
6719,시의에 맞다,時宜-,때에 맞다
6718,시음회,試飮會,맛보기 모임
6717,시음하다,試飮--,맛보다
6716,시음장,試飮場,맛보기 자리
6715,시유,施釉,"잿물치기, 유약치기"
6714,시용하다,施用--,"쓰다, 베풀어 쓰다, 나누어 주다"
6713,시오야키,鹽燒,소금구이
6712,시에이디,C.A.D.(영),"컴퓨터 설계, 컴퓨터를 이용한 설계"
6711,시업림,施業林,조성림
6710,시업,施業,"① 산림 경영 ② 작업, 경영"
6709,시어터 오브 크루얼티,theatre of cruelty(영),잔혹 연극
6708,시어터 오브 리추얼,theatre of ritual(영),제의(提議) 연극
6707,시어터 오브 더 어브서드,theatre of the absurd(영),부조리 연극
6706,시어리 오브 퍼스 월,theory of fourth wall(영),제4의 벽 이론
6705,시약장,試藥欌,약품 보관장
6704,시약,施藥,약지어주기
6703,시야 변상,視野變狀,시야 이상
6702,시애트리컬리즘,theatricalism(영),극장주의
6701,시안산,靑酸,"시안산, 청산"
6700,시아이(CI),CI(Corporate Identity(영)),"기업 이미지 통합, 기관 이미지 통합, 기업 이미지, 기업 통합 이미지, 기관 이미지, 기관 통합 이미지, 기업 상징, 기관 상징, 기업 문화"
6699,"시아르, 시알",C.R.(영),대민 관계
6698,시아게야스리,仕上げ(일)鑢,마무리줄
6697,시쓰케,仕付-け(일),"시침, 시침질"
6696,시식하다,試食--,시험 삼아 먹어 보다
6695,시시티브이(CCTV),CCTV(Closed Circuit TV(영)),"폐쇄 회로 텔레비전, 내부 영상망"
6694,시시스 플레이,thesis play(영),논제극
6693,시승하다,施繩--,포승 지우다
6692,시스템 트레이딩,system trading(영),시스템 매매
6691,시스템 키친,system kitchen(영),"일체형 부엌 가구, 일체형 주방 가구"
6690,시스이반,止水,"차수판, 물막이널"
6689,시스루,see-through(영),비침옷
6688,시소러스,thesaurus(영),관련어집
6687,"시소 게임, 시소게임",seesaw game(영),"엎치락 뒤치락 경기, 접전"
6686,시소,seesaw(영),"널틀, 널타기틀, 널타기하다"
6685,시상하다,施賞--,상 주다
6684,시사이드 코스,seaside course(영),바닷가 골프장
6683,시비언쟁,是非言爭,"말다툼하다, 다투다"
6682,시비,施肥,거름주기
6681,시버스,sea berth(영),배침실
6680,시방서,示方書,"설명서, 지침서, 세부 지침서"
6679,시방배합,示方配合,규정 배합
6678,시발점으로,始發點--,"처음으로 하여, 출발점으로"
6677,시반,屍斑,시체 얼룩
6676,시바이,しばい(일),연극
6675,시바,"芝, しば(일)","떼, 잔디"
6674,시밍,seaming(영),통포장
6673,시밀리,simile(영),"직유, 직유법"
6672,시뮬레이터,simulator(영),"모의실험 장치, 모의실험기"
6671,시뮬레이션 게임,simulation game(영),모의실험 게임
6670,시뮬레이션,simulation(영),"모의실험, 현상 실험"
6669,시목,柴木,땔나무
6668,시메가네,しめがね(일),죔 쇠
6667,시마바라,島原,도원(島原)감자
6666,시마리,"しまり(일), 締(ま)り(일)",맥
6665,시리얼 넘버,serial number(영),"일련 번호, 제조 일련 번호"
6664,시리얼,serial(영),직렬
6663,시리어스 드라마,serious drama(영),순수극
6662,시료,試料,시험용 재료
6661,시로야지루시,白矢印,겹화살표
6660,시로산가쿠,白三角,세모
6659,시로비시,白菱,마름모
6658,시로보시,白星,별표
6657,시로마루,白丸,동그라미
6656,시로도,苦手な人(일),"서툰이, 서툰 사람"
6655,시로누키,白拔き(일),"흰색, 음각, 음각글자"
6654,시로,白,흰공맞기
6653,시로,しろ(일),흰색
6652,시랍화,屍蠟化,시체 밀랍
6651,시디(CD),certificate of deposit(영),양도성 예금 증서
6650,시드,seed(영),"우선권, 우선 배정"
6649,시동 전호,始動傳號,출발 신호
6648,시달하다,示達--,알리다
6647,시단,始段,시작 부분
6646,시단,始端,"시작점, 시작지점"
6645,시다데,したで(일),짓기
6644,시다가리,したがり(일),밑돌리기
6643,시니컬하다,cynical(영)--,냉소적이다
6642,시놉시스,synopsis(영),"줄거리, 개요"
6641,시네마,cinema(영),"영화, 영화관"
6640,시끽,試喫,"맛보기, 담배맛보기"
6639,시기상조,時機尙早,아직 이름
6638,시기,始期,시작할 때
6637,시급을 요하는,時急-,급한
6636,"시그니처 아이템, 시그너처 아이템",signature item(영),대표 상품
6635,시공기준고,施工基準高,시공 기준면 높이
6634,시공기면고,施工基面高,시공 기준면 높이
6633,시강,屍剛,"시체 굳음, 시체 경직"
6632,시갑하다,施匣--,"고랑 채우다, 쇠고랑 채우다"
6631,시각의 조합,時刻- 照合,시간 맞춤
6630,승하차,乘下車,타고 내림
6629,승하여,乗--,곱하여
6628,승하다,勝--,이기다
6627,승하다,乘--,곱하다
6626,승차하다,乘車--,차 타다
6625,승차장,乘車場,"타는 곳, 차 타는 곳"
6624,승용,乘用,탈것
6623,승역지,承役地,편익 제공지
6622,승양,昇揚,배 얹힘
6621,승수로,承水路,물받이 도랑
6620,승수,承水,"물을 받음, 물받이"
6619,승선하다,乘船--,배 타다
6618,승선권,乘船券,배표
6617,승복할 것,承服-,따라 주시기 바랍니다
6616,승박,繩縛,새끼로 묶기
6615,승계,承繼,"승계운전, 이어운전"
6614,승강하다,乘降--,"오르내리다, 타고내리다"
6613,습합,,접촉 결합
6612,습윤 밀도,濕潤密度,젖은 밀도
6611,습윤,濕潤,습기 참
6610,습벽,習癖,"나쁜 습성, 나쁜 버릇, 버릇"
6609,습동,,접촉 동작
6608,슬링,sling(영),멜빵
6607,슬립노트,slip knot(영),걸쳐매기
6606,슬립03,slip(영),"미끄러짐, 미끄러지기"
6605,슬립 다운,slip down(영),미끄러져 넘어짐
6604,슬림,slim(영),날씬하다
6603,슬리핑 멤버,sleeping member(영),비활동 회원
6602,슬리퍼,sleeper(영),"①숨은핀, 겹친핀 ②침목, 침목 장애물"
6601,슬로프,slope(영),"활주로, 스키 활주로"
6600,슬로우 볼,slow ball(영),느린 공
6599,슬로 플레이,slow play(영),늑장 경기
6598,슬로 볼,slow ball(영),느린공
6597,슬로 모션,slow motion(영),느린 동작
6596,슬로 레인,slow lane(영),느린마루
6595,슬럼프,slump(영),"부진, 침체"
6594,슬러브얀,slub yarn(영),두툴실
6593,슬러거,slugger(영),강타자
6592,슬랩롤러,slap roller(영),판밀이
6591,슬래브즙,slab(영)葺,평판 지붕
6590,슬래브,slab(영),"바닥판, 평판"
6589,슬라이스 서브,slice serve(영),깎아메김
6588,슬라이스,slice(영),"오른쪽 휨, 길게 깎아치기"
6587,슬라이딩 태클,sliding tackle(영),미끄러져 덤비기
6586,슬라이딩 캐치,sliding catch(영),몸던져 잡기
6585,슬라이딩,sliding(영),미끄러지기
6584,슬라이드 에어리어,slide area(영),미끄럼 지역
6583,슬라이드,slide(영),① 미끄러지기 ② 환등기 ③ 환등판
6582,슬라이더,slider(영),흐르는 공
6581,슬관절,膝關節,무릎 관절
6580,슨포,"寸法, すんぽう(일)",치수
6579,스필러,spiller(영),잇따라 넘어뜨리기
6578,스핀킥,spin kick(영),깎아 차기
6577,스핀 오프,spin off(영),파생작
6576,스핀 서비스,spin service(영),순회전 메김
6575,스핀,spin(영),"회전, 공 회전"
6574,스피커,speaker(영),확성기
6573,스피카,speaker(영),"확성기, 스피커"
6572,스피치,speech(영),화법
6571,스피시픽 일루미네이션,specific illumination(영),특별 조명
6570,스피드업,speedup(영),① 빠른 진행 ② 속도 높이기
6569,스피드 볼,speed ball(영),"빠른 공, 속구"
6568,스피드 건,speed gun(영),속도 측정기
6567,스피닝,spinning(영),물레질
6566,스피너,spinner(영),팽이회전
6565,스플릿마크,split mark(영),흠표시
6564,스플릿 스텝,split step(영),모둠뛰기
6563,스플래시,splash(영),완벽투
6562,스프링클러,sprinkler(영),자동 물뿌리개
6561,스프링 트레이닝,spring training(영),봄철 훈련
6560,"스프린트, 스프린트게임",sprintgame(영),"단거리 경기, 스프린트 경기"
6559,스프린터 라인,sprinter line(영),"외대선, 스프린터선"
6558,스프레이 히터,spray hitter(영),"고루치는 타자, 만능 타자"
6557,스프레드 펜스,spread fence(영),폭 장애물
6556,스프레드 에지,spread edge(영),일자 그리기
6555,스프레드,spread(영),격차
6554,스퓨어리어스(스프리어스),spurious(영),"잡전파, 쓸데없는 전파"
6553,스풀링,spooling(영),"순간 작동, 순간 작동하기"
6552,스폿 용접,spot(영)鎔接,점 용접(點鎔接)
6551,스폿 아이템,spot item(영),반짝 상품
6550,스폿 미스,spot miss(영),겨냥 실수
6549,스폿,spot(영),막간
6548,스포티하다,sporty(영)--,"날렵하다, 경쾌하다, 활동적이다"
6547,"스포트라이트, 스폿라이트*",spotlight(영),"집중 조명, 집중 조명기"
6546,스포츠룩,sports look(영),운동복 차림
6545,스포츠가리,sports(영)**,"스포츠형, 스포츠형깎기"
6544,스포츠 라이플,sport rifle(영),"50m 여자 소총, 스포츠 소총"
6543,스포이트,spuit,"액즙 주입기, 주입기"
6542,스펙터클하다,spectacle(영)--,"웅장하다, 웅대하다, 거대하다, 거창하다"
6541,스펙터클,spectacle(영),경관(景觀)
6540,스펙,spec(영),"설명서, 명세서, 명세"
6539,스페인 워킹,spain walking(영),앞다리 올려걷기
6538,스페이스다이잉,space dyeing(영),얼룩들이기
6537,스페이스 바,space bar(영),"사이띄개, 사이띄우개"
6536,스페어 운전사,spare(영) 運轉士,예비 운전사
6535,스페어,spare(영),나머지핀 처리
6534,스페어,spare(영),"여분, 예비"
6533,스페시피케이션,specification(영),명세
6532,스페셜리스트,specialist(영),전문가
6531,스페셜 이펙트,special effect(영),특수 효과
6530,스퍼트,spurt(영),"막판 힘내기, 끝판 힘내기 역주, 전력 질주"
6529,스팬,span(영),지공거리
6528,스패튤러,spatula(영),밀랍칼
6527,스파크,spark(영),불꽃
6526,스파일러 쿨러,spiral coller(프),진동 냉각기
6525,스파이크,spike(영),①큰 못 ②강타
6524,스파링,sparing(영),연습 경기
6523,스파나,spanner(영),"나사틀이, 스패너"
6522,스팀타월,steam towel(영),"찜질 수건, 김 수건"
6521,스틸,steel(영),강철
6520,스틸,steal(영),①가로채기(농구) ② 도루(야구)
6519,스틱 마우스,stick mouse(영),막대형 마우스
6518,스틱,stick(영),지팡이
6517,스티플효과,stipple(영)效果,점 무늬
6516,스티프 레인,stiff lane(영),굳은마루
6515,스티치,stitch(영),①땀 ②수
6514,스티밍,steaming(영),열처리
6513,스트립 라이트,strip light(영),"연결 조명, 연결 조명기"
6512,스트리밍,streaming(영),"바로 재생, 실시간 재생"
6511,스트롱사이드,strong side(영),공 있는지역
6510,스트롱 그립,strong grip(영),강타 채쥐기
6509,스트로크02,stroke(영),"①자획 ②누르기, 치기"
6508,스트로크01,stroke(영),"①치는 법, 치기, 공치기 ②직선 굴리기 ③겨눔 동작"
6507,스트로크 플레이,stroke play(영),최저타 경기
6506,스트로,straw(영),빨대
6505,스트레칭,stretching(영),"몸풀기, 몸풀기 동작, 몸펴기, 몸펴기 동작"
6504,스트레이트 펜스,straight fence(영),수직 장애물
6503,스트레이트 에지,straight edge(영),모서리 세우기
6502,스트레이트 스파이크,straight spike(영),직선 공격
6501,스트레이트 볼,straight ball(영),"곧은 공, 직구"
6500,스트레이트 뉴스,straight news(영),"단신 기사, 발생 기사"
6499,스트레이트,straight(영),"곧바로, 곧바른"
6498,스트랩 슈즈,strap shoes(영),끈구두
6497,스트래터지스트,strategist(영),투자 전략 분석가
6496,스트라이킹 서클,striking circle(영),"득점 원, 득점 반원"
6495,스트라이킹,striking(영),"때리기, 때리기반칙"
6494,스트라이크02,strike(영),파업
6493,스트라이크01,strike(영),완전투
6492,스트라이크 아웃,strike out(영),완전투 끝내기
6491,스트라이커,striker(영),골잡이
6490,스트라이드,stride(영),"보폭(步幅), 스케이팅 폭, 지친폭"
6489,스튜어디스,stewardess(영),여승무원
6488,스톱워치,stopwatch(영),초시계
6487,스톱모션,stop motion(영),정지 동작
6486,스톱 밴드,stop band(영),저지 대역(沮止帶域)
6485,스톨링 플레이,stalling play(영),지연 작전
6484,스톨런 베이스,stolen base(영),"훔치기, 도루(盜壘)"
6483,스톤 월,stone wall(영),"돌담, 돌담장애물"
6482,스톡옵션,stock option(영),주식 매수 선택권
6481,스톡,stock(영),"잔액, 잔량"
6480,스토핑,stopping(영),정지시키기
6479,스토킹,stalking(영),과잉 접근 행위
6478,스토커,stalker(영),과잉 접근자
6477,스토이지 플랜,stowage plan(영),화물 배치도
6476,스토브 리그,stove league(영),"전열 정비기, 전력 보강기"
6475,스토브,stove(영),난로
6474,스토리지,storage(영),"정보 저장, 저장 장치, 기억, 기억 장치"
6473,스토리 라인,story line(영),"줄거리 선, 기본 줄거리"
6472,스텟키,ステッキ(일)←stick(영),① 사침대 ② 채자받기 ③ 막대기
6471,스텝업 컨버터,StepupConverter(영),승압변환기(昇壓變換機)
6470,스텝다운컨버터,Stepdown Converter(영),강압변환기(降壓變換機)
6469,스텝 턴,step turn(영),디딤 회전
6468,스텝 인,step in(영),"내디딤, 발내디딤"
6467,스텝,step(영),① 층계 ② 걸음 ③ 단계
6466,스템 턴,stem turn(영),뒤 넓혀 모아돌기
6465,"스텐실, 스텐실 페이퍼",stencil paper(영),"등사원지, 타자등사원지"
6464,스테핑 릴레이,stepping relay(영),"계단 계전기, 단계 계전기(段階繼電器)"
6463,스테이플러심,stapler(영)芯,"찍개심, 종이 찍개심"
6462,스테이크,stake(영),"T자 모루, 우자 모루"
6461,스테이지 픽처,stage picture(영),무대 그림
6460,스테이지 콤퍼지션,stage composition(영),무대 구성
6459,스테이지 에어리어,stage area(영),무대 구역
6458,스테이지 비즈니스,stage business(영),무대 일상 동작
6457,스테이지 무브먼트,stage movement(영),무대 동작
6456,스테이지 디렉션,stage direction(영),무대 지문(地文)
6455,스테이시,捨石,"사석, 막깔이돌"
6454,스테이버튼,stay button(영),보강단추
6453,스테디 트렌드,steady trend(영),안정된 경향
6452,스테누이,捨縫-い(일),시침질
6451,스테공구리,捨-てコンクリ―ト(일)←concrete(영),"밑창콘크리트, 버림콘크리트"
6450,스털링실버,sterling silver(영),정은
6449,스탭,staff(영),참모
6448,"스탬프, 스탬프대",stamp(영)臺,잉크판
6447,스탠스,stance(영),"① 발 너비 ② 발 자세, 자세"
6446,스탠딩 포지션,standing position(영),준비 자리
6445,스탠딩 유닛,standing unit(영),세운 장치
6444,스탠딩 스타트,standing start(영),자력 출발
6443,스탠딩 슛,standing shoot(영),서서쏘기
6442,스탠딩,standing(영),"①서서쏘기, 서서쏴 ②멈춤, 정지"
6441,스탠드바,standbar(영),선술집
6440,스탠드02,stand(영),책상등
6439,스탠드01,stand(영),"세움대, 관중석"
6438,스탠더드 넘버,standard number(영),대중명곡
6437,스탠더드,standard(영),"표준, 기준"
6436,스태프,staff(영),"제작진, 진행 요원"
6435,"스태크, 사일로","stack, silo(영)",지상 저장고
6434,스탄푸,stamp(영),"잉크판, 양벼루, 스탬프"
6433,스타플레이어,star player(영),인기 선수
6432,스타트업타임,Start-up time(영),시동시간(始動時間)
6431,스타트 라인,start line(영),출발선
6430,스타터,starter(영),출발 임원
6429,스타일라이제이션,stylization(영),양식화
6428,스타디움,stadium(라),경기장
6427,스타덤,stardom(영),인기 대열
6426,스타 턴,star turn(영),별 모양 방향 바꾸기
6425,스타 시스템,star system(영),스타 방식
6424,스타,star(영),"인기인, 인기 연예인, 장성"
6423,스킵,skip(영),넘김
6422,스킨 스케일링,skin scaling(영),박피술
6421,스킨 로션,skin lotion(영),피부 화장수
6420,스키트 슈팅,skeet shooting(영),스키트 사격
6419,스키야키,"鋤燒, すきやき(일)","왜전골, 일본전골, 일본전골찌개"
6418,스키아이,付合い(일),"나누기, 몫나누기"
6417,스키딩,skidding(영),옆밀림
6416,스키드,skid(영),측사탄
6415,스키 패트롤,ski patrol(영),안전 요원
6414,스크립터,scripter(영),"① 촬영 기록자, ② 구성 작가"
6413,스크린 플레이,screen play(영),"① 가리기 반칙, 가리기 작전 ② 장막 전술"
6412,스크린 쿼터,screen quota(영),상영 시간 할당제
6411,스크린 컨베이어,screen conveyor(영),진동 분리 컨베이어
6410,스크린 스타,screen star(영),영화 배우
6409,스크랩북,scrapbook(영),자료 모음책
6408,스크래치 히트,scratch hit(영),행운타
6407,스크래치 플레이어,scratch player(영),기준 타수 선수
6406,스크래치 플레이,scratch play(영),맞붙기 경기
6405,스크래치 카드,scratch card(영),즉석 복권
6404,스크래치 시스템,scratch system(영),맞붙기 경기법
6403,스크래치 레이스,scratch race(영),속도 경기
6402,스크래치,scratch(영),"맞붙기, 맞겨루기"
6401,"스퀴즈, 스퀴즈 플레이",squeeze play(영),짜내기
6400,스퀘어 앵글 패스,square angle pass(영),4각 주고 받기
6399,스퀘어 스탠스,square stance(영),평행 자세
6398,스쿨 버스,school bus(영),"통학 버스, 학교 버스"
6397,스쿠프 스트로크,scoop stroke(영),띄워날리기
6396,스코프 사이트,scope sight(영),렌즈 조준기
6395,스코어보드,scoreboard(영),점수판
6394,스코어링 포지션,scoring position(영),득점권 위치
6393,스코어 카드,score card(영),"타수표, 기록표"
6392,스코어 보드,score board(영),기록판
6391,스코어,score(영),점수
6390,스케치,sketch(영),사생
6389,스케일자,scale(영)-,"축척, 줄인자"
6388,스케일링,scaling(영),크기 조정
6387,스케일 모델,scale model(영),축척 모형
6386,스케인,skein(영),타래실
6385,스케이팅 스트라이드,skating stride(영),스케이트 주법
6384,스캘퍼,scalper(영),단타 투자자
6383,스카이브리지,sky bridge(영),구름다리
6382,스카이박스,sky box(영),전용 관람석
6381,스카이 점프,sky jump(영),공중 낙하
6380,스카이 슛,sky shoot(영),몸 날아쏘기
6379,스카시칼,透かし(일)-,"뚫새김칼, 투각칼"
6378,스카시,透かし(일),실톱질
6377,스지시바,筋芝,줄떼
6376,스지,筋,텟줄
6375,스즈란핀,鈴蘭-pin(영),구슬핀
6374,스윙 플레인,swing plane(영),"휘두름 면, 휘두름 평면"
6373,스윙 웨이트,swing weight(영),"휘두름 무게, 휘두름 중력"
6372,스윙 아크,swing arc(영),"휘두름 원호, 휘두름 궤도"
6371,스윙 스루,swing through(영),"모두 휘두르기, 끝까지 휘두르기"
6370,스윙 슈팅,swing shooting(영),표적 따라 쏘기
6369,스윙,swing(영),"휘두르기, 채 휘두르기, 팔젓기, 휘두르기, 몸 비틀기"
6368,스위퍼,sweeper(영),휩쓸기공
6367,스위트 스폿,sweet spot(영),타면 중심
6366,스위칭임펄스전압,SwitchingImpulseVoltage(영),개폐충격전압(開閉衝擊電壓)
6365,스위칭,switching(영),"전환, 바꾸기"
6364,스위치히터,switch-hitter(영),양손 타자
6363,스위치 디펜스,switch defence(영),바꿔막기
6362,스웜핑 저항,swamping 抵抗,보상 저항(補償抵抗)
6361,스왑,swap(영),교환
6360,스와핑,swapping(영),"맞교환, 주식 맞교환"
6359,스에구치,末口,끝마구리
6358,스시,"鮨, 壽司, すし(일)",초밥
6357,스소마와리,裾回-り(일),"①도련, 도련둘레 ②밑단, 밑단둘레"
6356,스사,すさ(일),반죽새
6355,스베리도메,滑-り-止-め(일),미끄럼막이
6354,스베리,滑り(일),"슬립(Slip), 미끄러짐"
6353,스미키리,隅切-り(일),"모따기, 모접기, 면접기"
6352,스미이타,隅板,모서리판
6351,스미우치,墨打-ち(일),"먹줄치기, 먹놓기"
6350,스미싱,smishing(영),문자결제사기
6349,스미다시,墨齣-し(일),먹매김
6348,스무드,smooth(영),순조롭다
6347,스몰 웨딩,small wedding(영),작은 결혼식
6346,스몰 볼,small ball(영),적중투
6345,스모킹 건,smoking gun(영),결정적 증거
6344,스모그 볼,smog ball(영),광속구(光速球)
6343,스매싱,smashing(영),강타
6342,스매시,smash(영),내려치기
6341,"스마트 모빌리티, 퍼스널 모빌리티","smart mobility, personal mobility(영)",1인 전동차
6340,스마트 머니,smart money(영),단기 이동성 자금
6339,스마일,smile(영),미소
6338,스리섬,threesome(영),①대 ②경기
6337,스리디멘셔널 시너리,three-dimentional scenery(영),입체 장치
6336,스리다시,刷-り-出-し(일),시쇄(試刷)
6335,스리가라스,磨-りガラス(일)←glas(네),흐림 유리
6334,"스리, 스리턴",threeturn(영),"3자형, 3자형돌기"
6333,스리 쿼터 스윙,three quarter swing(영),3/4 휘두르기
6332,스리 쿼터,three quarter(영),안자리 굴리기
6331,스리 유니티스,three unities(영),삼일치
6330,스리 세컨드 룰,three sceond rule(영),3초 규칙
6329,스리 볼 매치,three ball match(영),3인 모둠 경기
6328,스리 번트,three bunt(영),"세 번째 대기, 세 번째 번트"
6327,스리 맨 러닝 패스,three man running pass(영),3인 주고받기
6326,스리,刷,교정쇄
6325,스루바시,つるはし(일),곡괭이
6324,스루 패스,through pass(영),앞질러주기
6323,스로잉 어웨이,throwing away(영),흘리기
6322,스로인,throw in(영),던져넣기
6321,스로,throw(영),"던지기, 송구"
6320,스레토,slate(영),슬레이트
6319,"스레시올드볼티지, 스레숄드볼티지",ThresholdVoltage(영),문턱전압(電壓)
6318,스레드섕크,thread shank(영),실기둥
6317,스라브,slab(영),"바닥판, 평판, 슬래브"
6316,스도쿠,"すどく(일), 數獨",숫자넣기
6315,스노플라우,snowplough(영),A자형 활강
6314,스노클,snorkel(영),숨대롱
6313,스노모노,酢物,초무침
6312,스노 플라우,snow plow(영),휜공
6311,스노 보트,snow boat(영),구호선
6310,스노 메이커,snow maker(영),제설기
6309,스노 라인,snow line(영),"경계선, 표시선"
6308,스네이크 아이,snake eye(영),대문 기둥
6307,스냅사진,snap(영)-寫眞,순간 사진
6306,스냅 패스,snap pass(영),손목으로 주기
6305,스낵 컬처,snack culture(영),"짬 즐김 문화, 짬 소비문화"
6304,스낵,snack(영),간편식
6303,스기와쿠,杉枠,삼나무틀
6302,스기,杉,삼나무
6301,슛,shoot(영),쏘기
6300,슐라롬,Slalom(독),회전 경기
6299,슈푸르,Spur(독),활주 자국
6298,슈페리어,,수미(秀美)감자
6297,슈퍼파워,superpower(영),① 초강대국 ② 초강자
6296,슈퍼임포즈심,superimposed seam(영),겹침시접
6295,슈퍼오브젝티브,superobjective(영),초목적
6294,슈퍼바이저,supervisor(영),"감독자, 관리자, 감시자"
6293,슈퍼마켓,supermarket(영),대형 잡화점
6292,슈퍼 컴퓨터,super computer(영),초고속 컴퓨터
6291,"슈퍼 체인, 슈퍼체인",super chain(영),"대형 연쇄점, 대형 잡화 연쇄점"
6290,슈퍼 자이언트 슐라롬,super giant slalom(영),초대회전경기(超大回轉競技)
6289,슈퍼 사이클,super cycle(영),장기 호황
6288,슈팅 레인지,shooting range(영),"득점 지역, 득점 가능지역"
6287,슈트,shoot(영),떠오르는공
6286,슈템 보겐,Stemm Bogen(독),뒤 넓혀 돌기
6285,슈템,Stemm(독),뒤 넓히기
6284,슈터,shooter(영),공격수
6283,슈즈 플레이트,shoes plate(영),"경기화 고정판, 경기화 키트"
6282,슈붕,Schwung(독),모아돌기
6281,슈미런,Schmieren(독),옆 밀치기
6280,슈 샤인 보이,shoe shine boy(영),"구두닦이, 구두 미화원"
6279,쉬프레마티슴,suprematisme(프),절대주의
6278,쉬르레알리슴,sur-réalisme(프),초현실주의
6277,순회감시,巡廻監視,돌아보며 감시함
6276,순회 관찰,巡廻觀察,돌아보기
6275,순환삭,循環索,순환줄
6274,순치,馴致,길들이기
6273,순차로,順次-,차례로
6272,순위 부여,順位賦與,차례매기기
6271,순엽 퇴적 사일로,,혼합저장기
6270,순엽 라인,,주공정
6269,순열,巡閱,순회 점검
6268,순연,順延,"차례로 미룸, 순차 연기"
6267,순시하다,巡視--,돌아보다
6266,순시 트립,瞬時 trip(영),즉시 트립
6265,순부척,順副尺,순버니어
6264,순번대로,順番--,"차례로, 차례차례"
6263,순로 조사,順路調査,"순서 조사, 배달 순서 조사"
6262,순로 구분 의자,順路區分椅子,"순서 구분 의자, 배달 순서 구분 의자"
6261,순로 구분,順路區分,"순서 구분, 배달 순서 구분"
6260,순로,順路,평탄한 길
6259,순독버니어,順讀-vernier(영),순버니어
6258,숙환,宿患,오랜 병
6257,숙채,熟菜,익힌 나물
6256,숙지하다,熟知--,익히 알다
6255,숙지시키다,熟知---,익히 알게 하다
6254,숙지삽,熟枝揷,굳가지꽂이
6253,숙지사항,熟知事項,알아둘 일
6252,숙지,熟紙,백반지
6251,숙주,塾主,집주인
6250,숙전지,熟田地,건 땅
6249,숙전,熟田,"길든밭, 건밭"
6248,숙사,宿舍,숙소
6247,숙박계,宿泊屆,"숙박부, 숙박장부, 숙박 신고, 숙박 신고서"
6246,숙독,熟讀,자세히 읽음
6245,숙고하다,熟考--,잘 생각하다
6244,수회,數回,여러 차례
6243,수확기,收穫機,수확 기계
6242,수확고,收穫高,"수확량, 소출"
6241,수형목,秀型木,우량 나무
6240,수형,樹形,나무 모양
6239,"수혈식석곽묘, 구덩식돌곽무덤",竪穴式石槨墓,구덩이식 돌덧널무덤(stone chamber tomb)
6238,수혈식,竪穴式,구덩이식
6237,수하식재,樹下植栽,나무아래심기
6236,수하물,手荷物,손짐
6235,수하,誰何,누구
6234,수하,手下,손아래
6233,수하,垂下,처짐
6232,수필,水筆,물붓
6231,수피,樹皮,나무 껍질
6230,수포자기,銹胞子器,녹포자기
6229,수포자,銹胞子,"녹포자, 녹홀씨"
6228,수평축,水平築,켜쌓기
6227,수평줄눈,水平-,가로줄눈
6226,수파,水播,물뿌림
6225,수파,手播,손뿌림
6224,수팅,sooting(영),그을리기
6223,수태,受胎,"새끼배기, 아이배기"
6222,수타국수,手打-,손국수
6221,수침,水浸,물 잠김
6220,수칙,守則,지킬 일
6219,수치인,受置人,받아 둔 사람
6218,수치,數値,"값, 기준값"
6217,수취하다,受取--,받다
6216,수취인 처소,受取人處所,받는 이 주소
6215,수취 기간,收取 期間,받는 기간
6214,수출고,輸出高,수출량
6213,수출 셰어,輸出 share(영),수출 점유율
6212,수체댐,水締-dam(영),물다짐댐
6211,수책,數冊,여러 책
6210,수차,手車,손수레
6209,수집 편찰,蒐集片札,수집표
6208,수집 증인장,蒐集證印帳,수집 확인증
6207,수집 연거리,蒐集延距離,수집 총거리
6206,수질 오탁,手質汚濁,수질 오염
6205,수진자,受診者,진료받는 사람
6204,수직이음,垂直-,세로줄눈
6203,수지도,樹脂導,"나뭇진길, 수지구(樹脂溝)"
6202,수지,水漬,물담금
6201,수지,樹枝,나뭇가지
6200,수지,手指,손가락
6199,수증,受贈,받음
6198,수중부자,水中浮子,수중 부표
6197,수중 급사,水中 急死,"마른 익사, 수중 급사"
6196,"수주하다, 수주받다",受注--,주문받다
6195,수죄,數罪,여러 죄
6194,수종,隨從,"따라다님, 모심"
6193,수종,數種,여러 종류
6192,수조망,手操網,"손방, 손방그물"
6191,수조,水槽,물통
6190,수제품,手製品,손치
6189,수제지건,首題之件,"머리의 건, 위의 일"
6188,수제 문서,手製文書,"손 작성 문서, 손으로 작성한 문서"
6187,수제 금고,手製金庫,손제작 금고
6186,수제,手製,손으로 제작
6185,수절,水切,물빼기
6184,수적,竪積,세워쌓기
6183,수적,水滴,물방울
6182,수저 전선,手底電線,물밑 전선
6181,수재,受再,재보험 인수
6180,수장케 되다,水藏-,물에 잠기다
6179,수장부,手掌部,손바닥 부위
6178,수장대,手掌大,손바닥 크기
6177,수잉기,穗孕期,이삭밴 시기
6176,수입하다,受入--,"받다, 받아들이다"
6175,수입선,輸入先,"수입처, 수입국"
6174,수입고,輸入高,수입량
6173,수입 면장,輸入免狀,수입 허가서
6172,수임인,受任人,맡은 이
6171,수일,數日,여러날
6170,수인,手引,길잡이
6169,수인,數人,여러 사람
6168,수이,水飴,물엿
6167,수의 시담,隨意示談,가격 협의
6166,수위실,守衛室,경비실
6165,수위,守衛,"경비원, 방호원"
6164,수원공,水原工,농업용수 공급시설
6163,수원,樹園,나무밭
6162,수운,水運,수상 운재
6161,수우각,水牛角,물소 뿔
6160,수용 제동기,手用製動器,수동 제동기
6159,수용,收容,거두어들임
6158,수용,囚用,재소자용
6157,수욕공,水褥工,물방석
6156,수연,壽宴,환갑잔치
6155,수액,樹液,나무즙
6154,수신 마진,受信 margin(영),"수신 여유, 수신 여유도"
6153,수신,受信,받음
6152,수식,水蝕,물침식
6151,수시입출금식,隨時-,자유입출금식
6150,수습지,水濕地,습지
6149,수순환,水循環,물순환
6148,수수지,水收支,물수지
6147,수수분화기,穗首分化期,이삭 생길 때
6146,수속계수,水速係數,"유속 계수, 물살 계수"
6145,수속,水速,"유속(流速), 물살"
6144,수세,樹勢,나무자람새
6143,수선장,水線長,수선 길이
6142,수선법,水選法,물고르기
6141,수서 동물,水棲動物,물살이 동물
6140,수색하다,搜索--,"찾다, 찾아내다"
6139,수상동물,樹上動物,나무살이 동물
6138,수상,水象,물 형상
6137,수삭륜,垂索輪,밧줄을 받치는 바퀴
6136,수비,水飛,앙금짓기
6135,수분,水分,물기
6134,수부업,受負業,도급 작업
6133,수부구,受付口,접수처
6132,수부,受付,접수
6131,수부,受附,접수
6130,수부,手斧,"손도끼, 자귀(hand axe)"
6129,수봉,收捧,"거두어들임, 받아냄"
6128,수보 기관,受報機關,보고받는 기관
6127,수병,樹病,나무병
6126,수벽,首壁,머리벽
6125,수벽,樹壁,나무 울타리
6124,수범,垂範,모범
6123,수배,受配,배급을 받음
6122,수발구,水拔口,물빼기 구멍
6121,수발공,水拔孔,물빼기 구멍
6120,수발,受發,받고 보냄
6119,수반02,水盤,꽃 쟁반
6118,수반01,首班,우두머리
6117,수반 입적자,,따라서 입적할 사람
6116,수반 국적 취득자,,따라서 국적 취득할 사람
6115,수박희,手搏戱,손뼉춤
6114,수문학적 순환,水文學的循環,물순환
6113,수명,受命,명령을 받음
6112,수면유속,水面流速,표면 유속
6111,수면부자,水面浮子,수면 부표
6110,수매하다,收買--,사들이다
6109,수매 가격,收買價格,사들이는 값
6108,수매,數枚,여러 장
6107,수리평균심,水理平均深,경심(徑深)
6106,수리안전답,水利安全畓,물사정 좋은 논
6105,수류지,水流地,물 흐르는 땅
6104,수류선,水流線,유선(流線)
6103,수류,水流,물 흐름
6102,수뢰,受賂,뇌물받기
6101,수로정리공,水路整理工,냇바닥치우기
6100,수로변경공,水路變更工,물길바로잡기
6099,수로도서지,水路圖書紙,해도 및 항해서지
6098,수로교,水路橋,물길다리
6097,수로공,水路工,"수로내기, 도랑내기"
6096,수령하다,受領--,받다
6095,수령인,受領人,받을 사람
6094,수령시에,受領時-,받을 때에
6093,수령부,受領簿,접수 대장
6092,수령 방법,受領 方法,받는 방법
6091,수령 능력,受領能力,받을 능력
6090,수령,樹齡,나무 나이
6089,수렵지,狩獵地,사냥터
6088,수렵,狩獵,사냥
6087,수량,收量,수확량
6086,수득하다,收得--,"받다, 거두어들이다"
6085,수두증,水頭症,"물뇌증, 수두증"
6084,수도작,水稻作,벼농사
6083,수도에,數道-,여러 도에
6082,수도 미터 커플링,水道 meter coupling(영),수도 계량기 이음쇠
6081,수도,隧道,"터널, 굴"
6080,수도,水稻,벼
6079,수도,水稻,논벼
6078,수당,手當,"덤삯, 일삯"
6077,수뇌부,首腦部,지도부
6076,수납 창구,受納窓口,"받는곳, 돈 받는 곳, 내는 곳 돈 내는 곳"
6075,수난,水難,물난리
6074,수기,手旗,손깃발
6073,수기,手技,손재주
6072,수기,受器,받는 그릇
6071,수급받다,受給--,주문받다
6070,수금류,水禽類,물새류
6069,수근,鬚根,"실뿌리, 수염뿌리"
6068,수근,樹根,나무 뿌리
6067,수권하다,授權--,권한주다
6066,수권자,,권리자
6065,수권,手拳,주먹
6064,수권,受權,권한받기
6063,수구,受口,방향베기
6062,수교,手交,"건네줌, 직접 건네줌"
6061,수괴,首魁,"두목, 우두머리"
6060,수관 일자,收管 日字,이관 받은 날짜
6059,수고공,水叩工,"물받침, 물받이"
6058,수고,樹高,나무 키
6057,수고,收高,수입액
6056,수계차수,水系次數,하천 차수
6055,수계,受繼,이어받음
6054,수견,收繭,고치따기
6053,수격 작용,水擊作用,"물 충격(-衝擊), 수격작용"
6052,수검,受檢,검사받기
6051,수거하다,收去--,"거두어가다, 거두어들이다"
6050,수거,手鋸,손톱
6049,수개,數個,"여러 개, 두서너 개"
6048,수감,收監,수용
6047,수간폭,樹間幅,나무 사이 너비
6046,수간,樹幹,나무 줄기
6045,수가,酬價,치료비
6044,숏포지션,short position(영),"매도 포지션, 매도 초과 포지션"
6043,숏 패스,short pass(영),짧게 주기
6042,숏 커트,short cut(영),짧게 치기
6041,숍인숍,shop in shop(영),어울가게
6040,숄더 패스,shoulderpass(영),어깨 너머주기
6039,숄더 인,shoulder in(영),어깨 안쪽 넣기
6038,숀벤,,손빼기
6037,쇼핑타운,shopping town(영),"종합 상가, 시장, 상점가"
6036,쇼핑 호스트,shopping host(영),"상품 안내자, 소개인"
6035,쇼핑 카트,shopping cart(영),"장보기 밀차, 쇼핑 밀차, 장수레, 장보기 수레"
6034,쇼플러,Shoppler(영),원정구매족
6033,쇼트 홀,short hole(영),짧은홀
6032,쇼트 패스,short pass(영),짧게주기
6031,쇼트 턴,short turn(영),짧게돌기
6030,쇼트 컷,short cut(영),질러치기
6029,쇼트 커트형,,짧은머리형
6028,쇼트 커트,short cut(영),짧게치기
6027,쇼트 어프로치,short approach(영),짧게붙이기
6026,쇼트 아이언,short iron(영),짧은 쇠채
6025,쇼트 스트로크,short stroke(영),짧은 활주
6024,쇼트 스톱,short stop(영),유격수
6023,쇼트 스키,short ski(영),단형 스키
6022,쇼트 스윙,short swing (영),짧게 휘두르기
6021,쇼트 서비스,short service(영),짧게메김
6020,쇼트 바운드,short bound(영),짧은 바운드
6019,쇼트 땅볼,short ground ball(영),내야 땅볼
6018,쇼트,short(영),짧은탄
6017,쇼트,ショ-ト(영),단락(短絡)
6016,쇼킹하다,shocking(영)--,충격적이다
6015,쇼쿠빵,"食, 食麵麭",식빵
6014,쇼추,雙柱,"쌍줄, 쌍줄표"
6013,쇼바,アブショバ(일) ←shock absorber(영),완충기(緩衝器)
6012,쇼맨십,showmanship(영),"허세, 제자랑"
6011,쇼링,shoring(영),화물 고정
6010,"쇼 호스트, 쇼핑 호스트","show host, shopping host(영)","방송 판매자, 상품 안내자, 소개인"
6009,쇼,show(영),구경거리
6008,쇠락,衰落,쇠퇴
6007,쇄토,碎土,흙부수기
6006,쇄신하다,刷新--,새롭게 하다
6005,쇄석쌓기,碎石-,깬돌쌓기
6004,쇄석,碎石,부순 돌
6003,쇄사,碎砂,부순모래
6002,쇄미,碎米,싸라기
6001,쇄목,碎木,나무부수기
6000,쇄립,碎粒,싸라기
5999,쇄력,碎礫,부순자갈
5998,쇄골,鎖骨,빗장뼈
5997,송화인,送貨人,짐 부친 이
5996,송하인,送荷人,짐 부친 이
5995,송치증 원부,送致證原簿,보냄표 원장
5994,송치증,送致證,보냄표
5993,송치부,送致簿,보낸 장부
5992,송출선,送出船,해외 취업선
5991,송출 선원,送出船員,해외 취업 선원
5990,송지,松脂,"송진, 소나무 진"
5989,송증,送證,보냄표
5988,송연묵,鬆煙墨,솔먹
5987,송수,送水,물을 보냄
5986,송부,送付,"보냄, 물건 보냄"
5985,송달지,送達地,"배달지, 받는 곳"
5984,송급하다,送給--,보내다
5983,송구하다,悚懼--,"미안하다, 죄송하다"
5982,송검,送檢,"송치, 검찰청 송치"
5981,솔푸드,soul food(영),위안음식
5980,솔로 홈런,solo home run (영),한 점 홈런
5979,솔,sole(영),"채머리 바닥, 바닥, 스키화바닥"
5978,손해 사정인,損害 査定人,손해 사정사
5977,손실을 가하다,損失-,"손해를 입히다, 손해를 끼치다"
5976,손서,損鼠,쥐 피해
5975,손상구,損傷球,상한 알
5974,손모,損耗,닳아 없어짐
5973,손궤,損潰,"무너짐, 망가뜨림"
5972,손괴하다,損壞--,망가뜨리다
5971,속효성,速效姓,빨리 듣는
5970,속행,續行,계속함
5969,속하다,屬--,딸리다
5968,속출하다,續出--,"잇달다, 잇따르다"
5967,속병,續柄,"관계, 가족 관계"
5966,속미,粟米,좁쌀
5965,속명,俗名,향명
5964,속락,續落,잇달아 떨어짐
5963,속구,屬具,부속 기구
5962,속결하다,速決--,빨리 정하다
5961,속,束,"묶음, 다발, 뭇"
5960,소훼하다,燒毁--,태워 없애다
5959,소환하고자,召喚---,나오시도록 하고자
5958,소화성궤양,消化性 潰瘍,소화 궤양
5957,소호몰,soho(←small office home office(영)) mall,"가상 가게, 가상 점포"
5956,소호,小毫,조금도
5955,소호,SOHO(Small Office Home Office(영)),"무점포사업, 재택 사업자"
5954,소형 선박,小型船舶,"작은 배, 작은 선박"
5953,소행,素行,평소의 행실
5952,소할,所轄,관할
5951,소하물,小荷物,잔짐
5950,소프트하다,soft(영)--,부드럽다
5949,소프트웨어 패키지,software package(영),소프트웨어 꾸러미
5948,소프트랜딩,soft landing(영),연착륙
5947,소프트 포갑,soft(영) 包匣,연포장
5946,소프트 앨리,soft alley(영),쉬운마루
5945,소프트 스타트,SoftStart,유연시동(柔軟始動)
5944,소포 수득금,小包收得金,소포 취급비
5943,소편,小片,가는 삼
5942,소파,sofa(영),"긴의자, 긴안락의자"
5941,소토히다,外襞,"바깥주름, 밭주름"
5940,소토,燒土,흙태우기
5939,소택지,沼澤地,"늪, 늪지역, 습한 땅, 늪지대, 습지"
5938,소탕,掃蕩,없앰
5937,소켓하다,socket(영) --,"①목 이음매 ②실타, 실수타"
5936,소청,訴請,소송 청구
5935,소천,小川,소하천
5934,소집 명령서,召集命令書,소집 통지서
5933,소집,召集,모음
5932,소진,燒盡,다 탐
5931,소직,小職,"저는, 본인은"
5930,소지하다,所持--,가지고 있다
5929,소지측량,小地測量,평면 측량
5928,소지,小指,새끼손가락
5927,소지,掃除,"청소, 청소원"
5926,소제,掃除,청소
5925,소정의,所定-,정해진
5924,소정 비율,所定 比率,정한 비율
5923,소정 기일 내,所定期日內,"정한 날짜 안, 정한 날짜 안에"
5922,소절수,小切手,수표
5921,"소장, 소장이 없다",消長,"차이, 차이가 없다"
5920,소장 조사,消長調査,증감 조사
5919,소잠,掃蠶,누에떨기
5918,소자기,消磁器,자성지우개(磁性---)
5917,소인으로,素因--,까닭으로
5916,소인 미필의 우표,消印未畢-,소인 안 된 우표
5915,소인 미필의,消印未畢-,소인 안 된
5914,소음,騷音,시끄러운 소리
5913,소유한,所有-,가진
5912,소위,所謂,이른바
5911,소위,所爲,소행
5910,소운전,小運轉,근거리 운전
5909,소우라,總裏,마무리 배접
5908,소요폭,所要幅,"필요한 만큼의 폭, 필요한 만큼의 너비"
5907,소외하다,疎外--,멀리하다
5906,소엽,蘇葉,차조기잎
5905,소식,疎植,성글게심기
5904,소시,少時,젊은 시절
5903,소스 데이터,source data(영),바탕 자료
5902,소수관,疏水管,"배수관, 물 통하는 관"
5901,소쇄립,小碎粒,잔싸라기
5900,소속입건,小束立乾,작은다발 세워말리기
5899,소셜 프로블럼 플레이,social problem play(영),사회 문제극
5898,소셜 코미디,social comedy(영),사회 희극
5897,소셜 다이닝,social dining(영),밥상모임
5896,소성공,燒成工,"돌 굽는 이, 돌구이"
5895,소성,燒成,굽기
5894,소선단선,素線斷線,"가닥단선, 전선가닥단선"
5893,소선,素線,가닥
5892,소석률,消席率,화물 적재율
5891,소생,小生,"저, 제"
5890,소상식재,巢箱植栽,새집꼴심기
5889,소상,巢箱,벌통
5888,소산하다,疏散--,흩어지다
5887,소사,燒死,타 죽음
5886,소비 트렌드,消費trend(영),소비 풍조
5885,소보리,總掘-り(일),온통파기
5884,소보로빵,,곰보빵
5883,소방정,消防艇,"소방 선박, 소방용 배"
5882,소발,素髮,"민머리, 소발"
5881,소밀도,疏密度,나무 밀도
5880,소밀,巢蜜,개꿀
5879,소묘,素描,밑그림
5878,소명,疎明,해명
5877,소맥,小麥,밀
5876,소립종,小粒種,"잔씨, 잔씨앗, 작은알 품종"
5875,소립,小粒,잔 알
5874,소륵,"小勒, bridoon(영)",작은재갈
5873,소류지,沼溜地,"늪지대, 늪지역"
5872,소로,小路,작은 길
5871,소라색,空色,"하늘색, 하늘 빛깔"
5870,소등하다,消燈--,불 끄다
5869,소두,小豆,팥
5868,소독제,消毒劑,소독약
5867,소독저,消毒箸,나무젓가락
5866,소도리,總取り(일),몽땅사기
5865,소데쓰키센,袖付-き-線(일),"소매달림선, 진동둘레선"
5864,소데소토누이,袖外縫-い(일),소매뒷솔기
5863,소대 식물,蘇臺植物,이끼 식물
5862,소국,小菊,잔국화
5861,소구적,小口積,마구리쌓기
5860,"소구, 만기전 소구",滿期 前 遡求,만기 전 상환 청구
5859,소구,訴求,소송 청구
5858,소구,遡求,소급 청구
5857,소경 아이,,눈먼 아이
5856,소거,消去,없앰
5855,셰어링,sharing(영),"공유, 자원 공유"
5854,셰어 하우스,share house(영),공유 주택
5853,셰어,share(영),"공유하다, 나눠쓰다, 함께쓰다"
5852,셧다운,shutdown(영),중단
5851,셧 아웃,shut out (영),"영패 당함, 영패 시킴"
5850,셔틀콕,shuttle cock(영),깃털공
5849,셔틀,shuttle(영),북
5848,셔츠 슈트,shirts suit(영),남방 정장
5847,셋톱박스,set top box(영),"위성 수신기, 위성 방송 수신기"
5846,셋업맨,setup man(영),계투 요원
5845,셋업,setup(영),준비
5844,셀프카메라,self-camera(영),자가촬영
5843,셀프서비스,self-service(영),손수하기
5842,셀룰러 방식,cellular(영) 方式,세포 방식
5841,셀러 블록,cellar block(영),속 빈 블록
5840,셀 모터,CellMotor(영),"시동전동기(始動電動機), 시동모터"
5839,센티멘털리즘,sentimentalism(영),감상주의
5838,센티멘털 코미디,sentimental comedy(영),감상 희극
5837,센트럴 프로세싱 유니트,central processing unit(영),중앙 처리 장치
5836,센토루,センタリング(일)←centering(영),"아치특, 아치가설틀"
5835,센테이,"剪定, せんてい(일)",가지치기
5834,센터플레이어,center player(영),중앙 공격수
5833,센터펀치,center punch(영),자국정
5832,센터링,centering(영),문앞 주기
5831,센터 하프 백,center half back(영),중앙 수비수
5830,센터 하프,center half(영),"중앙 공방수, 중앙 수비수, 허리 연결수"
5829,센터 필더,center fielder(영),중견수
5828,센터 포워드,center forward(영),중앙 공격수
5827,센터 파이어,center fire(영),"탄약, 중앙 탄약"
5826,센터 시어리,center theory(영),중앙 공격법
5825,센터 스트랩,center strap(영),그물띠
5824,센터 서클,center circle(영),중앙원
5823,센터 백,center back(영),중앙 공격수
5822,센터 마크,center mark(영),끝줄 중앙점
5821,센터 라인 오버,center line over(영),중앙선 침범
5820,센터 라인,center line(영),중앙선
5819,센칸,潛函,잠함
5818,센치하다,sentimental(영)**,감상적이다
5817,센세이션,sensation(영),"큰 화제, 선풍"
5816,센세이셔널하다,sensational(영)--,"놀랍다, 충격적이다"
5815,센서티브하다,sensitive(영)--,예민하다
5814,센서,Sensor(영),감지기(感知器)
5813,센누키,せんぬき(일),따개
5812,섹스어필,sex appeal(영),성적 매력
5811,섹스 스캔들,sex scandal(영),성 추문
5810,세환이식,細環耳飾,"가는 귀고리, 가는 귀걸이"
5809,세형석핵,細石刃石核,"좀돌날몸돌, 세석인몸돌"
5808,세형동검,細形銅劍,좁은놋단검
5807,세필,細筆,가는붓
5806,세포사,細胞死,"① 세포 사망, 세포사 ② 분자사"
5805,세포간극,細胞間隙,세포틈
5804,세퍼레이트 레이스,separate race(영),2인조 경기
5803,세퍼레이터,separator(영),분리기
5802,세팅타임,SettingTime(영),"정착시간(定着時間), 소요 시간"
5801,세팅02,setting(영),동점 승부
5800,세팅01,setting(영),설치
5799,세트메뉴,set menu(영),한 상 차림
5798,세트03,set(영),판
5797,세트02,set(영),"설정, 집합"
5796,세트01,set(영),공 올려주기
5795,세트 프로퍼티,set property(영),장치 도구
5794,세트 포지션,set position(영),자리잡기
5793,세트 포인트,set point(영),세트점
5792,세트 업,set up(영),핀 정렬
5791,세트 어펜스,set offense(영),전략 공격
5790,세트 슛,set shoot(영),서서쏘기
5789,세터,setter(영),공격짝
5788,세탁하다,洗濯--,빨래하다
5787,세타,seta(이),생깁
5786,세컨드 하프,second half(영),후반전
5785,세컨드 임팩트,second impact(영),2번 핀치기
5784,세컨드 아웃,second out(영),5초전 퇴장
5783,세컨드 서브,second serve(영),두 번째 메김
5782,"세컨드 베이스, 세컨드 베이스 맨","sceond base, second base man(영)",이루(수)
5781,세컨드 레퍼리,second referee(영),부심
5780,세컨드,second(영),"사범, 경기 사범"
5779,세츠,せっち(일),접지(接地)
5778,세척갱생,洗滌更生,씻어 되살려 쓰기
5777,세지,細枝,잔가지
5776,세정,洗淨,씻음
5775,세절,細切,잘게 자르기
5774,세일즈,sales(영),판매
5773,세이프티맨,safetyman(영),최종수비수
5772,세이프티 번트,safety bunt(영),"기습 대기, 기습 번트"
5771,세이프티,safety(영),안전쇠
5770,세이프,safe(영),"살았음, 살다"
5769,세이퍼,shaper(영),모양 가공기(貌樣加工機)
5768,세이빙,saving(영),선방(善防)
5767,세이브 포인트,SP(save point(영)),구원 승점
5766,세이브,save(영),"보존, 갈무리, 저장"
5765,세이뎅키,せいでんき(일),정전기(靜電氣)
5764,세션,session(영),작업 시간
5763,세석인,細石刃,"작은돌날, 세형돌날"
5762,세석기,細石器,"좀돌석기, 잔석기(microlith)"
5761,세삼,洗蔘,삼씻기
5760,세사리,洗砂利,씻은자갈
5759,세사02,細砂,"잔모래, 시새, 모새"
5758,세사01,洗砂,씻은모래
5757,세미콜론,semicolon(영),쌍반점
5756,세미컨버터,Semiconverter(영),반변환기(半變換機)
5755,세미 핑거그립,semi finger grip(영),중간 마디 잡기
5754,세미 프로,semi pro(영),준 프로
5753,세미 롤링,semi rolling(영),반회전
5752,세미,細尾,가는 뿌리
5751,세무가죽,chamois(영)**,섀미가죽
5750,세면,洗面,세수
5749,세맥,細麥,잔보리
5748,세마이,일본어 어원의 말로 추정되나 불확실함.,시작
5747,세리코,競子,경매사
5746,세리카이,競賣い(일),"경매차지, 경매, 경락"
5745,세리아게,競上げ(일),올려부르기
5744,세리사게,競下げ(일),낮춰부르기
5743,세리바,競場,경매장
5742,세리다이,競臺,경매대
5741,세리,競り(일),경매
5740,세륜 시설,洗輪施設,바퀴 닦는 시설
5739,세루모터,,시동 장치
5738,세루모타,cellmotor(영),시동 모터
5737,세로이음,,세로줄눈
5736,세렌 보겐,Scheren Bogen(독),가위형 회전
5735,세라피스트,therapist(영),치료사
5734,세라복,sailor(영)-服,"세일러복, 해군복"
5733,세동 제거,細動 除去,잔 떨림 제거
5732,세도하다가,,영산(榮山)보리
5731,세도,細度,가늠새
5730,세대주,世帶主,가구주
5729,세근,細根,잔뿌리
5728,세그먼트,segment(영),간살
5727,세공,細工,공예
5726,세골재,細骨材,잔골재
5725,세고시,せごし(일),뼈째회
5724,세각주맥,細刻主脈,가는 줄기 각초
5723,세각,細刻,가는 각초
5722,세,歲,살
5721,섶암거,-暗渠,섶속도랑
5720,성행,性行,행실
5719,성하복,盛夏服,한여름 옷
5718,성토사면,盛土四面,흙쌓기 비탈면
5717,성토법면,盛土法面,흙쌓기비탈면
5716,성토단면적,盛土斷面績,흙쌓기 단면적
5715,성토공,盛土工,흙쌓기
5714,성토고,盛土高,흙쌓기 높이
5713,성큰가든,sunken garden(영),뜨락정원
5712,성치,成雉,"어미꿩, 자란꿩"
5711,성충,成蟲,"엄지벌레, 어른벌레"
5710,성첩,城堞,성가퀴
5709,성찰,省察,"돌이켜 봄, 깊이 살핌"
5708,성찬,盛饌,잘 차린 음식
5707,성지,城址,성터
5706,성조,成鳥,"어미새, 자란새"
5705,성적 학대,性的 虐待 sexual abuse,성 학대
5704,성인식,成人式,성년식
5703,성인 호흡 장애 증후군,成人 呼吸 障碍 症候群,성인 호흡 곤란 증후군
5702,성안하다,成案--,안을 마련하다
5701,성숙기,成熟期,익음 때
5700,성수,成獸,"어미짐승, 자란짐승"
5699,성상 물체,成傷 物體,다치게 한 물체
5698,성상 기전,成傷 機轉,다치게 한 기전
5697,성상 골절,星狀 骨折,별 모양 골절
5696,성상,星霜,"해, 한 해"
5695,성상,性狀,성질 상태
5694,성벽,性癖,"버릇, 나쁜 버릇, 습관, 나쁜 습관"
5693,성묘,成苗,자란모
5692,성명을 자서하고 무인,拇印-,이름 쓰고 손도장 찍기
5691,성림무육,成林撫育,큰나무가꾸기
5690,성계,成鷄,큰닭
5689,성 페로몬,性-pheromone(영),성 유인 물질
5688,성 에너지,省Energy(영),에너지절감(節減)
5687,섭식량,攝食量,먹는 양
5686,섭스티튜션,substitution(영),선수 교체
5685,섬네일,thumbnail(영),마중그림
5684,"설형석핵, 쐐기형몸돌",楔形石核,쐐기모양몸돌(wedge-shaped core)
5683,설형,楔形,쐐기꼴
5682,설해용사,雪害用砂,미끄럼 방지 모래
5681,설채,設彩,"색채우기,설채"
5680,설착,楔著,쐐기 붙임
5679,설육,屑肉,부스러기 고기
5678,설유,說諭,타이름
5677,설영하다,設營--,"설치하다, 운영하다"
5676,설영인,設營人,설치인
5675,설엽,屑葉,잎 부스러기
5674,설색,設色,색칠
5673,설붕방지공,雪崩防止工,"눈막이, 눈사태막이"
5672,설붕,雪崩,눈사태
5671,설미,屑米,싸라기
5670,설물,屑物,부스러기
5669,설립,屑粒,싸라기
5668,설리러퀴,soliloquy(영),"혼잣말, 독백(獨白)"
5667,선홍색 유동성,鮮紅色 流動性,빨간색 흐름 성질
5666,선형,扇形,부채꼴
5665,선행하다,先行--,앞서다
5664,선행열차,先行列車,앞 열차
5663,선행 열차,先行列車,앞차
5662,선하차 후승차,先下車 後乘車,내린 다음 타기
5661,선하증권,船荷證券,뱃짐증권
5660,선팅,sunting(←sun+coating(영)),빛가림
5659,선태식물,蘚苔植物,이끼 식물
5658,선태류,蘚苔類,이끼류
5657,선캡,suncap(영),볕가림 모자
5656,"선취하다, 후취하다",先(後)取,"미리 받다, 나중에 받다"
5655,선취 담보,先取 擔保,사전 담보
5654,선취,先取,먼저 얻음
5653,선출,選出,뽑음
5652,선천성 기형,先天性 畸形,선천 기형
5651,선처하다,善處--,잘 처리하다
5650,선창,船艙,부두
5649,선착장,船着場,"나루, 나루터"
5648,선지공,線芝工,①줄떼다지기 ②줄떼붙이기 ③줄떼심기
5647,선지,線芝,줄떼
5646,선주공,萱株工←훤주공,"새심기, 새풀심기"
5645,선주 이식,萱株移植←훤주이식,"새심기, 새풀심기"
5644,선주,先柱,뒷기둥
5643,선주,船主,배 임자
5642,선종,選種,씨고르기
5641,선전류,線轉流,선로 전환(線路轉換)
5640,선임,選任,"뽑음, 임명함"
5639,선임,船賃,"배삯, 선박운송료"
5638,선염법,渲染法,번짐법
5637,선염,渲染,"선염, 선염법, 번짐법"
5636,선연하다,鮮姸--,뚜렷하다
5635,선암종,腺癌腫,샘암종
5634,선수선,船首線,이물선
5633,선수,船首,"이물, 뱃머리"
5632,선상균사,扇狀菌絲,"부채꼴 균사, 부채꼴 곰팡이실"
5631,선상 표피 박탈,線狀 表皮 剝脫 l,① 선 모양 표피 벗겨짐 ② 생채기
5630,선불,先拂,선지급
5629,선봉,先鋒,앞장
5628,선복량,船腹量,선박 보유량
5627,선복,船卜,뱃짐
5626,선베드,sunbed(영),일광욕 의자
5625,선반,旋盤,"돌이판, 갈이판"
5624,선미 촉수,船尾-,고물 축받이
5623,선미,船尾,고물
5622,선무 방송,宣撫放送,설득 방송
5621,선무,宣撫,"다독거림, 어루만짐"
5620,선묘,選苗,모고르기
5619,선목,選木,나무고르기
5618,선명,船名,배 이름
5617,선망,旋網,두릿그물
5616,선람하다,先覽--,미리 보다
5615,선두,先頭,앞장
5614,선동,煽動,부추김
5613,선덱,sun deck(영),일광욕대
5612,선납 일수,先納日數,"미리 낸 날짜, 선납 날수"
5611,선납 보험료,先納保險料,미리 낸 보험료
5610,선관 의무,善管義務,잘 관리할 의무
5609,선과,選果,과실고르기
5608,선거행낭,選擧行囊,선거 자루
5607,선거,船車,배와 차량
5606,선거,船渠,"뱃도랑, 독(dock)"
5605,선각,線刻,선새김 줄새김
5604,석회,夕會,저녁 모임
5603,석패하다,惜敗--,아깝게 지다
5602,석종형부도,石鐘形浮屠,종모양부도
5601,석조공,石條工,줄돌쌓기
5600,석제,石堤,돌둑
5599,석절공,石切工,돌깨기
5598,석장,石墻,돌담
5597,석장,錫杖,"지팡이, 석장"
5596,석유통,石油桶,"빨통, 붓빨통"
5595,석유토공,石留土工,돌흙막이
5594,석언제공,石堰堤工,돌댐쌓기
5593,석언제,石堰堤,돌댐
5592,석실분,橫穴式石室墳,"굴식돌방무덤, 횡혈식석실분(stone chamber with tunnel entrance)"
5591,석수로,石水路,"돌수로, 돌도랑"
5590,석수,石手,석공(石工)
5589,석상,席上,자리에
5588,석산,石山,돌산
5587,석비,石碑,"비석, 돌비"
5586,석분,石粉,돌가루
5585,석보안공,石保岸工,돌기슭막이
5584,석보상공,石保床工,돌바닥막이
5583,석보곡공,石保谷工,돌골막이
5582,석발미,石拔米,돌고른쌀
5581,석발,石拔,돌고름
5580,석명하다,釋明--,"해명하다, 밝히다"
5579,석력지,石礫地,자갈땅
5578,석력,石礫,자갈
5577,석도,石刀,돌칼
5576,석당,石幢,경당
5575,석고볼,石膏bowl(영),석고 그릇
5574,석,蓆,거적
5573,서훈된 자,敍勳-,훈장을 받은 자
5572,서환,書換,동일 조건 재대출
5571,서포팅 액트리스,supporting actress(영),조연 여배우
5570,서포트,support(영),"지원, 지원하다"
5569,서포기,鼠捕機,쥐덫
5568,서펜타인,serpentine(영),뱀 모양 타기
5567,서킷브레이커,circuit breaker(영),일시 매매 정지
5566,서킷 보드,circuit board(영),회로판
5565,서킷,circuit(영),회로
5564,서클 에이트,circle eight(영),"8자형, 8자형그리기"
5563,서클,circle(영),동아리
5562,서큘러 크로스,circular cross(영),곡선 이동
5561,서치,search(영),"검색, 정보 검색"
5560,서취,書取,받아쓰기
5559,서증,書證,서면 증거
5558,서족,鼠族,쥐
5557,서제스티브 리얼리즘,suggestive realism(영),암시적 사실주의
5556,서장 목록,書狀目錄,통상 우편물 발송 목록
5555,서장,書狀,"서류, 편지"
5554,서양리,西洋李,양자두
5553,서스펜스,suspense(영),"긴장, 긴장감"
5552,서스펜션,suspension(영),연결부
5551,서스펜디드 게임,suspended game(영),일시 정지 경기
5550,서스펜디드,suspended(영),"정지, 일시 정지"
5549,서손,書損,잘못 쓰임
5548,서빙하다,serving(영)--,"봉사하다, 접대하다, 내다"
5547,서빙 오더,serving order (영),메김 순서
5546,서비스드 레지던스,serviced residence(영),임대형 주거 시설
5545,서비스02,service(영),(운동 경기에서)메기기
5544,"서비스01, 서비스서브",serviceserve(영),"메김, 메기기"
5543,서비스 폴트,service fault(영),메김 실패
5542,서비스 포인트,service point(영),메김 득점
5541,서비스 콘트랙트,service contract(영),우대 운송 계약
5540,서비스 코트,service court(영),메김 구역
5539,서비스 차지,service charge(영),봉사료
5538,서비스 에이스,service ace(영),메김 득점
5537,서비스 박스,service box(영),메김 지역
5536,서비스 라이플,service rifle(영),군용총 경기
5535,서브플롯,subplot(영),부구성
5534,서브텍스트,subtext(영),"속뜻, 숨은 뜻"
5533,서브머린 피처,submarine pitcher(영),"올려던지기, 잠수함 투구"
5532,서브 에이스,serve ace(영),메김 득점(운동 경기에서)
5531,서브 앤드 발리 플레이어,serve and volley player(영),전진 공격형 선수
5530,서브,serve(영),매겨 넣기
5529,서버,server(영),메김 선수
5528,서바이벌 게임,survival game(영),생존 게임
5527,서미,緖尾,처음과 끝
5526,서모스탯,thermostat(영),온도 감지기(溫度感知器)
5525,서머스쿨,summer school(영),여름 학교
5524,서머리,summary(영),"간추림, 요약, 개요"
5523,서머랠리,summer rally(영),여름 특수
5522,서머 타임,summer time(영),여름 알뜰 시간
5521,서류 첨서,書類添書,서류 첨부서
5520,서류,薯類,감자류
5519,서든 데스,sudden death(영),①즉각 퇴출 ②단판 승부
5518,서드 엔지니어,third engineer(영),3등 기관사
5517,"서드 베이스, 서드 베이스 맨","third base,third base man(영)","삼루, 삼루수"
5516,서두,序頭,첫머리
5515,서과,西瓜,수박
5514,섀도 플레이,shadow play(영),"짓다지기, 동작 연습"
5513,섀도 캐비닛,shadow cabinet(영),그림자 내각
5512,샷 패턴,shot pattern(영),산탄군 형태
5511,샷 칼럼,shot column(영),상하 산탄군
5510,샷,shot(영),"치기, 공 치기"
5509,샴푸다이,shampoo(영)臺,세발대
5508,샤프트스테이브,shaft stave(영),잉앗대
5507,샤프트,shaft(영),채자루
5506,샤프 펜슬,sharp pencil(영),자동 연필
5505,샤쿠리,"決-り(일), 刳-り(일)",홈파기
5504,샤쿠,杓,"구기, 도가니, 꼭지도가니"
5503,샤모트,chamotte(프),구운 가루
5502,생활 조정 수당,,생활 안정금
5501,생활 반응,生活 反應,활력 반응
5500,생하다,生--,생기다
5499,생피,相避,상피
5498,생크,shank(영),빗치기
5497,생초,生草,"풀, 생풀"
5496,생체외배양,生體外培養,기내배양
5495,생지지타,生枝枝打,생가지치기
5494,생지03,生枝,생가지
5493,생지02,生紙,생종이
5492,생절,生節,옹이
5491,생재,生材,생재목
5490,생장추,生長錐,"나이테 측정기, 나이테 표본 채취기"
5489,생장조정제,生長調整劑,생장 조절약
5488,"생장의, 초목 생장의",生長-,"자라는, 초목이 자라는"
5487,생장률,生長率,자람 비율
5486,생장,生長,성장(成長)
5485,생육 상황,生育狀況,자람 상태
5484,생육,生肉,날고기
5483,생유,生乳,"날젖, 생젖"
5482,생원,生垣,생울타리
5481,생에너지,省energy(영),에너지 절약
5480,생아,生蛾,산나방
5479,생선묵,生鮮-,어묵
5478,생선가쓰,生鮮-カツ(일)←cutlet(영),생선 튀김
5477,생사,生絲,생실
5476,생물시험,生物試驗,생물 검정법
5475,생명 증후,生命 症候,활력 징후
5474,생립본수,生立本數,산나무 수
5473,생립,生立,"자라는, 산"
5472,생력,省力,"노력 절약, 힘 절약"
5471,생고시용,生藁施用,볏짚깔기
5470,생고,生藁,볏짚
5469,샘플링간격,sampling(영) 間隔,추출 간격(抽出間隔)
5468,샘플러,sampler(영),맛보기묶음
5467,샐러리캡,salary cap(영),연봉 상한제 (프로 스포츠에서)
5466,샐러던트,saladent(영),계발형직장인
5465,샌드페이퍼,sandpaper(영),"사포, 속새"
5464,샌드블라스팅,sand blasting(영),모래맞이
5463,샌드릴,sand real(영),흙모래 분리기
5462,샌드 웨지,sand wedge(영),벙커용채
5461,샌드 백,sand bag(영),모래자루
5460,샌더,sander(영),갈개
5459,색출,索出,찾아냄
5458,"색인, 색인 목록","索引, 索引目錄",찾아보기
5457,색소,色素,물씨
5456,색분,色粉,가루 물감
5455,색등식,色燈式,신호등 방식
5454,새크리파이스 번트,sacrifice bunt(영),"희생 대기, 희생 번트"
5453,새시 로크,sash lock(영),"창틀 잠금쇠, 창문 잠금쇠"
5452,새시,sash(영),"문틀, 알루미늄 문틀, 창틀, 알루미늄 창틀, 새시"
5451,새시,sash(영),창틀
5450,상흔,傷痕,흉터
5449,상회하다,上廻--,웃돌다
5448,상회,上繪,웃그림
5447,상환하다,償還--,갚다
5446,상환하다,償還--,갚다
5445,상환,相換,맞바꿈
5444,상호 인덕턴스,相互 inductance(영),결합 인덕턴스(結合----)
5443,상호 대차,相互貸借,서로 빌려주기
5442,상호 계산,相互計算,엇셈
5441,상혈,霜穴,서릿구멍
5440,상향집재,上向集材,올림 집재
5439,상해,霜害,"서리해, 서리피해"
5438,상하,床下,바닥
5437,상포품,上包品,포장 담배
5436,상토,床土,모판흙
5435,상치 신호기,常置信號機,상설 신호기
5434,상체,床替,판갈이
5433,상철,上綴,윗매기
5432,상차하다,上車--,① 차에 싣다 ② 차에 오르다
5431,상차 비용,上車 費用,차에 싣는 비용.
5430,상차,常差,정오차
5429,상지,上肢,팔과 손
5428,상주,霜柱,서릿발
5427,상종가,上終價,상한가
5426,상존02,尙存,남아 있음
5425,상존,床拵,모판만들기
5424,상족기,上簇機,누에섶
5423,상정하다,上程--,"회의에 부치다, 회의에 올리다"
5422,상접하는,相接--,"맞닿는, 서로 만나는"
5421,상전,桑田,뽕밭
5420,상이한,相異-,"다른, 서로 다른"
5419,"상이하다, 상이한",相異--,"서로 다르다, 서로 다른"
5418,상이,傷痍,부상
5417,상위하다,相違--,"다르다, 서로 다르다"
5416,상우하다,賞遇--,상을 주다
5415,상용노동자,常用勞動者,고정 노동자
5414,상용,常用,늘 씀
5413,상완,上腕,윗팔
5412,상옥,上屋,헛간
5411,상실한 자,喪失-,잃은 사람
5410,상신하다,上申--,올리다
5409,상시계도,常時啓導,"평소 지도, 평소의 지도"
5408,상시개호,常時介護,"항상 보호, 늘 보살핌"
5407,상습지,常習地,자주나는 곳
5406,상습적 학대,常習的 虐待,상습 학대
5405,상술,上述,"위에서 말함, 앞에서 말함"
5404,상수위,常水位,평수위
5403,상설하다,詳說--,자세히 설명하다
5402,상석,床石,상돌
5401,상보,詳報,자세히 알림
5400,상보,相補,서로 도움
5399,상병 부위,傷病部位,"다친 곳, 다친 데"
5398,상병,傷病,다치거나 병듦
5397,상변,上邊,윗변
5396,"상배하다, 상배드리다",上拜--,절을 올리다
5395,상방집재,上方集材,올림 집재
5394,상미,賞美,칭찬함
5393,상묘,桑苗,뽕나무 묘목
5392,상목,上木,상층목
5391,상명 천칭,上皿天秤,접시저울
5390,상면,床面,"바닥면, 모판 바닥"
5389,상린자,相隣者,이웃 사람
5388,상륜,霜輪,서리테
5387,상대고주파 성분,相對高周波成分,고조파 함유율(高周波含有率)
5386,상단,上端,"위 끝, 위쪽 끝"
5385,상년,上年,지난해
5384,상기하다,詳記--,"자세히 쓰다, 자세히 적다"
5383,상기자,上記者,"위 사람, 위에 적은 사람"
5382,상기와 여히,上記- 如-,위에 적은 대로
5381,상금,尙今,"아직, 아직까지, 아직도"
5380,상궤,常軌,① 바른 길 ② 틀
5379,상구배,上句配,오름기울기
5378,상광,床框,모판자리
5377,상고공,床固工,바닥막이
5376,상계 관세,相計關稅,비김 관세
5375,상계,相計,"엇셈, 맞계산"
5374,상견하다,相見--,마주보다
5373,상견례하다,相見禮--,첫인사를 나누다
5372,삿보도,,"받침대, 지주, 동바리"
5371,삽화,揷花,꽃꽂이
5370,삽탈,揷脫,끼우고 떼기
5369,삽착,揷着,끼워 붙임
5368,삽입 중계,揷入中繼,끼워넣기 중계
5367,삽식,揷植,꺾꽂이
5366,삽시,澁枾,떫은 감
5365,삽수,揷穗,꺾꽂이 순
5364,삽설,揷設,끼워넣기
5363,삽상,揷床,꺾꽂이 모판
5362,삽미,澁味,떫은 맛
5361,삽목상,揷木床,꺾꽂이 모판
5360,삽목묘,揷木苗,꺾꽂이모
5359,삽목,揷木,"꺾꽂이, 가지심기"
5358,삽관술,揷管術,"도관술, 삽관술"
5357,삼지창,三枝槍,가지창(pronged spear)
5356,삼족기,三足器,세발그릇
5355,삼제,芟除,베어 버림
5354,삼정박,蔘精粕,삼 찌꺼기
5353,삼접,三接,셋붙임
5352,삼선별,蔘選別,삼고르기
5351,삼면기사,三面記事,"사회 기사, 도막 기사"
5350,삼경,蔘莖,삼 줄기
5349,삼각활차,三角滑車,삼각 도르래
5348,삼각형석도,三角形石刀,삼각형돌칼
5347,삼각촉,三角鏃,세나래활촉
5346,살포,撒布,뿌리기
5345,살초제,殺草劑,제초제
5344,살수구,撒水球,물준 알
5343,살서제,殺鼠劑,쥐약
5342,살사통,撒沙筒,모래통
5341,살분기,撒粉機,"가루뿌리개, 가루뿜개"
5340,살목제,殺木劑,나무 죽이는 약
5339,산후 출혈,産後 出血,분만 후 출혈
5338,산회하다,散會--,"파하다, 회의를 파하다, 흩어지다"
5337,산화적지,山火跡地,"산불 자리, 산불 난 자리"
5336,산화염,酸化焰,산화불꽃
5335,산화경방탑,山火警防塔,산불 망대
5334,산화경방,山火警防,산불 조심
5333,산화경망대,山火警望臺,산불 망대
5332,산화,山火,산불
5331,산형화서,繖形花序,우산꼴 꽃 차례
5330,산하 기관,傘下機關,딸림 기관
5329,산하,傘下,딸림
5328,산포도,山葡萄,머루
5327,산포,散布,흩어져 퍼짐
5326,산파공,山播工,흩어뿌리기
5325,산파,散播,흩뿌리기
5324,산지,山芝,산떼
5323,산주,山主,"산 임자, 산림 소유자"
5322,산정하다,算定--,"셈하다, 계산하다"
5321,산정,山頂,산꼭대기
5320,산적,山積,치쌓기
5319,산자수,産仔數,"새끼수, 낳은 새끼수"
5318,산입하다,算入--,① 포함하다 ② 셈에 넣다
5317,산울타리,生籬,생울타리
5316,산업비림,産業備林,산업용 비축림
5315,산양유,山羊乳,염소젖
5314,산양,山羊,염소
5313,산약,山藥,마
5312,산슨각,三寸角,세치(9cm) 각재
5311,산슨가쿠,三寸角,세 치 각
5310,산슨,三寸,"세치, 9cm"
5309,산소 결핍,酸素 缺乏,산소 부족
5308,산성우,酸性雨,산성비
5307,산사,山砂,산모래
5306,산복편책공,山腹編柵工,"산비탈바자얽기, 산허리 바자얽기"
5305,산복축석공,山腹築石工,산비탈돌쌓기
5304,산복조타복공,山腹粗朶覆工,산비탈섶덮기
5303,산복적석공,山腹積石工,"산비탈돌쌓기, 산허리 돌쌓기"
5302,산복수로공,山腹水路工,"산비탈수로내기, 산비탈도랑내기"
5301,산복,山腹,"산허리, 산비탈"
5300,산바시,棧橋,"발판, 잔교"
5299,산미,山彌,"산미, 살미"
5298,산미,酸味,신맛
5297,산물,散物,흩어진 짐
5296,산막,産幕,해산막
5295,산록,山麓,산기슭
5294,산란,産卵,알낳기
5293,산도교정,酸度矯正,"산성 교정, 산성도 교정"
5292,산과앵도,酸果櫻桃,신 앵두
5291,산견,散見,"여기저기 보임, 드물게 보임"
5290,삭흔,索痕,끈 자국
5289,삭토,削土,흙깎기
5288,삭정,削整,깎음
5287,삭연 출혈,索緣 出血,끈 가장자리 출혈
5286,삭상물,索狀物,끈
5285,삭도집재,索道集材,"삭도나무모아쌓기, 삭도통나무모아쌓기"
5284,삭구,索溝,끈 고랑
5283,삭간 출혈,索間 出血,끈 사이 출혈
5282,삭,蒴,다래
5281,사후 손상,死後 損傷,사망 후 손상
5280,사후 손괴,死後 損壞,사망 후 파괴
5279,사후 분해,死後 分解,사망 후 절단
5278,사후 검사,死後 檢査,사망 후 검사
5277,사행천,蛇行川,곡류(曲流)
5276,사행심,射倖心,요행심
5275,사행,射倖,요행을 바람
5274,사토장,捨土場,흙버리는 곳
5273,사토,捨土,흙버리기
5272,사키도리,先取り(일),미리빼기
5271,사키,先,귀두겁
5270,사쿠지,削字,쪽자
5269,사쿠라,"櫻, さくら(일)","①벚꽃, 벚나무 ②사기꾼, 야바위꾼"
5268,사칸,"左官, さかん(일)",미장이
5267,사카즈키,さかずき(일),술잔
5266,사카마키,逆捲-き(일),역라이닝(lining)
5265,사카다치,逆立,"물구나무서기, 곤두서기"
5264,사칭하다,詐稱--,"속이다, 속여 말하다"
5263,사취,詐取,속여 빼앗음
5262,사총,絲葱,실파
5261,사초,莎草,잔디
5260,사체로 분만된,死體- 分娩-,"죽어 태어난, 죽어서 태어난"
5259,사체,死體,"시체, 주검"
5258,사청미,死靑米,죽은푸른쌀
5257,사청,死靑,진푸름
5256,사천장,傾斜天障,빗천장
5255,사찰,査察,"조사, 살핌"
5254,사주하다,使嗾--,부추기다
5253,사주부,司廚部,조리부
5252,사조,飼槽,먹이통
5251,사정,査正,바로잡음
5250,사정,査定,"심사 결정, 조사 결정"
5249,사절,死節,"옹이, 죽은 옹이, 죽은 마디"
5248,사전기,死戰期,임종기
5247,사적재,私的財,사유재
5246,사저,斜底,비탈밑
5245,사장,砂場,"모래판, 모래톱"
5244,사입하다,仕入--,사들이다
5243,사입시,仕入時,살 때
5242,사입선,仕入先,"산 곳, 살 곳"
5241,사입부,射入部,총알 입구
5240,사입 가격,仕入價格,"살 값, 산 값"
5239,사인 전구,sign(영)電球,표시등(表示燈)
5238,사인 불명,死因 不明,"사인 불명, 사인 알 수 없음"
5237,사인 보드,Sign Board(영),안전유도판
5236,사인,私印,개인 도장
5235,사이트 맵,site map(영),사이트 지도
5234,사이트 라인,sight line(영),시각선
5233,사이키,psychedelic(영),"깜빡이, 깜빡이조명"
5232,사이클링 히트,cycling hit(영),고루치기
5231,사이클링 트랙,cycling track(영),"경기장, 사이클경기장"
5230,사이클론,cyclone(영),회오리바람
5229,사이클러래머,cyclorama(영),하늘막
5228,사이클 드라마,cycle drama(영),순환극
5227,사이클,cycle(영),"① 자전거 ② 주기, 주파수"
5226,사이컬로지컬 리얼리즘,psychological realism(영),심리적 사실주의
5225,사이세키바,採石場,채석장
5224,사이세키,碎石,"부순 돌, 쇄석"
5223,사이비,似而非,"가짜, 겉비슷"
5222,사이버몰,cyber mall(영),가상 장터
5221,사이버머니,cyber money(영),전자 화폐
5220,사이버론,cyber loan(영),사이버 대출
5219,사이버 인프라,cyber infra(영),전자정보공유 기반 시설
5218,사이버,cyber(영),"가상, 가상 공간"
5217,사이멀테이니어스 세팅,simultaneous setting(영),동시 무대 장치
5216,사이드카,sidecar(영),호위 차량
5215,사이드와이즈 크로스,sidewise cross(영),나선 이동
5214,사이드어택커,side attacker(영),측면 공격수
5213,사이드암 스트로크,sidearm stroke(영),"옆쪽치기, 옆쪽에서치기"
5212,사이드비즈니스,side business(영),부업
5211,사이드 힐 라이,side hill lie(영),"비탈, 비탈 상태"
5210,사이드 피치,side pitch(영),옆 경사각
5209,사이드 패스,side pass(영),옆으로 주기
5208,사이드 파트너,side partner(영),한 짝
5207,사이드 트랙,side track(영),옆으로 이동
5206,사이드 킥,side kick(영),옆차기
5205,사이드 컷,side cut(영),스키 중앙 휨 부분
5204,사이드 엘러베이션,side elevation(영),옆 입면도
5203,사이드 암,side arm(영),옆던지기
5202,사이드 아웃,side out(영),"옆줄벗어나기, 메김권교체"
5201,사이드 아밍,side arming(영),옆팔짓
5200,사이드 슬립,side slip(영),옆 미끄러지기
5199,사이드 스핀,side spin(영),옆회전
5198,사이드 스텝 클라이밍,side step climbing(영),계단식 오르기
5197,사이드 스텝,side step(영),"옆걸음, 옆뛰기"
5196,사이드 스로,side throw(영),옆으로 던지기
5195,사이드 블로,side blow(영),옆치기
5194,사이드 보더,side border(영),가장자리
5193,사이드 벙커,side bunker(영),"주변 벙커, 그린주변 벙커"
5192,사이드 메뉴,side menu(영),곁들이
5191,"사이드 마커, 사이드 마커 아웃","side marker, side marker out(영)",가름대 밖
5190,사이드 롤링,side rolling(영),가로돌리기
5189,사이드 라인,side line(영),옆줄
5188,사이드 라이팅,side lighting(영),측면 조명
5187,사이드,side(영),"옆, 곁"
5186,사이닝 보너스,signing bonus(영),① 계약 상여금 ② 격려금
5185,사유,私有,개인 소유
5184,사위등재,詐僞登載,거짓 기재
5183,사위,四圍,넷에움
5182,사위,詐僞,거짓
5181,사워 애플,sour apple(영),복판핀치기
5180,사우스 포,south paw(영),왼손 투수
5179,사용흔,使用痕,쓰인 자국
5178,사역시키다,使役---,일 시키다
5177,사역수,使役手,사역원
5176,사역 집배,使役集配,위탁 집배
5175,사양토,砂壤土,"모래참흙, 모래진흙"
5174,사양서,"仕樣書, しよう(일)-書",설명서
5173,사양,"仕様, しよう(일)","설명, 설명서, 품목"
5172,사양,飼養,"치기, 기르기"
5171,사시킨,差筋,삽입근
5170,사시카에,"差-え(일), 替-え(일)",갈아꽂이
5169,사시가네02,差し(일)金,곱자
5168,사시가네01,差-し-金(일),"미레자, 곱자, 곡척"
5167,사시,指し,"가리키기, 가리킴"
5166,사술,詐術,속임수
5165,사손,社損,회사 손해
5164,사석수로공,捨石水路工,"막돌수로내기, 막논돌수로내기, 막돌도랑내기, 막논돌도랑내기"
5163,사석수로,捨石水路,"막돌수로, 막논돌수로, 막돌도랑, 막논돌도랑"
5162,사석공,捨石工,막돌놓기
5161,사석02,捨石,막논돌
5160,사석01,飼石,굄돌
5159,사상,仕上,"마무리, 끝손질"
5158,사삼,沙蔘,더덕
5157,사산,死産,"죽은 새끼 낳음, 죽은 아이 낳음"
5156,사사,舍飼,가둬기르기
5155,사비도메누리,錆止塗-り(일),녹막이칠
5154,사비도메,錆止め(일),녹막이
5153,사비,私費,"개인 비용, 개인 돈"
5152,사분,篩粉,가루
5151,사복공,砂伏工,모래덮기
5150,사보텐,サボテン(일),선인장
5149,사보타지,sabotage(프),"태업, 파업"
5148,사별법,篩別法,체질법
5147,사백미,死白米,죽은흰쌀
5146,사방지,砂防地,모래막이 지역
5145,사방,舍房,수용실
5144,사반세기,四半世紀,사분세기
5143,사미,死米,죽은쌀
5142,사무라이,侍,"일본 무사, 일본 봉건 시대 무사"
5141,사무 분장,事務分掌,업무 분담
5140,사멸온도,死滅溫度,죽는 온도
5139,사면혼파공,斜面混播工,비탈씨섞어뿌리기
5138,사면피복공,斜面被覆工,비탈덮기
5137,사면파종공,斜面播種工,비탈씨뿌리기
5136,사면토류공,斜面土留工,비탈흙막이
5135,사면침식,斜面寢食,"비탈 침식, 비탈면 침식"
5134,사면장석공,斜面長石工,비탈돌붙이기
5133,사면유토공,斜面留土工,비탈흙막이
5132,사면안정공,斜面安定工,비탈 안정 공법
5131,사면수로공,斜面水路工,"비탈수로내기, 비탈도랑내기"
5130,사면붕괴,斜面崩壞,"비탈 보호 붕괴, 비탈면 보호 붕괴"
5129,사면보호공,斜面保護工,"비탈 보호 공사, 비탈면 보호 공사"
5128,사면 보호,斜面保護,비탈 보호
5127,사면,斜面,"비탈, 비탈면"
5126,사면,四眠,넉잠
5125,사매매,私賣買,뒷거래
5124,사망력,死亡歷,사망 경과
5123,사망,死亡,"사망, 죽음"
5122,사망,絲網,실그물
5121,사리 부설,砂利敷設,자갈깔기
5120,사리,砂利,자갈
5119,사류,射流,급류
5118,사루비아,salvia(영),샐비어
5117,사루마타,猿股,"속잠방이, 팬티"
5116,사료 급여,飼料給與,먹이주기
5115,사료,,"생각, 판단"
5114,사롱견,死籠繭,죽은 고치
5113,사롱,蛇籠,돌망태
5112,사령,辭令,발령
5111,사력토,沙礫土,자갈흙
5110,사력,砂礫,자갈
5109,사란,死卵,곤 달걀
5108,사라시,晒,"바래기, 표백"
5107,사라다,salad(영),샐러드
5106,사동,舍棟,수용동
5105,사도 개설,私道開設,"사삿길 신설, 사설 도로 신설"
5104,사도,私道,"사삿길, 사설 도로"
5103,사낭,砂囊,모래주머니
5102,"사구울, 사구울타리",,퇴사울
5101,사구식재공,砂丘植載工,해안 사지 조림
5100,사구간,死區間,무전력 구간
5099,사구,砂丘,모래 언덕
5098,사과,絲瓜,수세미
5097,사고사,事故死,"사고 사망, 사고사"
5096,사고 통지서,事故通知書,"위반 통지서, 규정 위반 통지서"
5095,사고 조복,事故照覆,사고 점검 보고
5094,사고 다발 지역,事故多發地域,사고 잦은 곳
5093,사고 다발 업체,事故多發業體,사고 잦은 업체
5092,사계,斯界,"그 방면, 이 방면, 그 분야, 이 분야"
5091,사견,司見,실습 조리사
5090,사게후리,下-げ-振-り(일),다림추
5089,사거02,絲鋸,실톱
5088,사거01,斜距,"비탈 거리, 사거리"
5087,사강,死剛,사망 후 경직
5086,사각망목사,四角網目篩,모눈체
5085,사가리,"さがり(일), 下-がり(일)",헛치기
5084,사,沙,모래
5083,삥뽕,pingpong(영),"탁구, 핑퐁"
5082,삐빠,sand paper(영),"사포, 속새"
5081,삐라,bill(영),전단
5080,쁘레카,Breaker(영),파쇄기
5079,뿌라야,pliers(영),"틀집게, 플라이어"
5078,뿌라그,plug(영),"꽂개, 플러그"
5077,뽐뿌,"ポンプ(일)←pump(영), pomp(네)",펌프
5076,뽀뿌린,poplin(영),포플린
5075,뽀뿌라,poplar(영),포플라
5074,뼁끼칠,ペンキ(일)柒←paint(영)柒,"칠, 페인트칠"
5073,뻰찌,pinchers(영),"집게, 자름집게, 펜치"
5072,빵카,bunker(영),"진지, 벙커"
5071,빵꾸,puncture(영),"구멍, 구멍내기, 구멍나기, 펑크, 흠구멍"
5070,빠타,barter(영),맞바꾸기
5069,빠찌,badge(영),"휘장, 표장(標章), 배지"
5068,빠우치다,,광내다
5067,빠우,,"윤내기, 광내기"
5066,빠루,パ―ル(일)←bar(영),"노루발못뽑이, 배척"
5065,빠데,パテ(일)←putty(영),"땜풀, 퍼티, 메움밥"
5064,빠다,バタ-(일)←butter(영),버터
5063,빠꾸오라이,バックオ-ライ(일)←back all right(영),"뒤로, 후진"
5062,빙점,氷點,어는점
5061,빙자하다,憑藉--,(...을) 핑계삼다
5060,빙식,氷蝕,빙하 침식
5059,빙렬,氷裂,식은태
5058,빙괴,氷塊,얼음덩이
5057,빔 프로젝터,beam projector(영),빔 투사기
5056,빔 스풀리터,beam splitter(영),빔 분할기
5055,빔,beam(영),도투마리
5054,"빌트인, 빌트인 가구",built-in(영) 家具,"붙박이, 붙박이 가구, 설치형, 설치형"
5053,빌트인,built-in(영),설치형
5052,빌링,billing(영),요금 납입
5051,빌딩,building(영),"건물, 고층 건물"
5050,빌,bill(영),계산서
5049,빈티지 패션,vintage fashion(영),"중고 패션, 골동 패션"
5048,빈티지 룩,vintage look(영),"중고풍, 헌 옷풍, 허름풍"
5047,빈지,濱地,"물가, 바닷가"
5046,빈우,牝牛,암소
5045,빈볼,bean ball(영),위협구
5044,빅토리,victory(영),"승리, 이겨라"
5043,빅매치,big match(영),대전(對戰)
5042,빅 필,big fill(영),나머지핀처리
5041,빅 포,big four(영),황금문
5040,빅 파이브,big five(영),둘셋 퍼진핀
5039,빅 카드,big card(영),"관심거리, 주관심거리"
5038,빅 보어 라이플,"big bore rifle(영), m(영)","300m 소총, 대구경 소총"
5037,빅 뱅,big bang(영),① 대폭발 ② 대변혁
5036,빅 리그,big league(영),최상위연맹
5035,비효,肥效,거름 효과
5034,비환,臂環,코뚜레
5033,비헤이비어아트,behaviour art(영),"몸짓 예술, 행위 예술"
5032,비하인드 컷,behind cut(영),"미공개 장면, 미공개 영상"
5031,비표,秘標,비밀 표시
5030,비파형동모,琵琶形銅矛,비파모양창끝
5029,비트크로스,bitcross(영),"세대 교체, 반도체 세대 교체"
5028,비트,pit(영),"작업 구덩이, 홈파인 작업대"
5027,비투시,B2C(Business-to-Customer(영)),기업·소비자 거래
5026,비투비,B2B(Business-to-Business(영)),기업 간 거래
5025,비토,veto(영),"거부, 거부권"
5024,비토,肥土,기름진 땅
5023,비콘,beacon(영),교통 정보 수집 장치
5022,비축하다,備蓄--,"저축하다, 모아 두다"
5021,비체절,非締切,승무원 앞 우편물
5020,비차,費差,사업비 차이
5019,비진동임펄스전압,Non-oscillating Impulse Voltage(영),비진동충격전압(非振動衝擊電壓)
5018,비지터 피,visitor fee(영),비회원 사용료
5017,비지니스맨,businessman(영),"실업가, 사업가"
5016,비즈니스캐주얼,businesscasual(영),간이 사무복
5015,비즈니스맨,business man(영),"실업가, 사업가, 직장인, 기업인"
5014,비즈니스 슈트,business suit(영),정장
5013,비즈니스,business(영),"사업, 업무"
5012,비쥬얼 디스플레이,visual display(영),영상 표시
5011,비주얼화,visua(영)化,시각화
5010,비주사방식,非走査方式,사진 영상 방식
5009,비조,"尾錠, びじょう(일)",조름단
5008,비정상류,非正常流,부정류(不定流)
5007,비전형적 익사,非典型的 溺死,비전형 익사
5006,비전형적 의사,非典型的 縊死,비전형 목 맴
5005,비장,脾臟,지라
5004,비익,秘匿,"감추기, 감춤"
5003,비음,庇蔭,그늘
5002,비육우,肥肉牛,고기소
5001,비육돈,肥育豚,살퇘지 기르기
5000,비육,肥育,살찌우기
4999,비유출량,比流出量,비유량(比流量)
4998,비유,泌乳,젖나기
4997,비월,飛越,뛰어넘기
4996,비월,,넘기
4995,비우다,,배전기(配電器)
4994,비외상성 지주막 하출혈,非外傷性 蜘蛛膜 下出血,비외상 거미막 밑 출혈
4993,비외상성 뇌실질 내출혈,非外傷性 腦實質 內出血,비외상 뇌 속 출혈
4992,비외상성,非外傷性,비외상
4991,비엘,B/L(bill of landing(영)),선하 증권
4990,비엔날레,biennale(이),"격년잔치, 격년미술잔치"
4989,비어,beer(영),맥주
4988,비-아이에스디엔(B-ISDN),B-ISDN(broadband integrated services digital network(영)),광대역 종합 정보 통신망
4987,비승비강,飛乘飛降,뛰어 타고 내림
4986,비아이에스(BIS),BIS(bank for international settlements),국제 결제 은행
4985,비스 비율,BIS(영) 比率,"국제 결제 은행, 자기 자본 비율"
4984,비스,bis.←Screw bolt(프),나사못(螺絲)
4983,비속,卑屬,"손아래, 손아래 항렬"
4982,비소,費消,소비
4981,비석,飛石,징검돌
4980,비상식,"非常識, ひじょうしき(일)",몰상식
4979,비상03,飛翔,날기
4978,비상02,,곰보정
4977,비상01,飛上,날아 오름
4976,비상 제동,非常製動,"응급 제동, 비상 제동"
4975,비상 정호,非常井戶,비상 우물
4974,비산하다,飛散--,흩날리다
4973,비산먼지,飛散-,날림먼지
4972,비사,飛沙,날리는 모래
4971,비빔면,,비빔국수
4970,비비에스,BBS(영),게시판 체계
4969,비번,非番,"근무 아님, 당번 아님"
4968,비배관리,肥培管理,거름 주어 가꾸기
4967,비배,肥培,거름주기
4966,비바크,Biwak(독),산중 노숙
4965,비목,"費目, ひもく(일)",비용 명세
4964,비립,秕粒,쭉정이
4963,비림,備林,비축림
4962,비리,非理,이치 벗어남
4961,비루,"ピ-ル(일)←Bier(독), beer(영)",맥주
4960,비로도,ビロ-ド(일)←vel(l)udo(포),"빌로드, 벨벳, 우단(羽緞)"
4959,비디오폰,videophone(영),영상 전화
4958,비디오케,video ochestra(영),영상 반주
4957,비디오 폰,video phone(영),영상 전화
4956,비디오 아티스트,video artist(영),비디오 예술가
4955,비동기 전송 방식,ATM(Asynchronous Transfer Mode(영)),비동기전송방식
4954,비대칭 디지털 가입자 회선,ADSL(asymm-etric digital subscriber line(영)),종합유선방송
4953,비대생장,肥大生長,살찌기
4952,비대기,非待機,비상 대기 기관차
4951,비단,非但,다만
4950,비닐하우스,vinyl house(영),비닐 온실
4949,비농가,非農家,농사짓지 않는 집
4948,비까비까하다,ぴかぴか(일)-,번쩍번쩍하다
4947,비까번쩍하다,ぴか(일)-,번쩍번쩍하다
4946,비기,誹譏,헐뜯기
4945,비급,B級,중급
4944,비구 폐색성 질식사,鼻口 閉塞性 窒息死,코입 막힘 질식사
4943,비구 폐색,鼻口 閉塞,코입 막힘
4942,비관리청,非管理廳,관리청이 아닌
4941,비공,鼻孔,콧구멍
4940,비계,飛階,건설용 가설물
4939,비견하다,比肩--,"나란히 하다, 견주다, 겨루다"
4938,비개방성 손상,非開放性 損傷,닫힌 손상
4937,비가공의,非加工,가공하지 않은
4936,비 러프,B rough(영),"긴 잔디 지역, 중간 풀 지역"
4935,블루칩,blue chip(영),"우량주, 대량 우량주"
4934,블루오션,blue ocean(영),대안시장
4933,블루벨트,blue belt(영),"청정 수역, 근해 보호 지역"
4932,블록세일,block sale(영),주식 일괄 매각
4931,블록버스터,blockbuster(영),"초대작 (超大作), 초대형 영화 (超大型 暎畵)"
4930,블로킹 포인트,blocking point(영),가로막기 득점
4929,블로킹 파울,blocking foul(영),막기 반칙
4928,블로킹 아웃,blocking out(영),가로막기 실패
4927,블로킹,blocking(영),"막기, 가로 막기, 구역 짓기, 막아서기"
4926,블로,blow(영),치기
4925,블랭킹타임,BlankingTime(영),공백시간(空白時間)
4924,블랙푸드,black food(영),검정먹거리
4923,블랙컨슈머,black consumer(영),악덕소비자
4922,블랙아웃01,blackout(영),"일시 기억 상실, 일시적 기억 상실"
4921,블랙박스,black box(영),"운행 기록 장치, 운항 기록 장치"
4920,블랙리스트,blacklist(영),① 감시 대상 ② 요주의자 명단
4919,블랙 아이스,black ice(영),"노면 살얼음, 살얼음, 도로 살얼음"
4918,블랙 아웃,black out(영),불 끄기
4917,블랙 북,black book(영),기밀 문서
4916,블랙 먼데이,black monday(영),검은 월요일
4915,블랙 마켓,black market(영),암시장
4914,블락킹,blocking(영),동선 짜기
4913,블라인드 홀,blind hole(영),가려진홀
4912,블라인드 트러스트,blind trust(영),백지 위임
4911,블라인드 테스트,blind test(영),정보 가림 평가
4910,블라인드 채용,blind(영) 採用,"가림 채용, 정보 가림 채용"
4909,블라인드,blind(영),"① 가리개, ② 정보 가림"
4908,브이티알,VTR(영),테이프 녹화기
4907,브이이알,VER(영),"판, 판보기"
4906,브이오디 서비스,VOD (video on demand) service(영),"다시보기, 다시보기 서비스"
4905,브이에이티,VAT(value added tax(영)),부가 가치세
4904,브이아이피,VIP(Very Important Person(영)),"귀빈, 요인"
4903,브이씨알,VCR(영),카세트 녹화기
4902,브릿지,Bridge(영),탑승교
4901,브리핑룸,briefing room(영),기자 회견실
4900,브리지론,bridge loan(영),가교 대출
4899,브리지 음악,bridge(영) 音樂,"연결음, 연결음악"
4898,브리지,bridge(영),작은 구멍간격
4897,브리더,breather(영),통기 장치
4896,브루클린,brooklyn(영),"빗맞히기, 넘겨치기"
4895,브로치,broach(영),장식핀
4894,브로드밴드,broadband(영),"광대역(廣帶域), 광대역 통신망"
4893,브레일 커튼,brail curtain(영),주름막
4892,브레인풀제,brain pool(영)-制,두뇌은행제
4891,브레인스토밍,brainstorming(영),① 난상 토론 ② 발상 모으기
4890,브레이킹 스로,breaking throw(영),"수비 돌파, 수비 돌파던지기"
4889,브레이크스루,Break through(영),비정상 통전(非正常 通電)
4888,브레이크02,brake(영),"제동, 제동 장치, 멈춤 장치"
4887,브레이크01,break(영),"휴식, 휴식기"
4886,브레이크 포인트,break point(영),수비 게임점
4885,브레이크 타임,Break time(영),차단시간(遮斷時間)
4884,브레이크 오브 볼,break of ball(영),변화구(變化球)
4883,브레이크 슈즈,brake shoes(영),멈추개
4882,브레이크 다운,BreakDown(영),파괴(破壞)
4881,브레이커,Breaker(영),배선용차단기(配線用遮斷器)
4880,브랜딩 시아이(C.I.),branding commercial image(영),기업 이미지 상표화
4879,브랜드숍,brand shop(영),전속매장
4878,브랜드세일,brand sale(영),품목 할인 판매
4877,브랜드 파워,brand power(영),상표경쟁력
4876,"브랜드 아이덴티티, 비아이, BI",BI(Brand Identity(영)),"상표 정체성, 상표 일체감, 상표 이미지, 통합 상표 이미지, 브랜드 이미지"
4875,브랜드 네이밍이스트,brand-namingist(영),"상표 작명사, 상표 작명가"
4874,브래킷 램프,bracket lamp(영),"벽 전등, 브래킷 전등"
4873,브래시 앤드 레일즈,brash and rails(영),"싸리울, 싸리울장애물"
4872,브래시,brassie(영),2번 나무채
4871,브라이트 슈붕,Breit Schwung(독),"간격 스키, 간격 평행 활강"
4870,브라보,bravo(이),"잘한다, 좋다, 신 난다"
4869,뷰티 케어,beauty care(영),① 미용법 ② 미용 관리
4868,뷰,view(영),보임
4867,뷰,view(영),전망
4866,붕괴지,崩壞地,무너진 땅
4865,불허하기로,不許---,허락하지 않기로
4864,불허,不許,허락하지 아니함
4863,불하,"拂下, はらいさげ(일)","매각, 팔아 버림"
4862,불폭발성의,不爆發性-,폭발하지 않는
4861,불편부당,不偏不黨,"공정함, 편들지 않음"
4860,불펜,bull pen(영),투수 연습장
4859,불출수,不出水,물 안 나옴
4858,불입하다,拂入--,"내다, 납입하다"
4857,불입 자본,拂入資本,납입 자본
4856,불임립,不稔粒,쭉정이
4855,불원,不遠,머지 않아
4854,불용품,不用品,"못 쓰는 물건, 안 쓰는 물건"
4853,불용액,不用額,안 쓴 돈
4852,불용성,不溶性,안 녹는
4851,불용,不用,못 씀
4850,불요하다,不要--,"필요없다, 쓸데없다"
4849,불요품,不要品,필요없는 물품
4848,불완전 의사,不完全 縊死,불완전 목 맴
4847,"불연이면, 불연",不然,"그렇지 아니하면, 그렇지 않으면, 아니면"
4846,불심자,不審者,수상한 사람
4845,불식하다,拂拭--,씻어 버리다
4844,불시출수,不時出穗,때없이 이삭 패기
4843,불시재배,不時栽培,때없이 가꾸기
4842,불수리하다,不受理--,"받아들이지 아니하다, 수리하지 아니하다"
4841,불소,弗素,플루오린
4840,불상,不詳,"불상, 알 수 없음"
4839,불사하다,不辭--,"마다하지 않다, 각오하다"
4838,불비하다,不備--,갖추지 못하다
4837,불부합,不符合,맞지 않음
4836,불복종하거나,不服從---,복종하지 아니하거나
4835,불복이 있는 사람은,不服-,이의 있는 사람은
4834,불변가격,不變價格,"기준 가격, 기준년 가격"
4833,불변 지엔피(GNP),不變 GNP(Gross National Product(영)),"실질 국민 총생산, 실질 지엔피(GNP)"
4832,불배달 사유,不配達事由,배달 못한 까닭
4831,불방,不放,안팔기
4830,불미스러운,不美---,좋지 못한
4829,불명한,不明-,"알 수 없는, 명확하지 아니한"
4828,불명,不明,"불명, 알 수 없음"
4827,불릿론,bullet loan(영),일시 상환 대출
4826,불도,拂渡,내줌
4825,불납,不納,안 냄
4824,불균일,不均一,고르지 않음
4823,불고테,"-鏝, -こて(일)","인두, 머리인두"
4822,불고,不告,안 알림
4821,불가 제어암,不可制御arm(영),비제어 암
4820,분합,分合,분할과 통합
4819,분할 납품 지시서,,분할 납품 요청서
4818,분토,糞土,거름흙
4817,분토,墳土,무덤흙
4816,분총,分葱,쪽파
4815,분청조화,粉靑彫花,분청음각
4814,분철하다,分綴--,나누어 철하다
4813,분진,粉塵,먼지
4812,분지장,分枝長,가지 길이
4811,분주묘,分株苗,포기모
4810,분주,分株,포기나눔
4809,분제,粉劑,가루약
4808,분장,扮裝,꾸밈
4807,분음하다,分飮--,나누어 마시다
4806,분얼절,分蘖節,새끼마디
4805,분얼기,分蘖期,새끼칠 때
4804,분얼,分蘖,새끼치기
4803,분수,分收,수익 분배
4802,분쇄하다,粉碎--,"부스러뜨리다, 쳐부수다"
4801,분사,粉飼,가루먹이
4800,분비선,"分泌腺, ぶんぴっせん(일)",분비샘
4799,분분하다,紛紛--,"다양하다, 어지럽다"
4798,분봉,分蜂,벌통 가르기
4797,분박,分箔,채반가름
4796,분무법,噴霧法,뿜기
4795,분묘,墳墓,무덤
4794,분망하다,奔忙--,바쁘다
4793,분말 소화기,粉末消火器,가루 소화기
4792,분말,粉末,가루
4791,분립하다,分立--,나누다
4790,분립되다,分立--,"(의견 따위가) 나뉘다, 갈리다"
4789,분류제,分流堤,가름둑
4788,분니,噴泥,"진흙물뿜기, 진흙물차기"
4787,분납하다,分納--,"나누어 납부하다, 분할 납부하다, 나누어 내다"
4786,분기하다,分岐--,"갈라지다, 나누어지다"
4785,분기초망,焚寄招網,불빛채그물
4784,분기기,分岐器,선로 바꿈틀
4783,분근묘,分根苗,"뿌리모, 뿌리모종"
4782,분근,分根,뿌리나눔
4781,분구,焚口,아궁이
4780,분계된,分界-,"분리된, 나누어진"
4779,분,糞,똥
4778,북텔러,book teller(영),책낭독자
4777,북클럽,book club(영),독서 모임
4776,북크로싱,book crossing(영),책돌려보기
4775,북카드,book card(영),책목록표
4774,북엔드,bookend(영),책버티개
4773,북섹션,book section(영),"책 소개면, 책 소개란"
4772,북마크,bookmark(영),"바로찾기, 즐겨찾기"
4771,북마스터,book master(영),책길잡이
4770,북디자인,book design(영),"책 도안, 책 디자인"
4769,북 컨베이어,book conveyer(영),책 운반 장치
4768,북 마스터,book master(영),책 길잡이
4767,부후,腐朽,썩음
4766,부활,復活,효력 회복
4765,부화하다,附和--,곁붙다
4764,부호 분할 다중 접속(CDMA),CDMA(Code Division Multiple Access(영)),부호분할다중접속
4763,부합하다,符合--,"맞다, 들어맞다"
4762,부합 계약,附合契約,딸림 계약
4761,부하다,附--,붙이다
4760,부하 불능,負荷不能,"끌지 못함, 출력 불능"
4759,부하,負荷,힘걸림
4758,부표,附表,붙임표
4757,부패성 변색,腐敗性 變色,부패 변색
4756,부패병,腐敗病,썩음병
4755,부패망,腐敗網,부패 무늬
4754,부패,腐敗,썩음
4753,부토,浮土,"뜬흙, 푸석흙"
4752,부킹,booking(영),예약
4751,부케,bouquet(프),꽃다발
4750,부초,敷草,풀덮기
4749,부책하다,負責--,책임지다
4748,부책,簿冊,장부
4747,부채도끼,扇形銅斧,"부채모양도끼, 부채도끼"
4746,부착저류,附着貯留,모관 저류(毛管貯留)
4745,부지불식간,不知不識間,모르는 사이
4744,부지불각,不知不覺,엉겁결에
4743,부지03,敷芝,바닥떼
4742,부지02,"敷地, しきち(일)",대지
4741,부지01,敷地,터
4740,부종하여,附從--,"따라 붙어, (...와) 함께"
4739,부종상,浮腫狀,부은 상태
4738,부종,浮腫,붓는 병
4737,부조,浮彫,"돋을새김,부조"
4736,부제,副題,예빗둑
4735,부정아,不定芽,엇눈
4734,부정근,不定根,엇뿌리
4733,부정규침식,不定規寢食,가속 침식
4732,부정 행사,不正行使,그릇된 짓
4731,부전지,附箋紙,"쪽지, 붙임쪽지"
4730,부재중에,不在中-,없을 때
4729,부재자,不在者,"없는 사람, 집에 없는 사람, 집 떠난 사람"
4728,부장,部長,교사
4727,부잔교,浮棧橋,"뜬다리, 선창, 발판"
4726,부작위,不作爲,일부러 안 함
4725,부자,浮子,부표(浮漂)
4724,부이 계류,buoy(영) 繫留,부표 정박
4723,부이,buoy(영),"띄움찌, 부표"
4722,부의하다,附議--,토의에 부치다
4721,부의편차,負*偏差,음의 편차
4720,부의 안건,附議案件,토의 안건
4719,부유하다,浮遊--,"떠돌다, 떠다니다"
4718,부용,芙蓉,"연, 연꽃"
4717,부외 거래,簿外 去來,장부 외 거래
4716,부연승,敷延繩,뜬주낙
4715,부연,"浮椽, 付椽, 婦椽","뜬서까래, 덧서까래"
4714,부언,附言,덧붙여 말하다
4713,부양,浮揚,돋움
4712,부아립,腐芽粒,눈썩은 알
4711,부아,副芽,덧눈
4710,부싱가이시,Bushing(영)がいし(일),부싱애자(Bushing碍子)
4709,부실 기재,不實記載,건성 적음
4708,부식토,腐植土,거름흙
4707,부시,負視,전시(前視)
4706,부스터 증폭기,booster(영) 增幅器,부가 증폭기(附加 增幅器)
4705,부숙,腐熟,썩힘
4704,부수하는,附隨--,따르는
4703,부설,敷設,시설
4702,부선 연락,浮船連絡,배편 연락
4701,부생,附生,더부살이
4700,부생,復生,"다시 생겨남, 다시 태어남"
4699,부비 프라이즈,booby prize(영),행운상
4698,부불금,賦拂金,할부금
4697,부분 재사,部分再寫,일부 다시 찍음
4696,부본선,副本線,부선로
4695,부보하다,附保,보험에 들다
4694,부벽준,斧劈齧,도끼자국준법
4693,부물,附物,"부속물, 딸린 것"
4692,부모도시,ぶもどし(일),장려금
4691,부망,敷網,들그물
4690,부리하다,附利,이자를 주다
4689,부리크,ブリッキ(일)←blik(네),"양철, 함석"
4688,부를리에,bourrelier(프),경계주머니
4687,부르주아,bourgeois(프),"유산자, 유산 계급"
4686,부류제,附流堤,날갯둑
4685,부롯쿠,ブロック(일)←block(영),"벽돌, 블록"
4684,부레키,ブレ-キ(일)←brake(영),"제동기, 브레이크"
4683,부레즈,brace(영),중괄호
4682,부럭적공,block(영)-積工,블록쌓기
4681,부럭장공,block(영)-張工,블록붙이기
4680,부럭유토공,block(영)-留土工,블록흙막이
4679,부럭골매기,block(영)-,블록골막이
4678,부란자,フランジ(일)←flange(영),"테두리, 플랜지"
4677,부라치,ブラチ(일)←branch(영),부가 접속
4676,부라자,ブラジャ-(일)←brassiere(영),"가슴띠, 브래지어"
4675,부라시,ブラッシュ(일)←brush(영),"솔, 브러시"
4674,부동 축전지,浮動蓄電池,완충 축전지(緩衝蓄電池)
4673,부도 대전,不渡 代箋,부도 대금 청구서
4672,부도,浮屠,"부도, 사리탑"
4671,부도,附圖,"그림, 딸린 그림"
4670,부대수입,附帶收入,딸린 수입
4669,부대,附帶,"딸림, 덧붙임"
4668,부당 염매,不當廉賣,"막팔기, 싸게팔기"
4667,부극,負極,음극
4666,부교,浮橋,배다리
4665,부관,附款,제한 사항
4664,부각,俯角,내림각
4663,부각,浮刻,드러남
4662,부가하여,附加--,덧붙여
4661,부가카리,"ぶがかり(일), 步掛-り(일)",품셈
4660,부가,附加,덧붙임
4659,뵤코,鋲孔,"리벳 구멍, 버섯못 구멍"
4658,뵤우치,鋲打-ち(일),"리벳치기, 버섯못치기"
4657,봉합흔,縫合痕,꿰맨 자국
4656,봉합선,縫合線,솔기
4655,봉합 이개,縫合 離開,뼈 짜임 열림
4654,봉토분흙무덤,封土墳,흙무덤
4653,봉칭,棒秤,대저울
4652,봉침,蜂針,벌침
4651,봉착,封着,"싸붙이기, 봉하기"
4650,봉절,開封,개봉
4649,봉입 전위,封入電位,"발생 전위, 발생 저지 전위(發生沮止電位)"
4648,봉입,捧入,바침
4647,봉입,封入,"넣고 봉함, 봉투넣기"
4646,봉인,封印,"봉함 도장, 도장찍어 봉함"
4645,봉연끈,縫鉛-,봉함끈
4644,봉연끈,封鉛,묶는 끈
4643,봉연,封鉛,봉함납
4642,봉승,縫繩,꿰맴 새끼
4641,봉서,封書,"편지, 봉함 편지"
4640,봉상온도계,棒狀溫度計,막대온도계
4639,봉상,蜂箱,벌통
4638,봉부표,棒浮漂,막대 부표
4637,봉부자,棒浮子,막대 부표
4636,봉부,縫付,꿰매 붙임
4635,봉밀,蜂蜜,"꿀, 벌꿀"
4634,봉목선,縫目線,꿰맴줄
4633,봉두,鳳頭,"봉황머리, 봉두"
4632,봉군,蜂群,벌떼
4631,볼트 시스템,bolt system(영),빗장 수비
4630,볼트,bolt(영),"볼트, 수나사"
4629,볼스토핑,ball stopping(영),공멈추기
4628,볼밀,ballmill(영),"갈개, 잿물 갈개, 유약 갈개"
4627,볼마크,ball mark(영),야구공표
4626,볼륨 레이트,volume rate(영),화물량 비율 운임
4625,볼라드,bollard(영),길말뚝
4624,볼 컨트롤,ball control(영),"공 다루기, 제구력"
4623,볼 커트,ball cut(영),공 뺐기
4622,볼 카운트,ball count(영),"타자 볼 수, 볼 셈"
4621,볼 리프팅,ball lifting(영),"튀기기, 공 튀기기"
4620,볼 래크,ball rack(영),공 준비대
4619,볼,ball(영),공
4618,본헤드 플레이,bonehead play(영),큰실책
4617,본필,本筆,버들붓
4616,본포,本圃,"본밭, 제밭"
4615,본지,本旨,본뜻
4614,본죄,本罪,본래의 죄
4613,본제,本堤,본둑
4612,본절,本節,이 절
4611,본인표,本人票,본인 확인증
4610,본인은,本人-,"나는, 자신은, 저는"
4609,본월,本月,이 달
4608,본엽,本葉,본입
4607,본수,本數,"개수, 개비 수, 뿌리 수, 그루 수"
4606,본부∙본국∙본처∙본청,,우리부∙우리국∙우리처∙우리청
4605,본법은,本法-,이 법은
4604,본범,本犯,본래의 범인
4603,본딩 패드,bonding pad(영),연결 전극(連結電極)
4602,본드,bond(영),접착제
4601,본도,本道,우리 도
4600,본답,本畓,본논
4599,본권,本權,"이 권리, 본래 권리"
4598,본교,本校,우리 학교
4597,본건,本件,"이 사건, 이 일"
4596,본가 상속,本家相續,큰집 상속
4595,본,本,그루
4594,복포,覆布,포장
4593,복편,復便,오는 편
4592,복판,複辦,겹꽃잎
4591,복진,,선로 밀림
4590,복지리,"鰒じる(일), 河豚汁","복국, 복싱건탕"
4589,복지,"服地, ふくじ(일)","양복감, 양복천"
4588,복접,腹椄,허리접
4587,복적할 가,,돌아갈 호적
4586,복장,服裝,옷차림
4585,복잡사면,複雜斜面,복합 사면(複合斜面)
4584,복잡 골절,複雜 骨折,"복잡 골절, 개방 골절"
4583,복엽,復葉,겹잎
4582,복심 곡선,複忄曲線,"이중곡선, 복심곡선"
4581,복선기,復線器,탈선복구기
4580,복사공,覆砂工,모래덮기
4579,복부자,復浮子,이중 부표
4578,복무중 사용무를,服務中私用務-,근무 중 사사로운 볼 일을
4577,복몰,覆沒,침몰
4576,복명서,復命書,결과 보고서
4575,복명,復命,결과 보고
4574,복망,伏望,(...기를) 간절히 바람
4573,복고,覆藁,덮짚
4572,복개,覆蓋,"뚜껑, 덮개"
4571,복강 내출혈,腹腔 內出血,배 안 출혈
4570,보호 예수,保護 預受,별도 보관
4569,"보헤미안룩, 집시룩","Bohemian look(영), gypsy look(영)","보헤미안 차림, 집시 차림"
4568,보험료 납제,保險料納濟,보험료 다 냄
4567,보험 연령,保險年齡,보험 나이
4566,보험 약관,保險約款,보험 규정
4565,보험 수익자,保險受益者,보험금 타는 이
4564,보험 서장,保險書狀,보험 우편
4563,보험 모집인,保險 募集人,보험 설계사
4562,보험 계리인,保險 計理人,보험 계리사
4561,보합세,"保合勢, ぶあい勢(일)","주춤세, 멈춤세"
4560,보하다,補--,임명하다
4559,보틀넥,bottleneck(영),병목 현상
4558,보크,balk(영),"줄 밟기, 선 밟기, 줄 반칙, 선 반칙"
4557,보크,bolk(영),디딤반칙
4556,보컬그룹,vocal group(영),중창단
4555,보카시02,暈し(일),바림
4554,보카시01,暈し(일),초점흐리기
4553,보충 매도,補充賣渡,채워팔기
4552,보철하다,補綴--,수선하다
4551,보철용 차량,補綴用車輛,장애 유공자 차량
4550,보철구,補綴具,보조 기구
4549,보지하다,保持--,"지니다, 간직하다"
4548,보지기,報知機,신호기
4547,보족,補足,보충
4546,보조삭,補助索,보조 밧줄
4545,보조,補助,"주무, 보조"
4544,보정서,補整書,"정정・보안서, 정정・보안서류"
4543,보정물매,補正-,안정 물매
4542,보정구배,補正勾配,안정 물매
4541,보정경사,補正傾斜,안정 물매
4540,보정,補正,바로잡음
4539,보전하다,補塡--,"채우다, 보충하다, 메워 보충하다"
4538,보장구,保障具,장애인 보조기
4537,보장,保掌,보유관장
4536,보일러 플레이트,boiler plate(영),설빙판(雪氷板)
4535,보이한조,boy(영)はんちょう(일),접객반장
4534,보이프렌드,boy friend(영),남자 친구
4533,보이콧,boycott(영),"거절, 거부, 배척"
4532,보이스,voice(영),음성
4531,보이산,boy(영)-さん(일),"사환, 접객원"
4530,보이산,boy(영)さん(일),접객원
4529,보이라,ボイラ-(일)←boiler(영),"증기통, 보일러"
4528,보이,boy(영),접객원
4527,보어 사이팅,bore sighting(영),총열 조정
4526,보안공,保岸工,기슭막이
4525,"보아지, 양봉",梁奉,"보받침, 보아지"
4524,보식,補植,메워심기
4523,보스키,棒付き(일),안내원
4522,보스,boss(영),"우두머리, 대표"
4521,보수력,保水力,물 지닐 힘
4520,보수,保手,자기앞 수표
4519,보선,補選,보궐 선거
4518,보상화문,寶相華紋,보상화무늬
4517,보상공,保床工,바닥막이
4516,보사시,棒指,알림꾼
4515,보비력,保肥力,거름지닐힘
4514,보매기,洑-,보막이
4513,보리 답압,-踏壓,보리밟기
4512,보르반도르래,"Bohrbank(독)盤-, boor-bank(네)盤-",틀송곳
4511,보르반,"-盤←Bohrbank(독), boor-bank(네)","목공선반, 틀송곳, 선반송곳"
4510,보루반,boor-bank(네),목공 선반
4509,보루박스,ボ-ル-(일)←board box(영),"골판지 상자, 종이상자"
4508,보루바코,ボ-ルばこ(일)←board(영),"골판지 상자, 종이상자"
4507,보루가미,ボールがみ(일),판지
4506,보루,盒,"포, 줄"
4505,보로터지다,ぼろ(일)-,"드러나다, 들통나다"
4504,보로,"ぼろ(일), 襤褸","걸레, 누더기, 헝겊, 걸레 헝겊"
4503,보디케어,body care(영),몸 가꾸기
4502,보디워크,body work(영),몸놀림
4501,보디아트,body art(영),"맨몸 예술, 신체 예술"
4500,보디가드,body guard(영),경호원
4499,보디 포지션,body position(영),신체 위치
4498,보디 턴,body turn(영),몸 회전
4497,보디 카피,body copy(영),광고문안
4496,보디 샷,body shot(영),몸 앞 치기
4495,보디 블로,body blow(영),몸통치기
4494,보드02,board(영),마루쪽
4493,보드01,board(영),"기판, 판"
4492,보도,輔導,지도
4491,보데,ボディ-(일)←body(영),"차체, 보디"
4490,보더 라이트,border light(영),"바탕 조명, 바탕 조명기"
4489,보단,ボダン(일)←button(영),"단추, 누름쇠, 버튼"
4488,보너스 프레임,bonus frame(영),덤 굴리기
4487,보너스,bonus(영),상여금
4486,보나스,ボ-ナス(일)←bonus(영),"상여금, 보너스"
4485,보구미,ぼうぐみ(일),줄짜기
4484,보관 전보,保管電報,배달 불능 전보
4483,보공,洑工,보막이
4482,보곡공,保谷工,골막이
4481,보겐 파렌,Bogen Fahren(독),제동 활강(制動滑降)
4480,보겐,Bogen(독),뒤 넓혀 내려가기
4479,병활차,竝滑車,안내 도르래
4478,병합처리하다,倂合-,"함께 처리하다, 아울러 처리하다"
4477,병징,病徵,"병 증세, 병 징후"
4476,병주,病株,병든 포기
4475,병인성,病因性,"병에 의한, 병인성"
4474,병수,倂授,아울러 줌
4473,병소,病巢,병집
4472,병산하다,倂算--,"같이 셈하다, 함께 셈하다"
4471,병사리,竝砂利,막자갈
4470,병사,病舍,병동
4469,병변,病變,병터
4468,병반,病斑,병무늬
4467,병립,竝立,"함께 섬, 공존함"
4466,병류,餠類,"떡, 떡류"
4465,병기하다,倂記--,"함께 쓰다, 함께 적다"
4464,병급하다,倂給--,"함께 내주다, 같이 내주다"
4463,병과립,病顆粒,병든 알
4462,병과,病果,병든 열매
4461,별시,別時,다른 때
4460,별송품,別送品,따로 보낸 짐
4459,별송,別送,따로 보냄
4458,별론으로치다,別論--,제쳐 두다
4457,별도편철,別途編綴,따로 맴
4456,별단의,別段-,"다른, 특별한"
4455,별갑,鱉甲,자라등딱지
4454,변태,變態,탈바꿈
4453,변조,變造,고쳐 꾸밈
4452,변제하다,辨濟--,갚다
4451,변재,邊材,겉재목
4450,변작,變作,고쳐 만듦
4449,변소,辨疎,변명
4448,변사02,邊絲,귀실
4447,변사01,變死,횡사
4446,변(弁),Valve(영),"밸브, 막판"
4445,변,"弁, Valve(영)",막판
4444,벽두,劈頭,첫머리
4443,벽공,碧空,푸른 하늘
4442,벨트라인,belt line(영),"띠선, 허리띠선"
4441,벨보이,bellboy(영),"객실 안내, 객실 안내원"
4440,벤트 폼,bent form(영),스케이팅 자세
4439,벤치바이스,bench vise(영),물림틀
4438,벤치02,bench(영),"선수석, 감독석"
4437,벤치01,bench(영),"걸상, 긴걸상"
4436,벤치 클리어링,bench clearing(영),"몸싸움, 집단 몸싸움, 선수단 몸싸움"
4435,벤치 워머,bench warmer(영),"대기, 대기 선수, 후보 선수"
4434,벤처 기업,venture(영) 企業,"개척 기업, 모험 기업"
4433,벤또,"辨當, べんとう(일)",도시락
4432,벤딩 턴,bending turn(영),무릎 구부려돌기
4431,벤딩,bending(영),굽힘질
4430,벤드,bend(영),휨
4429,베팅액,betting(영)額,팻돈
4428,베테랑,vétéran(프),"숙련자, 노련자"
4427,베타바리,總張り(일),배접
4426,베타구미,ベタ-組(일),붙여짜기
4425,베타 인쇄,べた(일)印刷,민판인쇄
4424,베일,bale(영),"건초 무더기, 압축 건초 무더기"
4423,베일,veil(영),장막
4422,베이지,beige(영),생천
4421,베이스캠프,base camp(영),"주훈련장, 근거지"
4420,베이스볼패스,baseball pass(영),길게직선 연결
4419,베이스맨,baseman(영),누수(壘手)
4418,베이스러닝,baserunn-ing(영),주루(走壘)
4417,베이스라인,baseline(영),기준선
4416,베이스02,base(영),기준
4415,베이스01,base(영),"누(壘), 활주면"
4414,베이스 코치,base coach(영),"누 코치, 주자 코치, 주루 코치"
4413,베이스 온 볼즈,base on balls(영),"볼 넷, 고의사구"
4412,베이스 엄파이어,base umpire(영),누심
4411,베이스 마크,base mark(영),활주로 표시줄
4410,베이스 러너,base runner(영),주자
4409,베이스 라인 플레이,base line play(영),"끝줄 경기, 후방형 경기"
4408,베이스 라인,base line(영),끝줄
4407,베이비플래너,baby planner(영),육아설계사
4406,베이비시트,baby seat(영),유아용 의자
4405,베이비시터,baby-sitter(영),아이 돌보미
4404,베이비 콘테스트,baby contest(영),우량아 선발 대회
4403,베이비 스플릿,baby split(영),쉬운 퍼진핀
4402,베어링,bearing(영),축받이
4401,베어 스테이지,bare stage(영),빈 무대
4400,베아링,ベアリング(일)←bearing(영),"축받이, 굴대받이, 베어링"
4399,베스트셀러,best seller(영),"인기상품, 불티상품"
4398,베스트03,best(영),① 최선② 최고
4397,베스트02,"←best member, best player(영)",정예 선수
4396,베스트 텐,best ten(영),"10대, 10걸"
4395,베스트 멤버,best member(영),주전 선수
4394,베스트 그로스,best gross(영),최저 타자
4393,베리시밀리튜드,verisimilitude(영),"핍진성(逼眞性), 정말 같음"
4392,베리 더 볼,bury the ball(영),묻힌공
4391,베르크 슈템멘,Berg Stemmen(독),"산 쪽 넓히기, 산 쪽 스키뒤 넓히기"
4390,베란다,veranda(영),쪽마루
4389,베드타운,bed town(영),통근자 거주 지역
4388,베드 포스트,bed post(영),대문 기둥
4387,베드,bed(영),마루
4386,베델른,Wedeln(독),연속 평행 회전
4385,베니어,veneer(영),합판
4384,베니야,ベニヤ(일)←veneer(영),"합판, 베니어"
4383,베뉴,venue(영),"경기장, 행사장"
4382,베너피트 퍼포먼스,benefit performance(영),사은 공연
4381,벙커링,bunkering(영),급유
4380,벙커 샷,bunker shot(영),벙커 쳐내기
4379,벙커,bunker(영),진지
4378,법정부책,法定簿冊,법정 장부
4377,법정림,法正林,이상적 산림
4376,법익,法益,법이익
4375,법면,法面,"비탈쪽, 비탈면"
4374,범하다,犯--,저지르다
4373,범정,犯情,"범행 기미, 범죄 정황"
4372,범접,犯接,가까이 다가섬
4371,범장,帆裝,돛
4370,범인성,犯因性,범죄의 원인이 되는
4369,범의,犯意,"어길 뜻, 법을 어길 뜻, 저지를 뜻, 일을 저지를 뜻, 범할 뜻, 일을 범할 뜻"
4368,범선,帆船,돛단배
4367,범부,凡夫,보통 사람
4366,범발성 복막염,汎發性 腹膜炎,범복막염
4365,벌크,bulk(영),무더기 짐
4364,벌채적지,伐採跡地,나무 벤 자리
4363,벌집쌓기,,육모쌓기
4362,벌목,伐木,나무베기
4361,벌룬,balloon(영),기구
4360,벌기령,伐期齡,벨나이
4359,벌근재적,伐根材積,"그루터기 재적, 근주 재적"
4358,벌근,伐根,그루터기
4357,벌구,伐區,벌목 구역
4356,벌,筏,뗏목
4355,번호찰,番號札,번호표
4354,번트,bunt(영),살짝대기
4353,번아웃 증후군,burnout syndrome(영),탈진 증후군
4352,번사,番舍,숙소
4351,번들링,bundling(영),① 묶음 판매 ② 끼워 팔기
4350,버핑,buffing(영),광내기
4349,버프천,buff(영)-,"광천, 광내기천"
4348,버팅,butting(영),머리 받기
4347,버티컬 크로스,vertical cross(영),수직 이동
4346,버티칼 드롭,vertical drop(영),고도 차
4345,버트 플레이트,butt plate(영),개머리판
4344,버터플라이,butterfly(영),"나비 타래, 나비감기"
4343,버킷02,bucket(영),양동이
4342,버킷01,bucket(영),삽꼴
4341,버킷 리스트,bucket list(영),소망 목록
4340,버클,buckle(영),"조임쇠, 죔쇠"
4339,버추얼,virtual(영),가상
4338,버전 업,version up(영),판 향상
4337,버저 비터,buzzer beater(영),"종료골, 종료 득점"
4336,버스트,bust(영),가슴둘레
4335,버스킹,busking(영),거리 공연
4334,"버스, 부스",Bus(영),모선(母線)
4333,버스 베이,bus bay(영),버스설길
4332,버섯재목,-材木,버섯나무
4331,버라이어티쇼,variety show(영),종합 예능쇼
4330,"버들잎형활촉, 유엽형촉",柳葉形鏃,버들잎모양화살촉
4329,버니 힐,bunny hill(영),완경사(緩傾斜)
4328,뱅킹02,banking(영),안쪽 기울이기
4327,뱅킹01,banking(영),병렬 묶음
4326,뱅크02,bank(영),"둑, 장애물"
4325,뱅크01,bank(영),"경기장, 실외 경기장"
4324,뱅크 슛,bank shoot(영),뒤판 맞춰쏘기
4323,뱅커,banker(영),① 은행원 ② 은행가
4322,밸류에이션,valuation(영),평가 가치
4321,밸런스 레그,balance leg(영),"든다리, 뒷다리"
4320,밴딩와이어,banding wire(영),묶음줄
4319,밴딩,banding(영),띠말이
4318,밴디지,bandage(영),붕대
4317,밴드위스,bandwidth(영),대역폭(帶域幅)
4316,백핸드 스트로크,backhand stroke(영),뒤쪽 땅볼 치기
4315,백핸드 발리,backhand volley(영),뒤쪽 바로치기
4314,백피,白皮,흰껍질
4313,백플랜,backplane(영),뒤판
4312,백프로퍼게이션,Backpropagation(영),역전파(逆轉波)
4311,백패킹,backpacking(영),배낭 도보 여행
4310,백패커,backpacker(영),배낭 여행객
4309,백트래킹,backtracking(영),되추적
4308,백토스,back toss(영),뒤로 올려주기
4307,백태,白太,흰콩
4306,백탄,白炭,흰숯
4305,백킹,backing(영),가림 장치
4304,백칠,back(영)漆,바탕칠
4303,백출,白朮,삽주뿌리
4302,백채,白菜,배추
4301,"백차지, 백차징","back charge, back charging(영)",뒷방해
4300,백장,白丁,백정
4299,백자편,柏子-,잣떡
4298,백자,柏子,잣
4297,백자,柏子,잣
4296,백워드 린,backward lean(영),"후경 자세, 뒤 체중 싣기"
4295,백운,白雲,흰구름
4294,백엽고병,白葉枯病,희빛잎마름병
4293,백업03,back up(영),"받쳐 주기, 뒷받침"
4292,백업02,backup(영),반대쪽휨공
4291,백업01,backup(영),여벌
4290,백업 파일,backup file(영),복사 파일
4289,백스크린,back-screen(영),뒤 담장
4288,백쇄미,白碎米,흰싸라기
4287,백삽병,白澁病,흰가룻병
4286,백사,白沙,흰모래
4285,백붓,back(영)-,"귀얄붓, 넓적붓"
4284,백분,白粉,흰가루
4283,백부,伯父,큰아버지
4282,백보드02,back board(영),농구판
4281,백보드01,backboard(영),뒤판
4280,백백,白柏,알잣
4279,백반병,白斑病,흰무늬병
4278,백미러,back mirror(영),뒷거울
4277,백미,白米,흰쌀
4276,백묵,"白墨, はくぼく(일)",분필
4275,백리,白痢,흰 설사
4274,백래시,backlash(영),뒷틈
4273,백도,白桃,흰복숭아
4272,백대,白帶,흰띠
4271,백당포,白唐布,당모시
4270,"백네트, 백네트 스톱","back net, back net stop(영)",뒷그물
4269,백그라운드,background(영),① 연줄 ② 배경 ③ 바탕
4268,백강병,白殭病,흰굳은병
4267,백 홈,back home(영),"본루 송구, 본루 귀환"
4266,백 패스,back pass(영),뒤로주기
4265,백 티,back tee(영),뒤 첫 타구역
4264,백 턴,back turn(영),뒤로돌기
4263,백 태클,back tackle(영),뒤덤비기
4262,백 코트,back court(영),"뒤쪽 코트, 자기 지역, 수비 진영, 뒤로"
4261,백 업,back up(영),후방 대비
4260,백 아웃사이드 서클 에이트,back outside circle eight(영),"백 아웃 8자형, 백 아웃 8자형그리기"
4259,백 스핀,back spin(영),역회전
4258,백 스트로크,back stroke(영),뒷면치기
4257,백 스트레치,back stretch(영),맞은편 코스
4256,백 스텝,back step(영),후진발동작
4255,백 스크린,back screen(영),"벽 차단, 장벽 차단"
4254,백 슛,back shoot(영),돌아쏘기
4253,백 보드,back board(영),뒤판
4252,백 바운더리 라인,back boundary line(영),맨 끝줄
4251,백 라이팅,back lighting(영),후면 조명
4250,백 도어플레이,back doorplay(영),후방 역습
4249,백 데이터,back data(영),① 근거 자료 ② 참고 자료 ③ 보관 자료
4248,백 나인,back nine(영),후반 9홀
4247,백,白,"아룀, 사룀"
4246,백,back(영),"외곽 공격수, 되돌리기, 되돌아감"
4245,백,白,"알림, 사룀, 아룀"
4244,배합사료,配合飼料,섞은 먹이
4243,배할제,背割堤,가름둑
4242,배피,baffy(영),4번 나무채
4241,배판,背板,뒤판
4240,배팅 폼,batting form(영),타격 자세
4239,배팅 오더,batting order(영),타순
4238,배팅 스탠스,batting stance(영),타자 발 너비
4237,"배팅 리스트, 배팅 리스트 오더",batting list order(영),"치기 순서표, 타순표"
4236,배트,bat(영),방망이
4235,배토공,背土工,배토 공사
4234,배토,培土,북주기
4233,배테랑,vétéran(프),"익수, 전문가, 전문인"
4232,배터리에끼,←BatteryExt.(영),축전지액(蓄電池液)
4231,배터리02,battery(영),투ㆍ포수
4230,배터리01,"Battery(영), バッテリ(일)","배터리, 축전지(蓄電池)"
4229,배터리 콤비네이션,battery combination(영),투ㆍ포수 협동
4228,배터리 카,battery car(영),축전지 차
4227,배터리 에키,battery(영) えき(일),축전지 용액
4226,배터리 에러,battery error(영),투ㆍ포수 실책
4225,배터리 백업,battery backup(영),여벌 전지
4224,배터 박스,batter's box(영),타자석
4223,배터 러너,batter runner(영),타석 주자
4222,배터,batter(영),타자
4221,배태,胚胎,싹틈
4220,배킹얀,backing yarn(영),받침실
4219,배칭플랜트,(B/P) Batching plant(영),콘크리트 생산장
4218,"배치하다, 배치되다",背馳--,어긋나다
4217,배치프로세싱,batch processing(영),묶음 처리
4216,배치파일,batch file(영),"묶음철, 묶음기록철"
4215,배지,背紙,뒷장
4214,배지,badge(영),"휘장, 표장(標章)"
4213,배조맥아,焙燥麥芽,말린 엿기름
4212,배전,倍前,더한층
4211,배장기,排障機,장애물 제거기
4210,배자,胚子,씨눈
4209,배유,胚乳,씨젖
4208,배연,排煙,연기 배출
4207,배알하다,拜謁--,"뵙다, 찾아뵙다"
4206,"배식구, 배식대","配食口, 配食臺",밥 타는 곳
4205,배수하다,拜受--,받다
4204,배수제,排水堤,역륫둑
4203,배수로공,排水路工,배수로내기
4202,배수로,排水路,물빼는 길
4201,배수구,排水溝,물빼기 도랑
4200,배수공,排水孔,"물빼기 구멍, 물빼기 공사"
4199,배수 관거,排水管渠,물빼기 도랑
4198,배수,排水,물빼기
4197,배석하다,陪席--,자리를 같이 하다
4196,배서,背書,뒷보증
4195,배상형,盃狀形,사발꼴
4194,배상,拜上,올림
4193,배부형,背負型,등짐식
4192,배부식분무기,背負式噴霧機,등짐식 분무기
4191,배배양,胚培養,씨눈배양
4190,배물,排物,쓰레기
4189,배명받아,拜命--,"명령 받아, 임명 받아"
4188,배면,背面,"등면, 등쪽"
4187,배드 뱅크,bad bank(영),"부실 채권 전담 은행, 부실 채권 전담 기구"
4186,배거,bagger(영),"누수(壘手), 누타(壘打)"
4185,배가,倍加,갑절 늘림
4184,배,胚,씨눈
4183,방화 대책,防火對策,불조심 대책
4182,방화,邦畵,국산영화
4181,방형파,方形波,"구형파(矩形波), 사각파"
4180,방향식물,芳香植物,향기식물
4179,방향,芳香,향기
4178,방한하다,訪韓--,"우리나라를 방문하다, 한국을 방문하다"
4177,방한,防寒,추위막이
4176,방풍,防風,바람막이
4175,방패면,防牌面,얼굴 가리개
4174,방카쉬랑스,bancassurance(←banque+assurance(프)),은행연계보험
4173,방치하다,放置--,"버려 두다, 버려 두다, 내버려 두다"
4172,방조하다,幇助--,"거들다, 돕다"
4171,방정,方正,바르고 점잖음
4170,방점,傍點,곁점
4169,방적,紡績,길쌈
4168,방재,防材,나무막이
4167,방인,方印,"모도장, 네모도장"
4166,방위앞치마,防衛-,안전 치마
4165,방어 손상,防禦 損傷,방어 상처
4164,방양,放養,놓아기르기
4163,방안만석,方眼萬石,눈사름틀
4162,방수하다,傍受--,"곁듣는다, 엿듣는다"
4161,방선,傍線,곁줄
4160,방석,方石,마름돌
4159,방사 공법,防砂工法,모래막이
4158,방사,放飼,놓아기르기
4157,방매가,放賣家,"팔 집, 팔집"
4156,방랑공,放浪工,파도막이
4155,방도,方道,길
4154,방념,放念,"마음놓음, 안심"
4153,방기하다,放棄--,내버리다
4152,방구미,"番組, ばんぐみ(일)",차례짜기
4151,방괴,方塊,"콘크리트덩이, 방파용 콘크리트덩이"
4150,방격,方格,"격자, 틀"
4149,방가로,バンカロ-(일)←bungalow(영),방갈로
4148,방가,放歌,"부름, 노래를 부름"
4147,방,倣,본받이
4146,밧도,パッド(일)←pad(영),기름 헝겊
4145,밤바,バンパ-(일)←bumper(영),"완충기, 범퍼"
4144,발회,發會,"개장, 개장일"
4143,발호자,發呼者,호출자(呼出者)
4142,발호,拔糊,풀빼기
4141,발한,發汗,땀 남
4140,발하다,發--,"① 발송하다 ② 발표하다, 내다"
4139,발탈,拔脫,뽑아 냄
4138,발코니,balcony(영),난간
4137,발치,拔齒,이뽑기
4136,발췌 검사,拔萃 檢査,표본 검사
4135,발착 일계,發着日計,발송 도착 날짜
4134,발착,發着,발송 도착
4133,발주하다,發注--,주문하다
4132,발전 제동,發電制動,저항 제동(抵抗制動)
4131,발적,發赤,피부 빨개지기
4130,발이,發荋,버섯 발생
4129,발육최성기,發育最盛期,한창 자랄 때
4128,발육지,發育枝,자람 가지
4127,발육부전,發育不全,제대로 못자람
4126,발우기,拔羽機,털뽑개
4125,발우,鉢盂,바리때
4124,발우,拔羽,털뽑기
4123,발열재료,發熱材料,열낼 감
4122,발열,發熱,"열 남, 열 냄"
4121,발연,發煙,연기 냄
4120,발수신하다,發受信--,발신 및 수신하다
4119,발송인지시표부,發送人指示表簿,발송인 지시서
4118,발본,拔本,뽑아 없앰
4117,발미하다,發黴--,곰팡이 슬다
4116,발매하다,發賣--,팔다
4115,"발리슛, 발리 킥",volley shoot(영),공중차기
4114,발리 킥,volley kick(영),공중차기
4113,발리,volley(영),바로치기
4112,발뢰,發蕾,봉오리맺기
4111,발로,發露,드러남
4110,발레파킹,valet parking(영),대리주차
4109,발동기부구명정,發動機付救命艇,동력 구명정
4108,발근제,發根劑,뿌리내림약
4107,발근기,拔根機,뿌리뽑개
4106,발근,發根,"뿌리냄, 뿌리남"
4105,받침돌,瀁石,옆받침돌
4104,반흔,瘢痕,흉터
4103,반향곡선,反嚮曲線,안전곡선
4102,반포하다,頒布--,널리 펴다
4101,반카이,"挽回, ばんかい(일)",만회
4100,반출하다,搬出--,실어 내다
4099,반착 우편 엽서,返着郵便葉書,되돌이 우편 엽서
4098,반착 소포,返着小包,되돌아 온 소포
4097,반지원,返地願,반환서
4096,반지02,半芝,반떼
4095,반지01,返地,"땅 돌려줌, 땅 반환"
4094,반제하다,返濟--,"갚다, 돈을 갚다"
4093,반점병,斑點病,점무늬병
4092,반전식차륜막이,反轉式,바퀴구름막이
4091,반전,返電,"회전, 답전"
4090,반엽병,斑葉病,줄무늬병
4089,반신권,返信券,회신 우표권
4088,반수,礬水,백반물
4087,반송파,搬送波,운반파(運搬波)
4086,반송,返送,되돌려 보냄
4085,반송,搬送,실어 보냄
4084,반소,反訴,"맞소송, 되소송"
4083,반센02,盤線,① 꼰철사 ② 연철사
4082,반센01,番線,"결속선, 결속철선, 철선, 굵은 철선"
4081,반문,斑紋,얼룩 무늬
4080,반목,反目,"미워함, 서로 미워함"
4079,반로,畔路,"논두렁, 논두렁길"
4078,반대,盤臺,원목승강대
4077,반당,たんあたり(일),"단보당, 매단, 매단보"
4076,반달형 수로,半-形水路,"활꼴 수로, 활꼴 도랑"
4075,"반달돌칼, 반월형석도, 반월형돌칼",半月形石刀,반달모양돌칼
4074,반네루,panel(영),"널빤지, 판자, 패널"
4073,반기,盤器,반송기
4072,박해,雹害,우박 피해
4071,박피율,剝皮栗,깐밤
4070,박피 정도,剝皮程度,벗긴 정도
4069,박피 손상,剝皮 損傷,떼인 상처
4068,박피 고치,薄皮-,얇은 고치
4067,박편,薄片,"얇은 판, 얇은 조각"
4066,박탈륜,剝脫輪,"까진 고리, 벗겨진 고리"
4065,박취,剝取,떼어 냄
4064,박철,薄鐵,얇은 철판
4063,박지문,剝地紋,"긁음 무늬, 박지문"
4062,박지,薄紙,얇은 종이
4061,박지,泊地,정박지
4060,박자,拍子,"두들개, 박자"
4059,박용,舶用,선박용
4058,박엽,薄葉,얇은 잎
4057,박스권 장세,box(영)圈 場勢,머무름 장세
4056,박스04,box(영),"상자, 갑, 곽"
4055,박스03,box(영),"박스석, 상자석"
4054,박스02,box(영),"칸, 칸기사"
4053,박스01,Box(영),접속상자(接續箱子)
4052,박스 앤드 원,box and one(영),1・4 혼합수비
4051,박스 아웃,box out(영),"길 차단, 진로 방해"
4050,박스 세트,box set(영),상자 무대
4049,박산로,博山爐,박산향로
4048,박리,剝離,"벗겨내기, 벗겨짐"
4047,박력분,薄力粉,메진밀가루
4046,박락,剝落,벗겨짐
4045,박두하다,迫頭--,닥쳐 오다
4044,박,粕,깻묵
4043,"바탕흙, 태토",胎土,바탕흙 태토
4042,바퀴날도끼,環狀石斧,달모양도끼(discoidal mace)
4041,바코드 리더,bar code reader(영),정보 줄무늬 판독기
4040,바코드,bar code(영),정보 줄무늬
4039,바캉스,vacance(프),"휴가, 여름휴가"
4038,바지,barge(영),"끌림배, 딸림배"
4037,바자,bazaar(영),"특매장, 자선 특매장"
4036,바이패스,Bypass(영),"우회(迂廻), 에돌기"
4035,바이트,bite(영),물리개
4034,바이타,場板,작업대
4033,바이코,はいこう(일),배광(配光)
4032,바이오테크,biotech(←biotechnology(영)),생명 공학
4031,바이오머캐닉스,biomechanics(영),생체 역학
4030,바이얼레이션,violation(영),반칙
4029,바이애슬런,biathlon(영),사격 복합 경기
4028,바이시클 킥,bicycle kick(영),공중 양발 차기
4027,바이브레이터,vibrator(영),진동기
4026,"바이백, 바이백 서비스","buyback, buyback service(영)","되사기, 도서 되사기"
4025,바이백,buy-back(영),"되사기, 주식 되사기"
4024,바이메탈,bimetal(영),쌍금속(雙金屬)
4023,바이,bye(영),부전승
4022,"바위집자리, 암음유적",巖陰遺蹟,바위그늘집터
4021,바운드 볼,bound ball(영),튀는 공
4020,바운더리,boundary(영),"① 경계, 구역 ② 담당 범위 ③ 경계선"
4019,바스켓카운트,basket count(영),득점 인정 추가 자유투
4018,바스켓기법,basketry(영)技法,"바구니짜기, 바구니짜기 기법"
4017,바리콘,バリコン(일) ←VaribleCondenser(영),"가변콘덴서(可變Condenser), 가변축전기"
4016,바리케이드,barricade(영),"방어벽, 방어 울타리, 방책"
4015,바리캉,バリカン(일)←bariquant(프),이발기
4014,바리스타,barista(영),커피전문가
4013,"바리그릇받침, 발형기대",鉢形器臺,바리모양그릇받침
4012,바른층쌓기,,켜쌓기
4011,바르브,Valve(영),밸브
4010,바로미터,barometer(영),"잣대, 지표, 척도"
4009,바란스,バランス(일)←balance(영),"균형, 밸런스"
4008,바라시,ばらし(일),"뜯기, 헐기, 해체"
4007,바라,ばら(일),마구놓기
4006,바덴스키,,시험용 통화기
4005,바닥매기,,바닥막이
4004,바닥떼,,밑떼
4003,"바나나킥, 바나나 킥",banana kick(영),"휘게 차기, 휘게 차다"
4002,바께쓰,バケツ(일)←bucket(영),"양동이, 들통"
4001,바 메이드,bar maid(영),"숨은핀, 겹친핀"
4000,밑매기,,밑막이
3999,밋쓰아마다레,三-っ-雨垂-れ(일),세겹느낌표
3998,밀폐하다,密閉--,꼭 닫다
3997,밀파,密播,배게 뿌림
3996,밀크식빵,milk(영)-食-,우유 식빵
3995,밀크,milk(영),우유
3994,밀전부,密栓部,마개 자리
3993,밀전,密栓,"마개, 막음"
3992,밀원,蜜源,꿀밭
3991,밀원,蜜源,꿀밭
3990,밀약,密約,짬짜미
3989,밀식,密植,배게심기
3988,밀선,蜜腺,꿀샘
3987,밀봉,蜜蜂,꿀벌
3986,밀반출,密搬出,몰래 내감
3985,밀반입,密搬入,몰래 들여옴
3984,밀매하다,密賣--,몰래 팔다
3983,밀리터리 배낭,military(영) 背囊,군대 배낭
3982,밀렵,密獵,몰래 사냥함
3981,밀레니엄 베이비,millennium baby(영),천년둥이
3980,밀레니엄,millennium(영),"① 천년, 새천년 ② 천년맞이"
3979,밀랍,蜜蠟,밀
3978,밀도,蜜刀,꿀칼
3977,밀고하다,密告--,"고자질하다, 몰래 고자질하다"
3976,민첩,敏捷,재빠름
3975,민원다이,民願だい(일),민원대
3974,민액자,-額子,민틀
3973,민도,民度,문화 수준
3972,믹스하다,mix(영)--,섞다
3971,믹스트미디어,mixed media(영),민틀
3970,믹스트 포섬,mixed foursome(영),혼합 2인 1조 경기
3969,믹스트 존,Mixed Zone(영),공동 취재 구역
3968,"믹스트 더블즈, 믹스트 더블즈 게임","mixed doubles , mixed doubles game(영)",혼합 복식
3967,미화용견,未化蛹繭,누에 든 고치
3966,미필,未畢,못 마침
3965,미팅02,meeting(영),살짝치기
3964,미팅01,meeting(영),"모임, 모꼬지, 살짝치기"
3963,미트,mitt(영),장갑
3962,미투 제품,metoo(영) 製品,모방 제품
3961,미터링 튜브,metring tube(영),정량 조절기
3960,미터링 튜브,metering tube(영),정량 조절기
3959,미터기,Meter(영)器,계측기(計測器)
3958,미취학 아동,未就學兒童,학교에 입학하지 않은 어린이
3957,미취업,未就業,취직하지 않음
3956,미충,尾充,꼬리채움
3955,미징수된,未徵收-,걷히지 않은
3954,미진학,未進學,"진학하지 않은, 상급 학교에 진학하지 않은"
3953,미진,未盡,다하지 못함
3952,미지수,未知數,알 수 없음
3951,미지불,"未支拂, みしはらい(일)",미지급
3950,미지급고,未支給高,미지급액
3949,미증유의,未曾有-,전에 없던
3948,미즈키리,水切-り(일),물끊기
3947,미즈카에,水替-え(일),물푸기
3946,미즈이토,水絲,수평줄
3945,미즈아게,水揚げ(일),판매액
3944,미즈시메,水締-め(일),물다짐
3943,미즈바케,水刷扌,물귀얄
3942,미즈바리,水張り(일),물뿌려말리기
3941,미즈미가키,水磨-き(일),물갈기
3940,미즈모리,水盛-り(일),수평보기
3939,미즈누키,水貫,수평 띠장
3938,미즈네리,水練-り(일),물비빔
3937,미즈나오시,"水直, みずなおし(일)",물청소
3936,미즈나오시,みずなおし(일),물청소
3935,미주,美洲,아메리카
3934,미조,迷鳥,길잃은 새
3933,미제품,未製品,미완성품
3932,미제,未濟,처리 안 된
3931,미점준,米點齧,미점준법
3930,미장,美匠,"흙바르기, 벽바르기"
3929,미익면,尾翼面,꼬리날개 표면
3928,미의,微意,작은 뜻
3927,미우,尾羽,꼬리깃
3926,미온적인,微溫的-,미지근한
3925,미연에 방지하다,,미리 막다
3924,미약,微弱,약함
3923,미아이,"見合, みあい(일)",맞선
3922,미아,迷兒,길 잃은 아이
3921,미쓰키,見付き(일),어림값
3920,미쓰모리,見積-り(일),"어림셈, 추산, 견적"
3919,미싱바리,ミシン-(일)←machine(영),재봉사
3918,미심 사항,未審事項,의심 나는 일
3917,"미시즈, 미세스",Mrs.(영),부인
3916,미시선수,missy(영)-選手,주부 선수
3915,미시건,未施鍵,"안 잠김, 안 닫힘"
3914,미스프린트,misprint(영),"오식, 오자"
3913,미스테이크,mistake(영),"잘못, 틀림, 실수"
3912,미스터리쇼핑,mystery shopping(영),암행 장보기
3911,미스터리 플레이,mystery play(영),성서극
3910,미스캐스팅,miscasting(영),부적격 배역
3909,미스 샷,miss shot(영),"실타, 실수타"
3908,미숙잠,未熟蠶,설익은 누에
3907,미숙엽,未熟葉,설익은 잎
3906,미숙과,未熟果,선열매
3905,미수 손상,未遂 損傷,주저 상처
3904,미수 보험료,未收 保險料,못 받은 보험료
3903,미숀,トランスシッション(일)←transmission(영),"변속기, 트랜스미션"
3902,미소시루,"味汁, みそしる(일)",된장국
3901,미소,味素,맛난이
3900,미소,微笑,웃음
3899,미성숙재,未成熟材,풋목재
3898,미상불,未嘗不,아닌게 아니라
3897,미상,未詳,① 알 수 없음 ② 미상
3896,미삭,尾索,꼬리줄
3895,미사일,missile(영),유도탄
3894,미사,尾飼,꼬리채움
3893,미불,"未拂, みはらい(일)",미지급
3892,미분탄,微粉炭,가루탄
3891,미분,米粉,쌀가루
3890,미봉책,彌縫策,눈가림
3889,미미마게,耳曲,접기
3888,미미다레,耳垂-れ(일),물음표
3887,미몽,迷夢,"꿈, 헛된 꿈"
3886,미명,未明,날이 밝기 전
3885,미립,微粒,쌀알
3884,미력,微力,작은 힘
3883,미러클 플레이,miracle play(영),성자극(聖子劇)
3882,미란,靡爛,"벗겨짐, 까짐"
3881,미라화,mirra化(포),미라화
3880,미디엄 아이언,medium iron(영),중간 쇠채
3879,미디엄,medium(영),"매제, 녹임 매제"
3878,미디어플레이어,media player(영),매체 재생기
3877,미디어 퍼사드,media facade(영),외벽 영상
3876,미등기,未登記,등기 안 된
3875,미등,尾燈,"뒷등, 꼬리등"
3874,미들 아이언,middle iron(영),중간 쇠채
3873,미들 슛,middle shoot(영),중거리쏘기
3872,미드 필드,midfield(영),중간 지역
3871,미드 코트 플레이,mid court play(영),"복판 경기, 중앙 경기, 코트중앙 경기"
3870,미드 코트,mid court(영),중간 지점
3869,미도리우동,綠饂飩,초록국수
3868,미대출되다,未貸出--,안 뀌어 주다
3867,미담,美談,좋은 일
3866,미달된,未達-,못 미친
3865,미다시공구리,見齣-しコンクリ―ト(일)←concrete(영),제치장 콘크리트
3864,미다시,"見出, みだし(일)","찾음표, 표, 제목, 표제"
3863,미니차트,minichart(영),"작은 도표, 작은 괘도"
3862,미니어처,miniature(영),소품
3861,미니멀아트,minimal art(영),"최소 미술, 단순 미술"
3860,미네히카리,峰光,봉광(峰光)벼
3859,미네랄워터,mineral water(영),"광천수, 탄산수, 생수, 먹는샘물"
3858,미납,未納,내지 않음
3857,미깡,蜜柑,"귤, 밀감, 감귤"
3856,미급하여,未及--,미치지 못하여
3855,미급,未急,불급(不急)
3854,미국,米麴,쌀누룩
3853,미구에,未久-,머지 않아
3852,미곡상,米穀商,"① 쌀장사, 쌀장수 ② 쌀가게, 싸전"
3851,미곡,米穀,쌀
3850,미경화용견,未硬化蛹繭,선고치
3849,미결,未決,처리되지 않음
3848,미강착유,米糠搾油,쌀겨 기름
3847,미강,米糠,쌀겨
3846,미간,眉間,눈썹 사이
3845,미가키,磨,"윤내기, 광내기"
3844,미가,米價,쌀값
3843,미,尾,"꼬리, 마리"
3842,뮤직아카데미,music academy(영),"음악원, 음악 기관, 음악 단체, 음악 학원"
3841,뮤지컬쇼,musical show(영),"음악극, 경음악극"
3840,뮤지엄 콤플렉스,Museum Complex(영),국립박물관복합단지
3839,뭉개기,,비탈 다듬기
3838,물형,物形,물건꼴
3837,물피,物被,"물적 피해, 물적 재산 피해"
3836,물탱크,-tank(영),물통
3835,물치,物置,"광, 헛간"
3834,물의가 야기되는,物議-,말썽이 이는
3833,물의,物議,말썽
3832,물색하다,物色--,찾아내다
3831,"물매, 경사",傾斜,"물매, 기울기, 지붕 기울기"
3830,물리적 모형,物理的模型,형상 모형
3829,물론,勿論,"으레, 말할 것 없이"
3828,묻치기,,땅속흙막이
3827,문하시라,門柱,대문 기둥
3826,문체,文體,글투
3825,문책하다,問責--,"책임 묻다, 책임을 묻다"
3824,문지하다,聞知--,들어 알다
3823,문전,門箭,문살
3822,문의하다,問議--,묻다
3821,문와쿠,門わく(일),문틀
3820,문서도화,文書圖畵,보험 안내 자료
3819,문비,門扉,"문, 문짝"
3818,문부,文簿,"문서, 장부"
3817,문미,門楣,문상방
3816,문리,紋理,무늬
3815,문고병,紋枯病,잎집무늬마름병
3814,문,問,물음
3813,묵인하다,黙認--,"넘겨 버리다, 알고도 넘겨 버리다"
3812,묵색,墨色,"먹빛, 먹색"
3811,묵살,黙殺,"뭉갬, 뭉개 버림"
3810,묵법,墨法,먹쓰기
3809,묵과하다,黙過--,넘겨 버리다
3808,무후가,無後家,대 끊긴 집
3807,무효수분,無效水分,비가용수
3806,무효분얼종지기,無效分蘖終止期,헛새끼치기 끝날 때
3805,무화,無火,"불 없는, 기관이 꺼진"
3804,무화,無貨,무동력
3803,무핵과,無核果,"씨 없는 과일, 씨 없는 과실"
3802,무해한,無害-,해가 없는
3801,무투표사유,無投票事由,투표하지 않은 까닭
3800,-무키,むき(일),-용
3799,무크,mook(영),부정기 간행물
3798,무코누노,向布,맞단
3797,무창층,無窓層,창 없는 층
3796,무진장,無盡藏,"수없음, 수없이"
3795,무진사,無診査,진찰 면제
3794,무지,無知,모름
3793,무지,拇指,"엄지, 엄지손가락"
3792,무중 신호,霧中 信號,안개 중 신호
3791,무주택자,無住宅者,집 없는 사람
3790,무주의,無主-,주인 없는
3789,무주물,無主物,임자 없는 물건
3788,무주 부동산,無主不動産,주인 없는 부동산
3787,무종자과실,無種子果實,씨 없는 열매
3786,무절,無節,마디 없는
3785,무적자,無籍者,"국적이 없는 자, 호적이 없는 자"
3784,무자격,無資格,자격 없음
3783,무임,無賃,운임을 받지 아니함
3782,무인원,拇印願,손도장 신청서
3781,무인,拇印,손도장
3780,무육하는,撫育--,보살펴 기르는
3779,무육,撫育,보살펴 기름
3778,무위도식하다,無爲徒食--,놀고 먹다
3777,무위,無違,"꼭, 어김없이, 틀림없이"
3776,무연고,無緣故,연고 없는
3775,무악,巫樂,"무속음악, 무악(shamanistic ritual musics)"
3774,무신호기,霧信號機,안개 신호기
3773,무선 가입자 회선,WLL(wireless local loop(영)),무선지역회선
3772,무상양여,無償讓與,거저 줌
3771,무산되다,霧散--,"안 되다, 못하다, 흩어지다"
3770,무비판적으로,無批判的--,"비판 없이, 생각 없이"
3769,무비재배,無肥栽培,무비료 재배
3768,무비스타,movie star(영),영화 배우
3767,무비 트레일러,movie trailer(영),예고편
3766,무부리,無附利,무이자
3765,무방,無妨,괜찮음
3764,무망하다,務望--,바라다
3763,무망종,無芒種,까락 없는 품종
3762,무루,無漏,빠짐없이
3761,무례한,無禮-,버릇없는
3760,무라토리,斑取-り(일),얼룩빼기
3759,무라나오시,斑直-し(일),고름질
3758,무라,むら(일),얼룩
3757,무대재배,無袋栽培,무봉지 재배
3756,무단히,無斷-,"함부로, 허락 없이"
3755,무단이석,無斷離席,"멋대로 자리 뜸, 마음대로 자리 뜸"
3754,무단 사용,無斷使用,마음대로 씀
3753,무난하다,無難--,괜찮다
3752,무근,無筋,철근이 없는
3751,무관하다,無關--,관계없다
3750,무과실,無過失,잘못 없는
3749,무고,誣告,거짓 고발
3748,무경촉,無莖鏃,뿌리없는활촉
3747,무결속엽,無結束葉,민꼭짓잎
3746,무개차,無蓋車,덮개 없는 차
3745,무개,無蓋,"덮개 없는, 뚜껑 없는"
3744,무강,無彊,끝이 없음
3743,묘판,苗板,못자리
3742,묘지,錨地,정박지
3741,묘연하다,杳然--,감감하다
3740,묘안,妙案,좋은 생각
3739,묘상,苗床,"모판, 모종판"
3738,묘발취,苗拔取,"묘뽑기, 모찌기"
3737,묘박,錨泊,정박
3736,묘목대,苗木袋,모 망태
3735,묘목,苗木,"나무모, 모"
3734,묘령 인하,苗齡引下,모나이 낮추기
3733,묘대,苗垈,못자리
3732,묘근,苗根,모뿌리
3731,"묘광, 무덤구덩",墓壙,"무덤구덩이, 묘광"
3730,묘,錨,닻
3729,묘,苗,모
3728,몽타주,montage(프),인물추정화
3727,몽매하다,蒙寐--,어리석다
3726,몽리자,蒙利者,수혜자
3725,몽리 지역,蒙利地域,혜택 지역
3724,몽리,蒙利,"수혜, 덕 봄, 이익 얻음"
3723,못코,"畚, もんぺ(일)",짐그물
3722,몸메,もんめ(일),"돈, 돈쭝"
3721,"몸돌, 석핵",石核,"몸돌, 석핵"
3720,몰취하다,沒取--,모두 뺏다
3719,몰지각한,沒知覺-,지각없는
3718,몰수하다,沒收--,빼앗아 들이다
3717,몰상식한,沒常識-,못된
3716,"몰딩, 모루징구",Moulding(영),"덮개(電線), 전선 덮개"
3715,몰골법,沒骨法,"단붓질,몰골법"
3714,목화,木花,목질화
3713,목할저,木割箸,나무젓가락
3712,목하,目下,"지금, 현재"
3711,목편,木片,"나뭇조각, 나이테 표본"
3710,목탄,木炭,숯
3709,목측,目測,"눈대중, 눈어림, 눈짐작"
3708,목초,木草,나무와 풀
3707,목초,牧草,꼴
3706,목책공,木柵工,"통나무울얽기, 통나무울짱얽기"
3705,목준,木樽,"나무 술통, 나무통"
3704,목죽,木竹,대와 나무
3703,목정,木精,"메틸알코올, 메탄올"
3702,목전의,目前-,눈앞의
3701,목유토공,木留土工,통나무흙막이
3700,목언제,木堰堤,통나무댐
3699,"목야지, 목야초지",牧野草地,꼴밭
3698,목안,木雁,나무기러기
3697,목수로,木水路,"통나무수로, 통나무도랑"
3696,목수라,木修羅,나무미끄럼길
3695,목설,木屑,톱밥
3694,목상자,木箱子,나무 상자
3693,목산,目算,"눈셈, 눈어림, 눈짐작, 눈대중"
3692,목불인견,目不忍見,"눈뜨고 못 봄, 차마 볼 수 없음"
3691,목분,木紛,나뭇가루
3690,목보안공,木保岸工,통나무기슭막이
3689,목보상공,木保床工,통나무바닥막이
3688,목보곡공,木保谷工,통나무골막이
3687,목모 및 대팻밥,木毛-,대팻밥류
3686,목매설공,木埋說工,통나무땅속흙막이
3685,목리문,木理紋,"나뭇결무늬, 목리문"
3684,목리,木理,나뭇결
3683,목두,木頭,나무머리토막
3682,목도하다,目睹--,보다
3681,목도,牧道,목장길
3680,목도,木刀,"나무칼, 예새(wooden knife)"
3679,목단,牧丹,모란
3678,목근,木根,나무 뿌리
3677,목구,木口,마구리
3676,목교,木橋,나무다리
3675,목골,木骨,나무 뼈대
3674,목건초,牧乾草,마른꼴
3673,목각인,木刻印,나무 도장
3672,모호하다,模糊--,흐릿하다
3671,모형,模型,"틀, 본, 거푸집"
3670,모해하다,謀害--,"해치다, 모함하여 해치다"
3669,모필,毛筆,붓
3668,모피,毛皮,털가죽
3667,모포,毛布,담요
3666,모틀링,mottling(영),알록짜기
3665,모토,motto(영),"신조, 좌우명, 제목, 표어, 목표"
3664,모터,motor(영),전동기(電動機)
3663,모타,モ-タ-(일)←motor(영),"전동기, 발동기, 모터"
3662,모쿠리,木理,나뭇결
3661,모쿠네지,木螺子,나사못
3660,모치모치,持ち持ち(일),각자부담
3659,모치다시,持出-し(일),밑덧단
3658,모체,母體,본체
3657,모찌떡,"餠-, もち-(일)",찹쌀떡
3656,모찌,"餠, もち(일)",떡
3655,모집자,募集者,모집인
3654,모집 요강,募集要綱,모집 안내
3653,모지,母枝,어미가지
3652,"모줄임천정, 말각조정식천정",抹角藻井式天井,모고임천장 모죽임천장
3651,모종,某種,어떤
3650,모재,母材,용접물
3649,모자이크하다,mosaic(영)--,"짜맞추기, 짜맞추다"
3648,모우어,mower(영),예초기
3647,모우,牡牛,수소
3646,모용,冒用,속여 씀
3645,모연,毛筵,너덜 거적
3644,모어,more(영),더 보기
3643,모야이,舫い(일)網,밧줄
3642,모야,母屋,중도리
3641,모아 검사,母蛾檢査,나방 검사
3640,모수림,母樹林,"어미나무숲, 어미수풀"
3639,모수,母樹,어미나무
3638,모소,毛燒,털사르기
3637,모션,motion(영),"동작, 움직임, 몸짓"
3636,모선,母船,"큰배, 어미배"
3635,모사 우표,模寫郵票,위조 우표
3634,모빌유,mobile(영)油,윤활유
3633,모빌,mobile(영),흔들개비
3632,모비루,モビ-ル(일)←mobile(영),"①모빌, 모빌유 ②흔들개비"
3631,모브 신,mob scene(영),군중 장면
3630,모본,母本,어미그루
3629,모발,毛髮,머리털
3628,모바일 커머스,mobile commerce(영),이동통신 거래
3627,모바일 오피스,mobile office(영),이동 사무실
3626,모바일 비즈니스,mobile business(영),① 이동통신 사업 ② 이동통신 업무
3625,모바일 뱅킹,mobile banking(영),이동 기기 금융 (거래)
3624,모모,某某,아무 아무
3623,모면하다,謨免--,"벗어나다, 면하다"
3622,모멘트,moment(영),"계기, 동기"
3621,모멘텀,momentum(영),전환 국면
3620,모리도,盛土,"흙쌓기, 흙돋기, 성토"
3619,모르타르취부공,mortar(영)-吹付工,모르타르 뿜어붙이기
3618,모르타르,mortar(영),회반죽
3617,"모루돌, 대석",臺石,모룻돌
3616,모럴리티 플레이,morality play(영),도덕극
3615,모럴 해저드,moral hazard(영),도덕적 해이
3614,모럴 인털루드,moral interlude(영),세속적 도덕극
3613,모럴,moral(영),도덕
3612,모라토리엄,Moratorium(영),지급 유예
3611,모드,mode(영),"양식, 방식"
3610,모두에,冒頭-,"머리에, 첫머리에"
3609,모두 진술,冒頭陳述,첫머리 공술
3608,모돈,母豚,어미돼지
3607,모도시,"戾, もどし(일)",되돌림
3606,모도리,戾り(일),"되살아 남, 되돌아 옴"
3605,모델링,modelling(영),① 모각 ② 모형화
3604,모델 하우스,model house(영),① 본보기집 ② 본보기 주택
3603,모델 케이스,model case(영),본보기
3602,모델,model(영),모형
3601,모던하다,mordern(영)--,현대적이다
3600,모던 리얼리즘,modern realism(영),현대 사실주의
3599,모더파이드 리얼리즘,modified realism(영),수정 사실주의
3598,모닝콜,morning call(영),"깨우기 전화, 기상 전화"
3597,모닝스페셜,morning special(영),"아침 특식, 아침 별식"
3596,모놀로그,monologue(영),"독화(獨話), 독백"
3595,모노포닉,monophonic(영),단일 음향
3594,모노크롬,monochrome(영),① 단색화 ② 단색
3593,모나카,最中,팥소 과자
3592,모기지론,mortgage loan,미국형 주택담보대출
3591,모근,毛根,털뿌리
3590,모국,某局,"어느 국, 아무 국"
3589,모구리,"潛-り(일), 潛水夫, 潛もぐり(일)",잠수부
3588,모관수,毛管水,모세관수
3587,모계,母鷄,어미닭
3586,모걸 스키잉,mogul skiing(영),요철 설면 경기
3585,모걸,mogul(영),"눈 더미, 요철 설면"
3584,모가지,,목
3583,모,毛,털
3582,명할 수 있다,命-,"명령할 수 있다, 시킬 수 있다"
3581,명하다,命--,"명령하다, 시키다"
3580,명표,銘標,"자랑표, 이름난 표, 이름난 상표"
3579,명패,名牌,이름표
3578,명찰 패용,名札佩用,이름표 달기
3577,명찰,"名札, なふだ(일)",이름표
3576,명주,名酒,이름난 술
3575,명정하여,酩酊--,술에 취하여
3574,명정,酩酊,주취
3573,명의 환서,名義換書,이름 바꿔 적기
3572,명의 개서,名義 改書,이름 변경 기재
3571,명예연안관리제도,,연안지킴이 제도
3570,명에 의거,命-,"말씀에 따라, 명령에 따라"
3569,명실공히,名實共-,이름 그대로
3568,명시 이월,明示移越,밝혀 넘김
3567,명소,"名所, めいしょ(일)",이름난 곳
3566,명부,名簿,이름책
3565,명문화,明文化,문서로 밝힘
3564,명목의 여하를 불문하고,名目-,"어떤 이유로도, 어떤 까닭으로도"
3563,명목여하,名目如何,명목이 어떠한지
3562,명명하다,命名--,"이름 붙이다, 이름지어 붙이다"
3561,명멸하다,明滅--,깜박거리다
3560,명료히,明瞭-,"분명히, 똑똑히"
3559,"명령을 발하다, 지시를 발하다",-發--,"명령을 하다, 지시를 하다"
3558,명령 사항,命令事項,꼭 지켜야 할 사항
3557,명란,明卵,명태알
3556,명도하다,明渡--,"내주다, 넘겨주다"
3555,명년,"明年, あくるとし(일)","내년, 다음해"
3554,명기,"明記, めいき(일)",분명히 기록함
3553,명거 배수,明渠排水,겉도랑 물빼기
3552,명거,明渠,겉도랑
3551,명감하여,銘感--,"깊이 느껴, 깊이 깨달아"
3550,멸실하다,滅失--,없어지다
3549,멸각하고자,滅却---,없애 버리고자
3548,면화,棉花,목화
3547,면포,綿布,"무명, 무명베"
3546,면탈하다,免脫--,"회피하다, 고의적으로 회피하다"
3545,면탈을 목적으로,免脫-,벗어날 목적으로
3544,면탈,免脫,벗어남
3543,면책되다,免責--,책임 벗다
3542,면책 증서,免責證書,책임 없는 증서
3541,면제사,眠除沙,잠똥갈이
3540,면전,綿栓,솜마개
3539,면잠,眠蠶,잠누에
3538,면업자,免業子,작업 면제자
3537,면양,"緬羊, 綿羊",털염소
3536,면실유,綿實油,목화씨 기름
3535,면실박,綿實粕,목화씨깻묵
3534,면실,棉實,목화씨
3533,면식,面識,안면
3532,면삼,眠蔘,쉬는 삼
3531,면기,眠期,잠잘 때
3530,면그릇,麵-,국수 그릇
3529,면견,綿繭,솜고치
3528,멧키,鍍金,"입히기, 금입히기, 도금"
3527,멤버십 펑션,Membership Function(영),소속함수(所屬函數)
3526,"멤버십 카드, 멤버십카드",membership card(영),회원증
3525,멤버 체인지,memver change(영),"선수 교체, 선수 바꿈"
3524,멤버,member(영),"회원, 선수, 구성원, 원소"
3523,"멜리, 멜리석, 멜리다이아몬드",melee(영),좁쌀 다이아몬드
3522,멜로물,melodrama(영)物,통속극
3521,멜로드라마,melodrama(영),통속극
3520,멜로,"melodrama(영), メロドラマ(일)",① 통속극 ② 애정극
3519,멜랑콜리하다,mélancolie(프)--,우울하다
3518,멘트,←announce ment(영),"① 대사 ② 발언, 말"
3517,멘토리,面取-り(일),꾸밈막이
3516,멘털 테스트,mental test(영),지능검사
3515,멘탈 테스트,mental test(영),지능 검사
3514,멘스,menses(영),"경도, 월경"
3513,메탈릭,metallic(영),금속성
3512,메타포,metaphor(영),은유
3511,메타기,メ-タ- 器(일)←meter(영),"계기, 계량기, 미터기"
3510,메쿠라안쿄,盲闇渠,"맹암거, 자갈수멍"
3509,메커니즘,mechanism(영),"① 구조, 체제, 체계, ② 기제, 작용 원리"
3508,메치가이,目違-い(일),턱솔
3507,메지와리,目地割-り(일),"줄눈나누기, 사춤나누기"
3506,메지보리,目地堀-り(일),"줄눈파기, 사춤파기"
3505,메지보,目地棒,"줄눈대, 사춤대"
3504,메지고테,目地鏝,"줄눈흙손, 사춤흙손"
3503,메지,目地,"줄눈, 사춤"
3502,메조,mezzo(이),"반쯤, 약간"
3501,메일 박스,mail box(영),① 편지함② 편지 상자
3500,메인프레임,mainframe(영),"핵심 구조, 기본 구조"
3499,메인타이틀,main title(영),"제명, 주제명"
3498,메인스트림,mainstream(영),주류
3497,메인 플롯,main plot(영),주구성
3496,메인 프로그램,main program(영),"주풀그림, 주프로그램"
3495,메인 프레스센터,main press center(영),주 취재 본부
3494,메인 캐릭터,main character(영),주요 인물
3493,메인 이벤트,main event(영),주경기
3492,메인,main(영),"주(主), 주요"
3491,메이킹 필름,making film(영),① 제작편 ② 낙수(落穗)편
3490,메이킹 인 피트,making in fit(영),가운데치기
3489,메이크업,makeup(영),화장
3488,메이크 타임,Make time(영),투입시간(投入時間)
3487,메이저,major(영),"대형, 주류"
3486,메이 데이,May Day(영),노동절
3485,메쓰부시자리,目潰砂利,틈막이 자갈
3484,메시지,message(영),"성명서, 교서, 전갈, 알림, 알림말"
3483,메시접지,Mesh(영)接地,망상접지(網狀接地)
3482,메시,飯,밥
3481,메스,mes(네),"① 손질, 수정 ② 칼"
3480,메소드 액팅,method acting(영),메소드 연기
3479,메세나,Mecenat(영),"문예후원, 예술후원"
3478,메모리,目盛-り(일),눈금
3477,메모리,memory(영),기억 장치
3476,메모,←memorandum(영),"비망록, 기록"
3475,메리트시스템,merit system(영),성과급 제도
3474,메디텔,meditel(영),의료관광호텔
3473,메들리,medley(영),접속곡
3472,메도메,目止-め(일),눈먹임
3471,메달리스트02,medalist(영),최소 타자
3470,메달리스트01,medalist(영),"메달수령자, 메달받을이"
3469,"메다, 메다기",meter(영)器,"계량기, 미터기"
3468,메뉴 바,menu bar(영),메뉴 표시줄
3467,메뉴,menu(영),"차림, 차림표, 식단"
3466,메네지,めねじ(일),암나사
3465,메거,Megger(영),휴대용 절연 저항계(絶緣抵抗計)
3464,메가폴리스,megapolis(영),거대 도시
3463,메가폰,megaphone(영),손확성기
3462,메가트렌드,,①대세 ②거대 물결
3461,메가톤급,megaton(영)級,핵폭탄급
3460,메가뱅크,megabank(영),"거대 은행, 대형 은행, 초대형 은행"
3459,멍에투겁,笠形銅器,고깔 수레 장식
3458,멀티플렉스극장,multiplex(영)劇場,"복합 상영, 복합 상영관"
3457,멀티플렉스,multiplex(영),다중
3456,멀티플레이어,multi-player(영),만능 선수
3455,멀티플 파울,multiple foul(영),다중 반칙
3454,멀티프로그래밍,multiprogramming(영),"다중 풀그리기, 프로그램짜기"
3453,멀티탭,multi-tap(영),모둠전원꽂이
3452,"멀티스폿, 멀티 스폿",multi-spot(영),① 다면 ② 다중 ③ 다각도
3451,멀티미디어,Multimedia(영),① 다중 매체 ② 복합 매체
3450,멀티 베리어블,Multi-Variable(영),다변수(多變數)
3449,멀칭 재배,mulching(영) 栽培,덮어가꾸기
3448,멀칭,mulching(영),바닥덮기
3447,먼스리 컵,monthly cup(영),월례배
3446,먼스리 컴페티션,monthly competition(영),월례 경기
3445,머피,murphy(영),쉬운퍼진핀
3444,"머플러, 마후라",マフラ(일) ←Muffler(영),소음기(消音器)
3443,머지,merge(영),"합치기, 합침, 함병"
3442,머신 랭귀지,machine language(영),기계어
3441,머신,machine(영),"틀, 기계"
3440,머리기둥,,앞기둥
3439,머드팩,mudpack(영),진흙팩
3438,머더 인 로,mother in law(영),심술핀
3437,머니론더링,money laundering(영),돈세탁
3436,머니게임,money game(영),돈놀이
3435,맹인,盲人,"보지 못하는 사람, 시각 장애인"
3434,맹아갱신,萌芽更新,"움갈이, 새싹갈이"
3433,맹아,萌芽,움
3432,맹아,盲兒,눈 먼 아이
3431,맹방,盟邦,동맹국
3430,맹동,孟冬,초겨울
3429,맵,map(영),도표
3428,맨홀,manhole(영),하수관
3427,"맨투맨, 맨투맨 디펜스","man to man, man to man defence(영)","대인 방어, 대인 수비"
3426,맨투맨,man-to-man(영),일대일
3425,맨션,mansion apartment(영),아파트
3424,맨드릴,mandrel(영),"끼우개, 갈돌끼우개"
3423,맨 투 맨 디펜스,man to man defence(영),"대인 방어, 대인 밀착방어"
3422,맥분,麥粉,보릿가루
3421,맥류예취,麥類刈取,보리베기
3420,맥류,麥類,"보리, 보리류"
3419,맥락,脈絡,"줄기, 계통"
3418,맥답,麥畓,보리논
3417,맥고모자,"麥藁帽子, むきわらぼうし(일)",밀짚모자
3416,맥고,麥藁,보릿짚
3415,맥강,麥糠,보릿겨
3414,맥간작,麥間作,보리사이심기
3413,매호,每戶,집집마다
3412,매행,賣行,팔림세
3411,매핑,mapping(영),사상(寫象)
3410,매팔부,賣捌簿,판 장부
3409,매트바니시,mat varnish(영),민광칠
3408,매트릭스,matrix(영),행렬
3407,매트리스,mattress(영),"침대용 요, 침대요"
3406,매토,埋土,되메우기
3405,매크로경제학,macro(영)-經濟學,거시 경제학
3404,매크로,macro(영),거시적
3403,매칭 리크루팅,matching recruiting(영),"맞춤 직업 소개, 맞춤 직업 알선"
3402,매치 플레이,match play(영),홀별 경기
3401,매치 포인트,match point(영),끝내기 점수
3400,매출,賣出,"판매, 팔기"
3399,매진하다,邁進--,힘차게 나아가다
3398,매진되다,賣盡--,다 팔리다
3397,매주,賣主,"판 사람, 팔 사람"
3396,매주,買主,"산 사람, 살 사람"
3395,매주,每週,주마다
3394,매점02,"賣店, ばいてん(일)",가게
3393,매점01,"買占, かいしめ(일)",사재기
3392,매절,"賣切, うりきれ(일)","다 팔림, 절품"
3391,매장하다,埋葬--,묻다
3390,매장,"賣場, うりば(일)",판매장
3389,매입하다,買入--,사들이다
3388,매입주,買入主,"산, 살 사람"
3387,매일,每日,날마다
3386,매월,每月,다달이
3385,매시드 포테이토즈,mashed potatoes(영),진눈
3384,매스티지,masstige(←mass+prestige product(영)),대중명품
3383,매스트 스타트 로드 레이스,massed start road race(영),"도로 경기, 개인도로 경기"
3382,매스컴,mass communication(영),"대중 전달, 언론, 언론 기관"
3381,매스 게임,mass game(영),집단 체조
3380,매스,mass(영),덩이 느낌
3379,매수하다,買收--,사들이다
3378,매수인,買受人,사는 사람
3377,매수,"買受, かいうけ(일)","사기, 사들이기"
3376,매수,枚數,장수
3375,매설하다,埋設--,파묻다
3374,매설공,埋設工,땅속흙막이
3373,매상금,"賣上金, かいうげきん(일)",판매액
3372,매상고,"賣上高, かいうげだか(일)","판매액, 매출액"
3371,매상02,"買上, かいあげ(일)","사기, 사들이기"
3370,매상01,"賣上, うりあげ(일)","판매, 팔기"
3369,매번,每番,번번이
3368,매물,"賣物, うりもの(일)","팔 물건, 팔 것"
3367,매몰되다,埋沒--,"묻히다, 파묻히다"
3366,매목별로,每木別-,나무마다
3365,매목,埋木,쐐기
3364,매머드,mammoth(영),"큰, 대규모의, 대형"
3363,매매,賣買,팔고사기
3362,매립하다,埋立--,메우다
3361,매립지,埋立地,메운 땅
3360,매려,賣戾,되사들임
3359,매득금,賣得金,"판돈, 판매 이익금"
3358,매도하다,罵倒--,"욕하다, 꾸짖다"
3357,매도하다,賣渡--,팔다
3356,매도인,賣渡人,파는 사람
3355,매도,梅桃,앵두
3354,매니페스트,"manifest(영), 積荷目錄",적하 목록
3353,매니큐어,manicure(영),"손톱칠, 손 손질, 손톱 손질"
3352,매니징 디렉터,managing director(영),경영 감독
3351,매니지먼트 회사,managem-ent(영) 會社,"인력 관리 회사, 기획사"
3350,매너,manner(영),"태도, 버릇, 몸가짐"
3349,매각하다,賣却--,"팔다, 팔아 버리다"
3348,매,枚,장
3347,매,梅,매실
3346,매,煤,"검댕, 그을음"
3345,"맞가지 장식, 출자형입식",出字形立飾,출자 모양 장식
3344,망진,望診,"보기 진단, 겉보기 진단"
3343,망장공,網張工,망붙이기
3342,망입,網入,그물넣기
3341,망어구류,網漁具類,"그물, 고기잡이 그물, 그물류, 고기잡이 그물류"
3340,망아,忘我,접신망아(ecstasy)
3339,망상무늬,網狀-,"그물 무늬, 그물눈 무늬"
3338,"망사, 망와","望瓦, 望斯","망새, 바래기, 바래기기와"
3337,망복공,網覆工,망덮기
3336,망목,網目,그물코
3335,망모,亡母,돌아가신 어머니
3334,망라하다,網羅--,통틀다
3333,망년회,忘年會,"송년 모임, 송년회"
3332,망구전개판,,그물전개판
3331,망공,網工,망공사
3330,망각하다,忘却--,"잊어 버리다, 잊다"
3329,망,網,그물
3328,맘보,mambo(영),율동 회전
3327,말토기,馬形土器,"말모양토기, 말토기"
3326,말일,末日,"끝날, 마지막 날"
3325,말시바이,"말[馬]-しばい(일), -芝居",서커스
3324,말소,抹消,"지움, 지워 없앰"
3323,말살하다,抹殺--,없애다
3322,말미,末尾,"끝, 뒤"
3321,말라리아,malaria(영),학질
3320,말단 부서,末端副署,일선 부서
3319,말단,末端,끝
3318,말구직경,末口直徑,끝지름
3317,말구경,末口徑,끝동부리 지름
3316,말구,末口,"끝마구리, 끝동부리"
3315,말관절,末關節,마디뼈 사이 관절
3314,"말관자, 마면",馬面,말얼굴꾸미개
3313,만파,晩播,늦뿌림
3312,만추잠,晩秋蠶,늦가을 누에
3311,만찬,晩餐,"저녁 모임, 저녁 식사 모임"
3310,만조,滿潮,밀물
3309,만절,蔓切,덩굴치기
3308,만전을 기하다,萬全-,"빈틈없이 하다, 틀림없이 하다, 최선을 다하다"
3307,만전을,萬全-,"최선을, 완전을"
3306,만장,滿場,자리를 채움
3305,만작,晩作,늦가꾸기
3304,만연히,漫然-,되는대로
3303,만연히,慢然-,"주의를 게을리하여, 태만하게"
3302,만연,蔓延,"번짐, 널리 퍼짐"
3301,만식지,晩植地,늦심기 논
3300,만식,晩植,늦심기
3299,만숙,晩熟,늦익음
3298,만성 허혈성 변화,慢性 虛血性 變化,만성 허혈 변화
3297,만성 주정 중독,慢性 酒精 中毒,만성 알코올 중독
3296,만성,蔓性,덩굴성
3295,만상해,晩霜害,늦서리 피해
3294,만상,晩霜,늦서리
3293,만목,蔓木,덩굴나무
3292,만면,滿面,온 얼굴
3291,만료일,滿了日,끝나는 날
3290,만료되다,滿了--,끝나다
3289,만땅,滿-タン(일)←tank(영),"가득, 가득채움, 가득참"
3288,만기재배,晩期栽培,늦가꾸기
3287,만기력부,滿期曆簿,형기 종료 기록부
3286,만곡류,灣曲流,곡류(曲流)
3285,만경류,蔓莖類,덩굴류
3284,만개하다,滿開--,활짝 피다
3283,만가,漫畵,만화
3282,"막집터, 야영유적",野營遺蹟,야영터
3281,막중한,莫重-,아주 중요한
3280,막역한 사이,莫逆-,"친한 사이, 아주 친한 사이"
3279,"막새기와, 와당",瓦當,"막새, 막새기와"
3278,막료,幕僚,참모
3277,막도,幕圖,트레이싱(tracing)
3276,막강,莫强,아주 셈
3275,마호병,"魔法甁, まほうびん(일)",보온병
3274,마호가니엽,mahogany(영)葉,홍엽
3273,마포,麻布,① 삼베 ② 자루걸레
3272,마티에르,matière(프),질감
3271,마타도어,matador(영),"흑색 선전, 모략 선전"
3270,마키토리,卷-き-取-り(일),두루마리
3269,마키카에,捲き返(일),"되감기, 갈아감기"
3268,마키자쿠,捲尺,줄자
3267,마키자쿠,"卷尺, まきじゃく(일)",줄자
3266,마키자쿠,まきしゃく(일),줄자(卷尺)
3265,마키자,捲-,줄자
3264,마키도리,卷き取り(일),롤러 잉크 제거
3263,마키누이,卷-き-縫-い(일),말아박기
3262,마키,卷,김말이
3261,마키,"卷, まき(일)","①두루마리, 말이 ②김말이"
3260,마키,卷き(일),"두루마리, 말이"
3259,마크로,macro(영),"모듬, 모듬 명령"
3258,마크02,mark(영),"막기, 막다"
3257,마크01,mark(영),나머지핀처리
3256,마쿠라기,枕木,"받침목, 굄목, 침목"
3255,마치종,馬齒種,"말이씨, 오목씨"
3254,마찰성 표피 박탈,摩擦性 表皮 剝脫,피부 마찰 벗겨짐
3253,마지키리,問仕切-り(일),칸막이
3252,마자,麻子,삼씨
3251,마일리지 서비스,mileage service(영),이용 실적 서비스
3250,마일리지,mileage(영),이용 실적 점수
3249,마일드하다,mild(영)--,"부드럽다, 순하다"
3248,마인드맵,mind map(영),생각그물
3247,마인드 컨트롤,mind control(영),"심리 통제, 심리 제어, 심리 조절"
3246,마인드,mind(영),① 개념 ② 인식 ③ 사고 체계
3245,마이크로브루어리,micro brewery(영),소규모 맥주제조장
3244,마이크로버스,microbus(영),소형 버스
3243,마이카,my car(영),"자가용, 자가용차, 자기차, 내차"
3242,마이너스킥,misus kick(영),거꾸로 차기
3241,마이너리티,minority(영),소수 집단
3240,마이너 캐릭터,minor character(영),주변 인물
3239,마이너,minor(영),비주류
3238,마이 맨,my man(영),"수비대상, 수비대상자"
3237,마운틴 뷰,mountain view(영),산 전망
3236,마운드,mound(영),"흙 무덤, 흙 무덤장애물"
3235,마우스피스,mouthpiece(영),이 틀
3234,마우스 포테이토,mouse potato(영),골방누리꾼
3233,마우스 패드,mouse pad(영),"마우스 판, 마우스 받침"
3232,마와시,"廻, まわし(일)",돌리기
3231,마연사,麻撚絲,삼노끈
3230,마에와키쿠세,前脇癖,"옆줄임, 옆다트"
3229,마에사가리,前下-がり(일),앞처짐
3228,마에분,前文,머리글
3227,마에미우라쿠세,前身裏癖,"앞길안감줄임, 앞길안감다트"
3226,마에가키,前書-き(일),머리글
3225,마에가리,前借-り(일),"우선 지급, 임시 지급, 가불(假拂), 미리받기, 당겨받기"
3224,마쓰마에,松前,송전(松前)벼
3223,"마쓰리, 마쓰리누이",纏,"감치기, 감침, 감침질"
3222,마스트,mast(영),돛대
3221,마스터하다,master(영)--,통달하다
3220,마스터피스,masterpiece(영),걸작
3219,마스터패턴,master pattern(영),기준옷본
3218,마스터클래스,master class(영),명인강좌
3217,마스터 플랜,master plan(영),"종합 계획, 기본 계획, 기본 설계"
3216,마스카라,mascara(영),속눈썹 그리개
3215,마쇄기,磨碎機,"갈부수개, 갈아부수개"
3214,마쇄,磨碎,갈아부수기
3213,마셜링 야드,marshalling(영)-,"콘테이너 작업장,콘테이너 일터"
3212,마셜,marshal(영),"검색원, 검색요원"
3211,마상재,馬上才,말타기재주
3210,마사토,,굵은 모래
3209,마사지,massage(프),안마
3208,마사메,柾目,곧은 결
3207,"마멸하다, 마멸되다",磨滅--,닳다
3206,마메콩,豆-,콩
3205,마메인,"豆印, まめじるし(일)",잔도장
3204,마마보이,mamma boy(영),"치마폭 아이, 응석받이"
3203,마리나,marina(영),해안유원지
3202,마른 잎,枯葉,시든 잎
3201,마르팅겔,martingale(영),목 고삐
3200,마루펜치,丸ペンチ(일)←pinchers(영),둥근자름집게
3199,마루토02,丸刀,둥근칼
3198,마루토01,まると(일),받침공목
3197,마루타아시바,丸太足場,통나무 비계
3196,마루칼,丸-,긍개
3195,마루메지,丸目地,둥근줄
3194,마루노코,丸鋸,둥근톱
3193,마루노미,丸鑿,둥근끌
3192,마루나카구로,丸中黑,점동그라미
3191,마루가리,まるがり(일),막깎이
3190,마도와쿠,"窓枠, まどわく(일)",창틀
3189,마도로스,matross(네),선원
3188,마도다이,窓臺,창대
3187,마도02,"窓, まど(일)",①창 ②자모테
3186,마도01,窓,창
3185,마더보드,motherboard(영),"어미판, 어미기판"
3184,마대누구매기,麻袋淚溝-,흙포대누구막이
3183,마대골매기,麻袋-,흙포대골막이
3182,마대,麻袋,"포대, 자루"
3181,마담,madame(프),"안주인, 부인"
3180,마노미터,manometer(영),압력계(壓力計)
3179,마나이타,俎板(일),도마
3178,마그네틱 테이프,magnetic tape(영),자기 테이프
3177,마그네틱 카드,magnetic card(영),자기 카드
3176,마그네틱 디스크,magnetic disk(영),"자기 판, 자기 저장판"
3175,마구사,楣,"테두리보, 웃인방"
3174,마구로,鮪,다랑어
3173,마가리,曲(が)り(일),꼬부리
3172,링클프리,wrinkle free(영),구김 방지
3171,링크스,links(영),바닷가 골프장
3170,링커리어,ring career(영),경기 경력
3169,링커,rinker(영),"스케이팅선수, 선수, 중간 연결 선수"
3168,링게이지,ring gauge(영),"손가락재개, 손가락계기"
3167,링02,ring(영),"바구니, 테"
3166,링01,ring(영),경기대
3165,립서비스,lip service(영),"빈말, 입발림"
3164,릴리프 피처,relief pitcher(영),"구원 투수, 교체 투수"
3163,릴리프,relief(영),"부각, 부조"
3162,릴리,lily(영),백합꼴
3161,릴레이 존,relay zone(영),"배턴 지역, 배턴 전달지역"
3160,릴레이 골,relay goal(영),연속 골
3159,린치,lynch(영),폭력
3158,린시드유,linseed oil(영),"아마 기름, 아마유"
3157,린가쿠시로누키,輪郭白拔-き(일),테음각
3156,리필,refill(영),되채우기
3155,리플족,reply(영)族),답글족
3154,"리플렉스, 리프",Reflex(영),반사판(反射板)
3153,리플라이,reply(영),① 답변 ② 회답
3152,리플,Ripple(영),맥동(脈動)
3151,리플,←reply(영),댓글
3150,리프팅,lifting(영),"집어올리기, 공 집어올리기"
3149,"리프티드 스테밍, 리프티드 스테밍턴",lifted stemmingturn(영),들어 돌며 멈추기
3148,리푸절,refusal(영),"피하기, 거부"
3147,리포트,report(영),보도
3146,리포터,reporter(영),"보고자, 보도자"
3145,리페어,repair(영),수리
3144,리퍼브,←refurbished(영),손질상품
3143,리퍼런스 매뉴얼,reference manual(영),참조 설명서
3142,리퍼런스,reference(영),참조
3141,리틀 시어터,little theatre(영),소극장
3140,리테일,retail(영),"소매, 소매 금융"
3139,리턴 패스,return pass(영),"되주기, 다시 주기"
3138,리턴 매치,return match(영),"복수전, 재대결"
3137,리터칭바니시,retouching varnish(영),수정 광칠
3136,리터치,retouch(영),"되짚기, 귀루(歸壘)"
3135,리터지컬 드라마,liturgical drama(영),예배극
3134,리퀸,liquin(영),말림 기름
3133,리퀘스트곡,request(영)曲,신청곡
3132,리퀘스트 콘서트,request concert(영),요청 연주회
3131,리퀘스트,request(영),"신청, 요청"
3130,리쿠,陸,결쳐밀기
3129,리코일 오토매틱,recoil automatic(영),자동 장전 장치
3128,리코딩,recording(영),"녹음, 기록"
3127,리커버리 샷,recovery shot(영),만회타
3126,리치하다,rich(영)--,"넉넉하다, 풍부하다"
3125,리치,reach(영),팔 길이
3124,리츠,REITs(←realestate investment trusts(영)),부동산 투자 신탁
3123,리지스트,resist(영),"녹막이, 방식제"
3122,리조트,resort(영),휴양지
3121,리젠 슐라롬,Riesen Slalom(독),대회전경기(大回轉競技)
3120,리얼하다,real(영)--,"사실적이다, 현실감 있다, 생생하다"
3119,리얼리티,reality(영),사실성
3118,리얼리즘,realism(영),사실주의
3117,리얼 타임,real-time(영),실시간
3116,리얼 버라이어티,real variety(영),생생예능
3115,리어카 우복,-雨服,손수레 덮개
3114,리어카,rear car(영),손수레
3113,리어 엘러베이션,rear elevation(영),뒤 입면도
3112,리어 엔트리,rear entry(영),뒤 착용 부츠
3111,리어 사이트,rear sight(영),가늠자
3110,리야카,リヤカ-(일)←rear car(영),손수레
3109,리시브,receive(영),"받기, 메김 받기"
3108,리시버,receiver(영),수비수
3107,리스프랑 관절,,발목뼈 관절
3106,리스트 액션,wrist action(영),손목 동작
3105,리스크 헤지,Risk HedgeRisk HedgeRisk(영),"위험 회피, 위험 대비, 위험 제거"
3104,리스케줄링,rescheduling(영),"채무 상환 조정, 채무 재조정"
3103,리스 산업,lease(영) 産業,임대업(賃貸業)
3102,리소스,resource(영),자원
3101,리셋 스위치,reset switch(영),재시동 단추
3100,리셋,reset(영),재시동
3099,리서치 헤드,research head(영),수석 연구원
3098,리사이틀,recital(영),"연주회, 발표회"
3097,리부트,reboot(영),되띄우기
3096,리볼빙 시스템,revolving system(영),①회전 결제 시스템 ② 부분 결제 시스템
3095,리볼빙 스테이지,revolving stage(영),회전 무대
3094,리베팅,riveting(영),못접
3093,리베이트,rebate(영),"사례비, 음성 사례비"
3092,리베로,libero(영),"수비 전담 선수, 자유 위치 선수"
3091,리버스 캠버,reverse camber(영),오목 부분
3090,리버스 스트로크,reverse stroke(영),뒤집어치기
3089,리버스 레이업,reverse lay-up(←reverse lay-up hot(영)),뒤돌아 올려 넣기
3088,리바이벌 플랜,revival plan(영),재건 계획
3087,리바운드 볼,rebound ball(영),튀어나온 공
3086,리바운드,rebound(영),튄공
3085,리밋 사이클,limit cycle(영),"극한 폐곡선(極限閉曲線), 한계 폐곡선(限界 閉曲線)"
3084,리믹스하다,remix(영)--,"재합성하다, 재혼합하다"
3083,리미티드 에디션,limited edition(영),"한정품, 한정판"
3082,리무버,remover(영),"뽑개, 집어뽑개"
3081,리무버,remover(영),"지움액, 화장 지움액"
3080,리모트 컨트롤,remote control(영),"조정기, 원격 조정기"
3079,리모컨02,リモコン(일)←remote control(영),원격 조정기
3078,리모컨01,remote control(영),원격 조정기
3077,리딩브랜드,leading brand(영),"으뜸 상표, 주도 상표"
3076,리딩 히터,leading hitter(영),수위 타자
3075,리딩 뱅크,leading bank(영),선도 은행
3074,리듬,rhythm(영),박자
3073,리드하다,lead(영)--,① 이끌다 ② 주도하다
3072,리드하고 있다,lead(영)--,앞서고 있다
3071,리드미컬하다,rhythmical(영)--,"율동적이다, 운율적이다"
3070,리드 슈팅,lead shooting(영),앞질러쏘기
3069,리드,lead(영),표적 이동 전방
3068,리드,reed(영),바디
3067,리더,reader(영),"읽개, 판독기"
3066,리더,leader(영),지도자
3065,리노베이션,renovation(영),개보수(改補修)
3064,리깅,rigging(영),채비하기
3063,리그,league(영),연맹
3062,"르포, 현장 르포",--reportage(프),"취재기, 현장 취재기"
3061,르포,reportage(프),"현지 보고, 보고 기사, 현장 보고, 현장 보고서"
3060,륜 후렌지,輪 Flange(영),차바퀴턱
3059,륙색,Rücksack(독),배낭
3058,룸펜(독),Lumpen(영),고등 실업자
3057,룸펜,Lumpen(독),"실업자, 고등 실업자, 무직자"
3056,룸시어터,room theater(영),안방 극장
3055,룸메이드,roommaid(영),"객실원, 객실 청소원"
3054,룰,roommate(영),규칙
3053,루프톱,roof top(영),옥상
3052,루프스티치,loop stitch(영),코
3051,루프사,loop yarn(영),고리실
3050,루프 패스,loop pass(영),넘겨주기
3049,루프 슛,loop shoot(영),넘겨쏘기
3048,루프 드라이브,loop drive(영),높고 길게치기
3047,루키즘,lookism(영),① 외모 지상주의 ② 외모 중시
3046,루키,rookie(영),"신인, 신인 선수"
3045,루즈,rouge(영),입술연지
3044,루스 임페디먼트,loose impediment(영),"방해물, 자연방해물"
3043,루스 볼,loose ball(영),흐르는 공
3042,루베,立方米,"세제곱미터, m³"
3041,료후세누이,兩伏縫-い(일),쌍줄뉨솔
3040,료다레,兩垂-れ(일),물음느낌표
3039,롱스타일,long style(영),긴 머리
3038,롱런 시스템,long run system(영),장기 공연 방식
3037,"롱거스트, 롱거스트 드라이버","longest, longest driver(영)",최장타자
3036,롱 히트,long hit(영),장타
3035,롱 히터,long hitter(영),장타자
3034,롱 홀,long hole(영),긴 홀
3033,롱 포지션,long position(영),"매입 포지션, 매입 초과 포지션"
3032,롱 페그,long peg(영),길게던지기
3031,롱 퍼팅,long putting(영),긴 퍼팅
3030,롱 킥,long kick(영),멀리차기
3029,롱 코트,long coat(영),"긴코트, 긴외투"
3028,롱 아이언,long iron(영),긴쇠채
3027,롱 스윙,long swing(영),크게 휘두르기
3026,롱 슛,long shoot(영),장거리 쏘기
3025,롱 서비스 라인,long service line(영),복식 뒷줄
3024,롱 서비스,long service(영),길게메김
3023,롱 드라이브,long drive(영),"길게치기, 장타(長打)"
3022,롱 게임,long game(영),"긴채 경기, 긴 거리 기술"
3021,롤플레잉 게임,role-playing game(영),가상 역할 게임
3020,롤오버,roll over(영),만기 연장
3019,롤링밀,rolling mill(영),누름틀
3018,"롤링 플랫폼 스테이지, 웨건 스테이지","rolling platform stage, wagon stage(영)",구동 무대
3017,롤링,rolling(영),"회전, 중심 이동"
3016,롤 아웃,roll out(영),풀린 회전
3015,롤,roll(영),빠지기
3014,론칭쇼,launching show(영),신제품 발표회
3013,론 볼링,lawn bowling(영),잔디 볼링
3012,로프팅,lofting(영),공 띄우기
3011,로프트 볼,loft ball(영),띄운공
3010,로프트,loft(영),"타면 각, 타면 각도"
3009,로프,rope(영),"밧줄, 줄"
3008,로펌,law firm(영),"법률 회사, 법률 사무소"
3007,로틴,low teen(영),10대 초반
3006,로트,lot(영),무더기
3005,로테이션 시스템,rotation system(영),이동 대형
3004,로터리식,rotary(영)式,"회전형, 회전식"
3003,"로터리 펌프, 기류회전펌프","氣流回轉pump(영), rotary pump(영)",회전 펌프
3002,로타리,ロ-タリ(일)←rotary(영),"둥근거리, 로터리"
3001,로킹 모션,rocking motion(영),앞뒤 흔들기
3000,로쿠부,"六分, ろくぶ(일)","엿푼, 18mm"
2999,로케이션,location(영),현지 촬영
2998,로케,location(영),현지 촬영
2997,로컬공급,local(영)供給,"국내 공급, 현지 공급, 원매자 현지 공급"
2996,로컬 룰,local rule(영),특별 규칙
2995,로커 룸,locker room(영),"① 보관실, 물품 보관실 ② 탈의실 ③ 대기실, 선수 대기실"
2994,로커,locker(영),"① 사물함 ② 보관함, 개인 보관함"
2993,로진 백,rosin bag(영),"송진, 송진 주머니"
2992,로직,logic(영),논리
2991,로울러,roller(영),굴밀이
2990,로우 볼,low ball(영),낮은 공
2989,로열 박스,royal box(영),귀빈석
2988,로스트 홀,lost hole(영),진 홀
2987,로스트 볼,lost ball(영),분실구
2986,로스터,roster(영),명단
2985,로스컷,loss cut(영),손절매
2984,로스구이,roast(영),등심구이
2983,로스 타임,loss time(영),허비 시간
2982,로스 리더 상품,loss leader(영) 商品,"미끼 상품, 유인 상품"
2981,로스,loss(영),손실
2980,"로빙, 로빙볼","lobbing, lobbing ball(영)",띄운 공
2979,로비스트,lobbyist(영),"섭외인, 섭외대리인, 막후교섭자"
2978,로브 샷,lob shot(영),띄워치기
2977,로브,lob(영),띄우기
2976,로바다야키,爐端燒,화로구이
2975,로밍폰,roaming phone(영),국외용 휴대 전화
2974,로맨틱 코미디,romantic comedy(영),낭만 희극
2973,로맨틱 스포츠 룩,romantic sports look(영),낭만적 스포츠 풍
2972,로맨틱 리얼리즘,romantic realism(영),낭만적 사실주의
2971,로맨티시즘,romanticism(영),낭만주의
2970,"로맨스, 로맨스물",romance(영),① 연애물 ② 애정물
2969,로라,ロ-ラ-(일)←roller(영),"땅다지개, 굴밀이, 롤러"
2968,로드워크,road work(영),지구력 훈련
2967,로드숍,road shop(영),거리 매장
2966,로드뷰,road view(영),거리 보기
2965,로드매니저,road manager(영),수행매니저
2964,로드 팩터,Load factor(영),탑승률
2963,로드 클로즈드,road closed(영),막힌길
2962,로드 캡,road cap(영),경기용 모자
2961,로드 쇼,road show(영),투자 설명회
2960,로드 센터,Load Center(영),부하중심(負荷中心)
2959,로드 무비,road movie(영),여정영화
2958,로드,load(영),올리다
2957,로드,road(영),"길, 도로"
2956,로그캐빈,log cabin(영),통나무집
2955,로고송,logo song(영),홍보 노래
2954,로 핸디캡,low handicap(영),낮은 기준타 차
2953,로 포스트,low post(영),"골 바구니 밑, 골 바구니 밑 지점"
2952,로 볼,low ball(영),낮은 공
2951,로 발리,low volley(영),낮은 바로치기
2950,"렛테루, 레테르",レッテル(일)←letter(영),상표
2949,렘넌트,remnant(영),자투리
2948,렌터카,rent-a-car(영),"임대차, 빌림차"
2947,렌가와리,煉瓦割-り(일),벽돌나누기
2946,렌가쓰미,煉瓦積-み(일),벽돌쌓기
2945,렌가,煉瓦,벽돌
2944,렉처,lecture(영),"강연 , 강의"
2943,렉스,legs(영),다리막
2942,레플리커주조,replica(영)鑄造,실형 주조
2941,레프트풀백,left full back(영),왼쪽 수비수
2940,레프트이너,left inner(영),"왼쪽안 공격수, 왼쪽 몰이"
2939,레프트윙,left wing(영),"왼쪽 공격수, 왼쪽 날개"
2938,레프트 핸더,left hander(영),왼손잡이
2937,레프트 하프,left half(영),왼쪽공방수
2936,레프트 필더,left fielder(영),좌익수
2935,레프트 코너,left corner(영),왼쪽 구석
2934,레프트 온 베이스,left on base(영),잔루
2933,레퍼토리 컴퍼니,repertory company(영),레퍼토리 극단
2932,레퍼토리 시스템,repertory system(영),레퍼토리 방식
2931,레퍼토리,repertory(영),"곡목, 연주 곡목, 노래 곡목, 상연 목록"
2930,레퍼리 타임아웃,referee time out(영),심판 요청 시간
2929,레퍼리 타임,referee time(영),주심 중단 시간
2928,레퍼리 스로,referee throw(영),주심 던지기
2927,레퍼리,referee(영),심판장
2926,레퍼런스,reference(영),고품질
2925,레트,let(영),"다시하기, 무효"
2924,레트,reticulate(영),"망, 머리 망"
2923,레크리에이션,recreation(영),"오락, 놀이"
2922,레코드,record(영),"① 음반 ② 기록면, 기록표, 기록"
2921,레지스터,resistor(영),① 저항기 ② 기록기
2920,레지스탕스,résistance(프),저항
2919,레지던트 시어터,resident theatre(영),상주 극단
2918,레지던시,residency(영),"거주, 거주지"
2917,레지나싱공법,←ねじ(일)Nothing(영)工法,민나사공법(工法)
2916,레지,レジ(일)←register(영),"종업원, 다방종업원"
2915,레저타운,leisure town(영),휴양지
2914,레저용품,leisure(영)用品,놀이용품
2913,레임덕현상,lame duck(영)--現象,누수 현상
2912,레임덕,lameduck(영),"권력 누수, 권력 누수 현상"
2911,레임,lame(영),무릎대
2910,레일본드,rail bond(영),레일 연결선(rail 連結線)
2909,레일 앵커,rail anchor(영),"철길 고정 장치, 레일 고정 장치"
2908,레일 로드,rail road(영),멀리퍼진핀
2907,레일,rail(영),"철길, 궤도"
2906,레인웨어,rainwear(영),비옷
2905,레인,lane(영),마루
2904,레이트 비기너,late beginner(영),늦깎이
2903,레이크 뷰,lake view(영),호수 전망
2902,레이징해머,raising hammer(영),추킴 망치
2901,레이지전류,れいし(일)電流,여자전류(勵磁電流)
2900,레이용,rayon(영),인견사
2899,레이욘,rayon(영),"인조견, 명주실"
2898,레이업슛,lay up shoot(영),올려넣기
2897,레이아웃,layout(영),"배열, 배치, 판매김"
2896,레이싱 카,racing car(영),"경주차 (競走車), 경주용 자동차"
2895,레이서,racer(영),사이클 경기자
2894,레이브 파티,rave party(영),광란 파티
2893,레이메이,"黎明, れいめい(일)",여명(黎明)벼
2892,레이디즈 티,ladies tee(영),여성 첫 타구역
2891,레이더,radar(영),전파 탐지기
2890,레시피 마케팅,recipe marketing(영),요리법 판촉
2889,레시피,recipe(영),조리법
2888,레슨,lesson(영),개인 지도
2887,레스토랑,restaurant(프),"식당, 양식당"
2886,레벨 스윙,level swing(영),수평 휘두르기
2885,레벨,level(영),"수준, 단계"
2884,레버리지 효과,leverage(영) 效果,지렛대 효과
2883,레버리지,leverage(영),지레 기술
2882,레미콘,レミコン(일)←ready-mixed concrete(영),"회반죽, 양회반죽, 회반죽차, 양회반죽차"
2881,레미콘,remicon(영),① 반죽 콘크리트 ② 반죽 콘크리트차
2880,레루,レ-ル(일)←rail(영),레일
2879,레드카드,red card(영),"빨간딱지, 적색 카드"
2878,레드존,red zone(영),청소년 금지 구역
2877,레그 가드,leg guard(영),다리막이
2876,레귤레이션,regulation(영),조절기(調節器)
2875,레귤러멤버,regular member(영),"정식 회원, 정규 ○○"
2874,레귤러 티,regular tee(영),중간 첫 타구역
2873,레귤러,regular(영),보통
2872,레거시,legacy(영),"유산, 대회 유산"
2871,런치파티,lunch party(영),"점심 모임, 점심 자리"
2870,런지 태클,lunge tackle(영),찔러막기
2869,런너업,runnerup(영),준우승자
2868,런 다운,run down(영),협살(挾殺)
2867,런,run(영),"표적 이동, 구름, 굴리기"
2866,럭스,lux(영),촉광
2865,럭셔리하다,luxury(영)--,① 고급스럽다 ② 호사스럽다
2864,럭셔리 브랜드,luxury brand(영),고가품
2863,러프하다,rough(영)--,거칠다
2862,러프 지역,rough(영) 地域,① 잡초 지역 ② 부적정 구역
2861,러프,rough(영),"잡초 지역, 거친 설면"
2860,러키펀치,lucky punch(영),행운타
2859,러키 드로,lucky draw(영),행운권 추첨
2858,러시 필름,rush film(영),초벌 필름
2857,러시,rush(영),"① 홍수, 봇물 ② 붐빔 ③ 질주"
2856,러스틱 포스트 앤드 레일즈,rustic post and rails(영),"횡목, 횡목장애물"
2855,러브스토리,love story(영),사랑 이야기
2854,러브 호텔,love hotel(영),"연애 호텔, 향락 호텔"
2853,러브 오브 더 그린,rub of the green(영),방해 굴절구
2852,러브 라인,love line(영),사랑구도
2851,러브 게임,love game(영),영점 게임
2850,러브,love(영),"영, 영점"
2849,러버 티,rubber tee(영),"고무 받침, 고무 받침대"
2848,러더,rudder(영),키(舵)
2847,러닝타임,running time(영),상영시간
2846,러닝메이트,running mate(영),동반자
2845,러닝머신,running machine(영),달리기틀
2844,러닝레이트,Learning rate(영),학습률(學習率)
2843,러닝 패스,running pass(영),달리며 주기
2842,러닝 캐치,running catch(영),달려 잡기
2841,러닝 어프로치,running approach(영),"굴려붙이기, 굴리기, 공굴리기"
2840,러닝 앨리,running alley(영),마루
2839,러닝 스텝,running step(영),뜀걸음
2838,러닝 스로,running throw(영),달려 던지기
2837,러닝 슛,running shoot(영),달려쏘기
2836,러닝 머신,learning machine(영),학습기
2835,러닝 개런티,running guarantee(영),흥행 보수
2834,랭킹,ranking(영),"순위, 등수"
2833,랭크되다,rank(영),오르다
2832,랭크,rank(영),순위
2831,랩심,lapped seam(영),겹침시접
2830,랩 타임,lap time(영),구간 기록
2829,랩 어카운트,wrap account(영),종합 자산 관리
2828,램프 함수,ramp function(영),경사 함수(傾斜函數)
2827,램프 어댑터,lamp adapter(영),"전등호환기(傳燈互換器), 전등 맞춤틀"
2826,램프,lamp(영),"등, 표시등"
2825,램프,ramp(영),연결로
2824,랠리포인트 시스템,rally point system(영),직접 득점제
2823,"랜딩, 랜딩비",landing(영)費,납품 사례비
2822,랜딩,landing(영),착지
2821,랜드스케이프,landscape(영),가로 방향
2820,랜덤하게,random(영)--,"임의로, 무작위로"
2819,랜덤 샘플링,random sampling(영),임의 표본
2818,랜덤,random(영),"막-, 무작위"
2817,래피드 파이어 피스톨,rapid fire pistol(영),속사권총
2816,래프팅,rafting(영),"급류타기, 물살타기"
2815,래터럴 패스,lateral pass(영),옆으로 주기
2814,래터럴 워터 해저드,lateral water hazard(영),"병행 물 장애지, 홀 옆 장애지역"
2813,래치,latch(영),"걸쇠, 잠금쇠"
2812,래싱,lashing(영),묶어 둠
2811,래디컬하다,radical(영)--,"과격하다, 극단적이다"
2810,랑데부하다,rendez-vous(프)--,만나다
2809,랑데부 홈런,rendezvous homerun(영),"연속 홈런, 연속 타자 홈런"
2808,란즈미,亂積-み(일),"막쌓기, 허튼쌓기"
2807,란마,欄間,고창(高窓)
2806,란도셀,ランドセル(일)←ransel(네),멜빵가방
2805,란나,ランナ-(일)←runner(영),"주자, 러너"
2804,란,欄,① 온테 ② 칸
2803,라핑 코미디,laughing comedy(영),폭소 희극
2802,라켓 헤드,racket head(영),채머리
2801,라인즈 맨,lines man(영),선심
2800,라인업,line up(영),"① 선수 명단, 진용(陳容) ② 순번 ③ 출연진 ④ 제품군"
2799,라인 저지,line judge(영),선심
2798,라인 오브 플라이트,line of flight(영),비구선(飛球線)
2797,라인 업 시트,line up sheet(영),"기록 용지, 위치 기록 용지"
2796,라인 볼링,line bowling(영),"줄 따라 굴리기, 선 따라 굴리기"
2795,라인 드라이브,line drive(영),직선타
2794,라인,line(영),① 선 ② 줄 ③ 금
2793,라이플링,rifling(영),강선 홈
2792,라이플,rifle(영),소총
2791,라이팅 디자인,lighting design(영),조명 디자인
2790,라이트풀백,right full back(영),오른쪽 수비수
2789,라이트이너,right inner(영),"오른쪽안 공격수, 오른쪽몰이"
2788,라이트윙,right wing(영),"오른쪽 공격수, 오른쪽 날개"
2787,라이트 히트,light hit(영),코 스치기
2786,라이트 하프,right half(영),오른쪽 공방수
2785,라이트 필더,light fielder(영),우익수
2784,라이트 플롯,light plot(영),조명 계획표
2783,라이트 펜,light pen(영),광전펜
2782,라이트 아웃,light out(영),놓치기
2781,라이트,light(영),"조명, 조명등"
2780,라이징 볼,rising ball(영),솟는공
2779,라이스박스,rice box(영),쌀통
2778,라이스밀크,rice milk(영),쌀우유
2777,라이브감,live(영)感,① 생동감 ② 현장감
2776,라이브 볼,live ball(영),산 공
2775,라이벌,rival(영),"맞수, 경쟁자"
2774,라이방,ライバン(일)←Ray Ban(영),"보안경, 색안경"
2773,라이방,Ray Ban(영),"보안경, 색안경"
2772,라이너,liner(영),직선구
2771,라이,lie(영),"공 위치, 공 상태"
2770,라운지,lounge(영),휴게실
2769,라운드형,round(영) 形,둥근형
2768,라운드 헤드 스트로크,round head stroke(영),"돌려치기, 머리 위돌려치기"
2767,라운드,round(영),회전(回戰)
2766,라우드스피커,loudspeaker(영),확성기
2765,라스트 신,last scene(영),마지막 장면
2764,라스트,last(영),"마지막, 최종"
2763,라구랑,ラグラン(일)←raglan(영),"래글런, 래글런외투"
2762,띠지,-紙,띠종이
2761,"뚜껑없는고배, 무개고배",無蓋高杯,뚜껑없는굽다리접시
2760,"뚜껑달린굽접시, 유개고배",有蓋高杯,뚜껑굽다리접시
2759,똔똔,とんとん(일),본전치기
2758,뗑깡,"癲癎, てんかん(일)",생떼
2757,"뗀석기, 타제석기",打製石器,타제석기(chipped stone implement)
2756,떼흙매기,,떼흙막이
2755,떼조공,-條工,반떼붙이기
2754,떼유토공,-留土工,떼흙막이
2753,떼수로공,-水路工,"떼수로내기, 떼도랑내기"
2752,떼붙이기,,"1)평떼붙이기, 2)평떼심기"
2751,떼다,,(미제 사건을) 처리하다
2750,떼누구매기,-淚溝-,떼누구막이
2749,"딸려묻음, 순장",殉葬,딸려묻음
2748,따불,ダブル(일)←double(영),"곱, 겹, 갑절"
2747,딥,Dip(영),"늘어짐, 처짐, 처짐 정도"
2746,딜리니에이터,Delineator(영),시선유도표지
2745,딜레이드어펜스,delayed offense(영),지연 작전
2744,딜레이드 스틸,delayed steal(영),시간차 도루
2743,딜레이드 더블 스틸,delayed double steal(영),시간차 2중 도루
2742,딜럭스하다,deluxe(영)--,"화려하다, 크다"
2741,딜러십,dealership(영),판매권
2740,딜러,dealer(영),"분배상, 판매원"
2739,디형 브리둔,D- bridoon(영),D형 재갈
2738,디프드로잉,deep drawing(영),금내기
2737,디퓨저,diffuser(영),방향기
2736,디폴트02,default(영),"채권 불이행, 채무 불이행, 지급 불능 선언"
2735,디폴트01,default(영),"기권, 기권승"
2734,디폴트 밸류,default value(영),"애초, 애초값"
2733,디펜시브 파울,defensive foul(영),수비 반칙
2732,디펜스,defense(영),"방어, 수비"
2731,디펜딩 챔피언,defending champion(영),"직전우승팀, 전대회우승팀"
2730,디티피,DTP(영),전자 출판
2729,디톡스,detox(영),해독 (요법)
2728,디텍터,detector(영),① 탐지기 ② 검출기 ③ 검파기 ④ 검전기
2727,디테일하다,detail(영)--,① 미세하다 ② 섬세하다 ③ 세밀하다
2726,디테일,detail(영),① 부분 ② 세분 ③ 세부
2725,디코럼,decorum(영),적합성
2724,디코드,decode(영),"복호, 새김, 부호 복호, 부호 새김"
2723,디코더,decoder(영),"복호기, 새김기, 부호 복호기, 부호 새김기"
2722,디커플링,decoupling(영),탈동조화
2721,디지털 이동 전화,Digital 移動電話,디지털이동전화
2720,디지털 시그니처,Digital Signature(영),전자 서명
2719,디지털 시그널,digital signal(영),"수치형 신호, 디지털 신호"
2718,디지털 디바이드,digital divide(영),정보 격차
2717,디지털 도어록,digital doorlock(영),전자 잠금장치
2716,디지털 노마드족,digital Nomad(영) 族,디지털 유목민
2715,디저트,dessert(영),후식
2714,디자인,Design(영),"설계(設計), 도안, 의장"
2713,디자이너,designer(영),"설계사, 도안자, 의장자"
2712,디오라마,diorama(영),실사모형
2711,디시,DC(영),직류
2710,디스플레이되다,display(영)--,① 전시되다 ② 진열되다
2709,디스플레이 디바이스,display device(영),화면 표시 장치
2708,디스펜서,dispenser(영),(정량) 공급기
2707,디스크페이퍼,disk paper(영),"원반 사포, 원반 속새"
2706,디스크자키,disk jockey(영),"음반사, 음반지기"
2705,디스크 오퍼레이팅 시스템,disk operating system(영),"판 운영 체계, 저장판 운영 체계, 디스크 운영 체계"
2704,디스크 버퍼,disk buffer(영),"판 사이칸, 저장판 사이칸"
2703,디스크,disk(영),음반
2702,디스퀄리피케이션 파울,disqualification foul(영),실격 반칙
2701,디스퀄러파이,disqualify(영),실격
2700,디스카운트하다,discount(영)--,"에누리하다, 깎다"
2699,디스차징,discharging(영),짐풀기
2698,디스차지,discharge(영),색빼기
2697,디스일루저니즘,dis-illusionism(영),반환각주의
2696,디센딩 블로,descending blow(영),내려 찍어치기
2695,디비전 보드,division board(영),마루이음새
2694,디비전 라인,division line(영),구획선
2693,디브이디,DVD (←digital video disk(영)),디지털 비디오
2692,디벨로퍼,developer(영),"개발업자, 부동산 개발업자"
2691,디벗,divot(영),뗏조각
2690,디버깅,debugging(영),벌레잡기
2689,디버그,debug(영),벌레잡기
2688,디버거,debugger(영),벌레잡이
2687,디바이스 드라이버,device driver(영),장치 돌리개
2686,디머,dimmer(영),조광기
2685,디렉트 프리킥,direct free kick(영),직접자유축
2684,디렉트 패럴렐,direct parallel(영),평행딛기
2683,디렉트 크로스,direct cross(영),직선 이동
2682,디렉트 스파이크,direct spike(영),"직강타, 직접 강타"
2681,디렉트 마케팅,direct marketing(영),현장 판촉
2680,"디딤돌, 보석",步石,"섬돌, 디딤돌"
2679,디그,dig(영),받아막기
2678,등화관제,燈火管制,불빛가리기
2677,등화,燈火,"등불, 불빛"
2676,등한시하다,等閑視--,소홀히 하다
2675,등초하다,謄抄--,복사하다
2674,등청,登廳,출근
2673,"등짐장수, 보부상",褓負商,"등짐장수, 보부상"
2672,등재하다,登載--,기록하여 올리다
2671,등재 가액,登載 價額,장부 금액
2670,등용,登用,뽑음
2669,등외,等外,"등급밖, 급수밖"
2668,등열식,燈列式,전등배열방식
2667,등산로,登山路,등산길
2666,등산 장치,謄算裝置,계산 장치
2665,등산 도수,謄算度數,회전 도수
2664,등사,謄寫,복사
2663,등목,登木,나무오르기
2662,등록장,登錄長,등록 길이
2661,등대수,燈臺手,"등대 관리원, 등대원, 등대지기"
2660,등단,登壇,연단 오름
2659,등기제증,登記濟證,등기필증
2658,등급찰,等級札,등급표
2657,등귀하다,騰貴--,"오르다, 비싸지다"
2656,등,等,"들, 따위, (...)와 같은"
2655,들망,,후릿그물
2654,득하다,得--,"받다, 얻다"
2653,득표,得票,표를 얻음
2652,득실,得失,얻음과 잃음
2651,득상,得喪,득실
2650,드링크,drink(영),"음료, 마실 것"
2649,드립페인팅,drip painting(영),"흘림법, 흘림 그림"
2648,드림팀,dream team(영),환상팀
2647,드릴러,driller(영),지공사
2646,드릴,drill(영),"틀송곳, 송곳, 기계 송곳"
2645,드리핑,dripping(영),"흘림법, 흘림 그림"
2644,드리프트 앵글,drift angle(영),활주각
2643,드리프트,drift(영),표류(漂流)
2642,드리블 슛,dribble shoot(영),"몰며 쏘기, 공 몰며 쏘기"
2641,드리블,dribble(영),"두 번 치기, 몰기, 공 몰기"
2640,드롭 킥,drop kick(영),튄공차기
2639,드롭 오프,drop off(영),급경사
2638,드롭 샷,drop shot(영),"떨어뜨리기, 앞쪽떨어뜨리기, 뚝 떨어 뜨리기"
2637,드롭 볼,drop ball(영),공 떨어뜨리기
2636,드롭 발리,drop volley(영),짧게 바로치기
2635,드롭,drop(영),"몸 낮추기, 떨어뜨리기, 공떨어뜨리기"
2634,드론 게임,drawn game(영),비긴 경기
2633,드론,drone(영),무인기
2632,드로잉,drawing(영),"① 그림, 그리기 ② 소묘"
2631,드로,draw(영),"대진짜기, 모둠짜기, 왼쪽흐름"
2630,드레인,drain(영),"물빼기, 배수"
2629,드레시하다,dressy(영)--,"멋있다, 근사하다, 우아하다"
2628,드레스 프로퍼티,dress property(영),장식 도구
2627,드레스 코드,dress code(영),옷차림 약속
2626,"드레스 살롱, 디자인 살롱","dress salon, design salon(영)",양장점
2625,드레스 룸,dress room(영),옷방
2624,드럼,drum(영),북
2623,드러매틱,dramatic(영),극적인
2622,드래그 번트,drag bunt(영),당겨 대기
2621,드래그,drag(영),끌기
2620,드라이플라워,dry flower(영),말린꽃
2619,드라이어,drier(영),"말리개, 머리말리개, 건조기, 머리건조기"
2618,드라이빙 아이언,driving iron(영),1번 쇠채
2617,드라이빙 레인지,driving range(영),연습장
2616,드라이브코스,drive course(영),차산책길
2615,드라이브정책,drive(영),주도 정책
2614,드라이브스루,drive-through(영),"승차 구매, 승차 구매점"
2613,드라이브 인,drive in(영),"돌파, 파고들기"
2612,드라이브 서브,drive serve(영),감아치기메김
2611,드라이브 발리,drive volley(영),길게 바로치기
2610,드라이브,drive(영),"직선치기, 길게치기, 몰아가기"
2609,드라이버02,Driver(영),1번 나무채
2608,드라이버 라이선스,driver's license(영),"운전면허, 운전면허증"
2607,드라이 왁싱,dry waxing(영),고체 왁스입히기
2606,드라이 에이징,dry aging(영),건식 숙성
2605,드라이 벌커,dry bulker(영),"말림배, 건화물선"
2604,드라이 리스,Dry lease(영),단순임차
2603,드라이 댐,dry dam(영),예비댐
2602,드라이,dryer(영),"말리개, 머리말리개, 건조기, 머리건조기"
2601,드라마틱하다,dramatic(영)--,극적이다
2600,"드라마틱 폼, 장르, 타입","drmatic form, genre, type(영)",극형태
2599,드라마틱 컨벤션,dramatic convention(영),연극 관약(慣約)
2598,드라마틱 액션,dramatic action(영),극행동
2597,"드라마틱 스타일, 모드, 패션","dramatic style, mode, fashion(영)",극양식
2596,"드라마, 드람","drama(영), drame(프)",일반극
2595,드라마 시어터,drama theater(영),연극
2594,드라마,drama(영),"극, 연극"
2593,듀티비,Duty ratio(영),"작동비(作動比), 충격비(衝擊比)"
2592,듀엣,duet(영),"이중창, 이중주"
2591,듀얼 컨버터,DualConverter(영),"이중 변환기(逆竝變換器), 이중 역병렬 변환기"
2590,듀얼 레이트 시스템,dual rate system(영),이중 운임제
2589,듀얼,dual(영),이중
2588,듀스 코트,deuce court(영),오른쪽 코트
2587,뒤사춤돌,,끝굄돌
2586,뒤굄돌,,끝굄돌
2585,"뒤가리개, 후륜",後輪,안장뒤턱
2584,둔화되다,鈍化--,"무디어지다, 둔해지다"
2583,둔부,臀部,"엉덩이, 궁둥이"
2582,둔기 손상,鈍器 損傷,둔기 상처
2581,둑매기,,둑쌓기
2580,두피 하출혈,頭皮 下出血,머리 덮개 밑 출혈
2579,두피 절개,頭皮 切開,머리 덮개 절개
2578,두창,痘瘡,"천연두, 마마"
2577,두절되다,杜絶--,"끊기다, 끊어지다"
2576,두유,豆油,콩기름
2575,두서,頭緖,"갈피, 차례"
2574,두서,頭書,"머리말, 머리글"
2573,두상화서,頭狀花序,두상 꽃 차례
2572,두부 직경,頭部直徑,윗지름
2571,두부 외상,頭部 外傷,머리 외상
2570,두부 손상,頭部 損傷,머리 손상
2569,두부,頭部,머리
2568,두발,頭髮,"머리털, 머리, 머리카락"
2567,두문,頭文,머리글
2566,두류,豆類,콩류
2565,두광,頭光,"머리광배, 두광"
2564,두과,豆科,콩과
2563,두경부 손상,頭頸部 損傷,머리목 손상
2562,두개골 절제술,頭蓋骨 切除術,머리뼈 절제
2561,두개골 골절,頭蓋骨 骨折,머리뼈 골절
2560,두개골,頭蓋骨,머리뼈
2559,동향,動向,움직임새
2558,동해구,凍害球,언 알
2557,동해,凍害,언피해
2556,동할립,胴割粒,금간 알
2555,동포자퇴,冬胞子堆,"겨울 홀씨더미, 겨울 포자퇴"
2554,동포자,冬胞子,"겨울 홀씨, 겨울 포자"
2553,동파되다,凍破--,얼어 터지다
2552,동통,疼痛,쑤시고 아픔
2551,동토,凍土,언 땅
2550,동측 충격,同側 衝擊,같은쪽 충격
2549,동촉,銅鏃,청동활촉
2548,동체,胴體,몸통
2547,동참하다,同參--,함께 참여하다
2546,동조하다,同調--,"편들다, 따르다"
2545,동조,冬鳥,겨울새
2544,동정,動靜,① 움직임 ② 형편
2543,동전,同前,"위와 같음, 앞과 같음"
2542,동적 제동,動的制動,저항 제동(抵抗制動)
2541,동장,胴長,"몸통 길이, 삼몸통 길이"
2540,동작물,冬作物,겨울작물
2539,동일한,同一-,같은
2538,동일,同日,"같은 날, 그 날"
2537,동인,同人,"같은 사람, 그 사람"
2536,동원하여,動員--,들여서
2535,동요 관절,動搖 關節,흔들리는 관절
2534,동요,動搖,흔들림
2533,동어,同語,같은 말
2532,동액,同額,같은 액수
2531,동아,冬芽,겨울눈
2530,동신제,堂祭,당제
2529,동시체,胴屍體,시체 몸통
2528,동시에,同時-,"같은 때에, 같은 시간에, 아울러"
2527,동승하다,同乘--,"함께 타다, 같이 타다"
2526,동수수심,動水水深,경심(徑深)
2525,동수반지름,動水半-,경심(徑深)
2524,동소,同所,같은 곳
2523,동선,銅線,구리선
2522,동상해,凍霜害,서리피해
2521,동상 개소,凍傷個所,언 부분
2520,동상,同上,위와 같음
2519,동비,冬肥,겨울 거름
2518,동부,胴部,몸통
2517,동봉,動蜂,일벌
2516,동복,冬服,겨울옷
2515,동반하다,同伴--,"함께 오다, 함께 가다"
2514,동면,冬眠,겨울잠
2513,동맥류,動脈瘤,동맥 자루
2512,동맥 경화성 동맥류,動脈 硬化性 動脈瘤,동맥 경화 동맥 자루
2511,동륜,動輪,차바퀴
2510,동령림,同齡林,같은나이숲
2509,동력거,動力鋸,"기계톱, 동력톱"
2508,동력 절상기,動力切桑機,뽕잎 써는 기계
2507,동량,棟梁,"기둥, 동량"
2506,동년,同年,같은 해
2505,동기,同期,"같은 기, 같은 기간"
2504,동기,冬期,"겨울, 겨울 동안"
2503,동구,洞口,"동네어귀, 동네 어귀"
2502,동공,瞳孔,눈동자
2501,동고병,胴枯病,줄기마름병
2500,동계교배,同系交配,근친 교배
2499,동계 대회,冬季大會,"겨울 대회, 겨울철 대회"
2498,동계,同系,같은 계열
2497,동경,胴徑,"몸통 굵기, 삼몸통 굵기"
2496,동건,同件,"같은 건, 같은 일"
2495,동거하다,同居--,같이 살다
2494,동,同,같은
2493,돌흙매기,,돌흙막이
2492,돌파하다,突破--,"넘어서다, 깨뜨리다, 뚫고 나가다"
2491,"돌칸흙무덤, 석실봉토분",石室封土俸,돌칸흙무덤 돌방흙무덤 석실봉토분
2490,돌조공,-條工,줄돌쌓기
2489,돌연변이유도물,突然變異誘導物,돌연변이 유발원
2488,돌수로공,-水路工,"돌수로내기, 돌도랑내기"
2487,돌설,突設,돌출 설치
2486,"돌방무덤, 석실묘",石室墓,"석실묘, 돌방무덤"
2485,돌방,突放,이동 중 분리
2484,돌발,突發,갑자기 일어남
2483,돌바닥매기,,돌바닥막이
2482,돌망태유토공,-留土工,돌망태흙막이
2481,돌망태언제,-堰堤,돌망태댐
2480,돌망태암거,-暗渠,돌망태속도랑
2479,돌망태수로공,-水路工,"돌망태수로내기, 돌망태도랑내기"
2478,돌망태보상공,-保床工,돌망태바닥막이
2477,돌망태방조제공,-防潮堤工,돌망태방조기슭막이
2476,돌망태대공,-帶工,돌망태낮은바닥막이
2475,돌망태누구매기,-淚溝-,돌망태누구막이
2474,돌망태기슭매기,,돌망태기슭막이
2473,돌망태근고공,-根固工,돌망태밑막이
2472,돌림배수로,-排水路,"돌림수로, 돌림도랑"
2471,"돌려떼기, 착하박리",錯何剝離,애벌떼기(Levallois technique)
2470,돌기슭매기,,돌기슭막이
2469,돌골매기,,돌골막이
2468,돋판,,볼록판
2467,돈절,頓絶,끊어짐
2466,돈육,豚肉,돼지고기
2465,돈역,豚疫,돼지 돌림병
2464,돈스,緞子,비단
2463,돈삼겹살,豚三-,돼지 삼겹살
2462,돈부리,どんぶり(일),덮밥
2461,돈단독,豚丹毒,"돼지단독, 돼지단독병"
2460,돈,豚,돼지
2459,독필,禿筆,몽당붓
2458,독찰,督察,감독
2457,독직,瀆職,직무상 부정 행위
2456,독제,毒劑,독약
2455,독점,獨占,독차지
2454,독우,犢牛,송아지
2453,독방,獨房,혼잣방
2452,독립 가옥,獨立家屋,"외딴집, 딴채 살림집"
2451,독림가,篤林家,모범 임업인
2450,독력으로,獨力--,혼자 힘으로
2449,독려하다,督勵--,장려하다
2448,독농가,"篤農家, とくのうか(일)","모범 농부, 모범 농가"
2447,독낭,毒囊,독주머니
2446,독나지,禿裸地,"민둥산, 민둥땅"
2445,독고다이,特攻隊,특공대
2444,독거실,獨居室,독방
2443,독거,獨居,홀로 삶
2442,독가촌,獨家村,외딴집
2441,독,dock(영),뱃도랑
2440,도화,稻花,벼꽃
2439,도화,圖畵,그림 도면
2438,도합,"都合, つごう(일)","모두, 합계"
2437,도한,盜汗,식은땀
2436,도하하다,渡河--,"물 건너다, 물을 건너다"
2435,도하다,睹--,"걸다, 내기하다"
2434,도프 도료,dope(영) 塗料,기계칠
2433,도품,盜品,도난 물품
2432,도표,圖表,그림표
2431,도포하다,塗布--,바르다
2430,도포제,塗布劑,바르는 약
2429,도탄구미,トタン-組(일)←tutanaga(독),좁혀짜기
2428,도탄,トタン(일)←tutanaga(포),"함석, 아연철판, 아연도금철판"
2427,도탄,塗炭,몹시 어려움
2426,도킹하다,docking(영)--,만나다
2425,도키아이,時合,물거리
2424,도쿠이,得意,"단골, 단골손님"
2423,도쿠리,"德利, とくり(일)",①긴목셔츠 ②조막병
2422,도출하다,導出--,"찾아내다, 이끌어내다"
2421,도체율,屠體率,통고기율
2420,도찰,塗擦,"바르기, 칠하기"
2419,도지,dodge(영),속임수
2418,도주하다,逃走--,달아나다
2417,도제,島堤,섬방파제
2416,"도정 과정, 쌀의 도정 과정",搗精過程,"찧는 과정, 쌀 찧는 과정"
2415,도정 공장,搗精工場,방앗간
2414,도정,搗精,방아찧기
2413,도정,道程,가는 길
2412,도재,圖載,그려 넣음
2411,도장하다,塗裝--,칠하다
2410,도장공,塗裝工,칠장이
2409,도장,徒長,웃자람
2408,도입하다,導入--,들여오다
2407,도이시,砥石,숫돌
2406,도이시,といし(일),숫돌
2405,도이,桶,홈통
2404,도용하다,盜用--,"훔쳐 쓰다, 몰래 쓰다"
2403,도와쿠,戶枠,문틀
2402,도열하다,堵列--,늘어서다
2401,도언,徒言,군소리
2400,도어맨,doorman(영),"안내인, 현관 안내인"
2399,"도어 맨, 도어맨",door man(영),"안내인, 현관 안내인"
2398,도어,door(영),문
2397,도약,跳躍,뛰어오름
2396,도야하다,陶冶--,"갈다, 닦다"
2395,도시,通-し(일),통판
2394,도슨트,docent(영),"전문 안내원, 전문 도우미"
2393,도순 구분,,"순서 구분, 배달 순서 구분"
2392,도수로,導水路,물댈 도랑
2391,도수 정복,徒手 整復,폐쇄 골절 교정
2390,도수,徒手,맨손
2389,도수,導水,"물을 끌어들임, 물을 끌어올림"
2388,도선장,渡船場,나루터
2387,도선,渡船,나룻배
2386,도샤,土砂,토사
2385,도색,途色,색칠
2384,도상,道牀,사잇재
2383,도비야,飛刃,쐐기정
2382,도비라,"扉, とびら(일)",속표지
2381,도비라,とびら(일),속표지
2380,도비,鳶,비계공
2379,도비,飛び(일),뛰기
2378,도봉,盜蜂,도둑벌
2377,도복,倒伏,쓰러짐
2376,도벽,盜癖,훔치는 버릇
2375,도벌,盜伐,몰래베기
2374,도박,賭博,노름
2373,도미노,domino(영),"파급, 연쇄 파급"
2372,도모하다,圖謀--,꾀하다
2371,도메키,どうぬっき(일),구리 도금(銅 鍍金)
2370,도메스틱 트래지디,domestic tragedy(영),가정 비극
2369,도메,止-め(일),"끝, 매듭"
2368,도말하다,塗抹--,지워 없애다
2367,도마리,泊り(일),밤낚시
2366,도마,土間,"토방, 다짐 바닥"
2365,도리카지,"取舵, とりかじ(일)","좌회전, 왼돌이"
2364,도리우치,"鳥打, とりうち(일)","납작모자, 캡"
2363,도리02,"取, とり(일)",①독차지 ②줄떼기
2362,도리01,取り(일),줄떼기
2361,도류화,道流化,곡선화
2360,도료,"塗料, とりょう(일)","칠, 칠감"
2359,도록,都錄,목록
2358,도로,徒勞,헛수고
2357,도래각,到來角,도달각(到達角)
2356,도랏푸,トラップ(일)←trap(영),트랩
2355,도랏쿠,トッラク(일)←truck(영),"화물차, 화물자동차, 짐차, 트럭"
2354,도란스,ドランス(일)←transformer(영),"변압기(變壓器), 트랜스"
2353,도라후다,,만능 제도판
2352,도라이바,ドライバ(일)←driver(영),"나사돌리개, 드라이버"
2351,도라무,ドラム(일)←drum(영),"드럼, 드럼통"
2350,도도메,土止-め(일),흙막이
2349,도도리바,土取-り-場(일),"취토장, 채토장"
2348,도도리,土取-り(일),"취토, 채토"
2347,도달증료,到達證料,"배달 통지 요금, 배달 지급 통지 요금"
2346,도달증,到達證,"배달 통지서, 배달 지급 통지서"
2345,도단즙,釷丹葺,함석 지붕
2344,도노코즈리,砥の粉摺(일),토분 먹임
2343,도노코,砥の粉(일),토분
2342,도네,同値,같은 값
2341,도기,陶器,질그릇
2340,도급 경비,都給經費,도맡은 비용
2339,도급,都給,도맡음
2338,도금,"鍍金, めっき(일)","입히기, 금입히기"
2337,도금,鍍金,"입히기, 금입히기"
2336,도그매듭,dog(영)-,봉오리 매듭
2335,도그 레그 홀,dog leg hole(영),굽은홀
2334,도굴하다,盜掘--,몰래 파내다
2333,도구방,道具房,연모방
2332,도구루마,戶車,문바퀴
2331,도구,道具,"연장, 연모"
2330,도괴,倒壞,"무너짐, 무너뜨림"
2329,도고,稻藁,볏짚
2328,도검,刀劍,칼
2327,도강,渡江,강 건넘
2326,도,桃,복숭아
2325,뎃키리,てっきり(일),적중값
2324,델타결선,Delta(영) 結線,삼각결선(三角結線)
2323,델타,delta(영),삼각주
2322,델리킷하다,delicate(영)--,"미묘하다, 섬세하다"
2321,델리커트하다,delicate(영)--,"미묘하다, 까다롭다"
2320,덴포파렌,てんぽ(일)-Parenthese(독),고딕대괄호
2319,덴팅길이,denting(영)-,바디 너비
2318,덴틀와이어,dental wire(영),"묶음줄, 땜묶음줄"
2317,덴키시,でんきし(일),전기자(電氣子)
2316,덴치게이모노,天地罫物,상하자르기
2315,덴치,天地,"상하, 하늘땅"
2314,덴치,"電池, でんち(일)",손전등
2313,덴주,でんちゆう(일),전봇대(電柱)
2312,덴조,"天井, てんじょう(일)",천장
2311,덴아츠케이,でんあつけい(일),전압계(電壓計)
2310,덴바,天端,"꼭대기, 윗면"
2309,덴마배,"傳馬*, 傳馬船, てんません(일)",거룻배
2308,덴,天,"저고리, 병풍저고리"
2307,덱 파트,deck part(영),갑판부
2306,덱,deck(영),평상
2305,"데포름, 데포르마시옹",déformation(프),변형
2304,데페이즈망,dé paysement(프),전위법
2303,데토,てっとう(일),철탑(鐵塔)
2302,데탕트,détente(프),긴장 완화
2301,데코보코,でこぼこ(일),"울퉁불퉁, 올록볼록, 요철"
2300,데코,"挻子, てこ(일)",지렛대
2299,데칼코마니,décalcomanie(프),전사법
2298,데카르트 마케팅,techart marketing(영),예술감각상품
2297,데지마,,대지(大地)감자
2296,데일리메뉴,daily menu(영),"나날 차림표, 오늘의 차림표, 오늘의 식단"
2295,데이트레이딩,daytrading(영),"단타매매, 초단타매매"
2294,데이트,date(영),"교제, 만남, 만나다"
2293,데이터,data(영),"자료, 정보 자료"
2292,데이코,ていこう(일),저항(抵抗)
2291,데쓰보,鐵捧,"쇠땜막대, 쇠용접봉"
2290,데쓰마쿠라기,鐵枕木,"철침목, 쇠굄목"
2289,데스크톱 컴퓨터,desktop computer(영),탁상용 컴퓨터
2288,데스리,"扌摺, 手摺, てすり(일)",난간
2287,데생,dessin(프),소묘
2286,데빗 카드,debit card(영),직불 카드
2285,데뷔,début(프),"등단, 등장, 첫등장, 첫무대, 첫등단"
2284,데미지,damage(영),"손상, 충격, 손해"
2283,데몬스트레이터,demonstrator(영),시범 연기자
2282,데모토,"扌元, 手許, 手元, てもと(일)","조공, 조력공, 곁꾼, 보조공, 조수"
2281,데모데이,demoday(영),시연회
2280,데모 프로그램,demo program(영),"시연 프로그램, 맛보기 프로그램"
2279,데모,demonstration(영),"시위, 시위 운동"
2278,데드볼,dead ball(영),"무효투, 경기 중단, 일시 중단"
2277,데드롱,テトロン(일)←Tetoron(네),테토론
2276,데드라인,deadline(영),"한계선, 최종 한계, 마감, 기한"
2275,데드 크로스,dead cross(영),약세 전환 지표
2274,데드 우드,dead wood(영),쓰러진핀
2273,데드,dead(영),경기 중단
2272,데도리,手取り(일),"알차지, 주인몫"
2271,데누이,手縫-い(일),손바느질
2270,데네리,手練-り(일),손비비기
2269,데나오시,"手直, てなおし(일)",재공사
2268,데끼방,deck(영)方,하역 신호원
2267,더프,duff(영),뒤땅치기
2266,더퍼,duffer(영),서툰이
2265,"더킹, 더킹 모션","ducking, ducking motion(영)","낮춰 피하기, 몸 굽히기"
2264,더치 맨,dutch man(영),거듭치기선수
2263,더빙,dubbing(영),"재녹음, 재녹화"
2262,더비,derby(영),"경마식경기, 경마식장애물경기"
2261,더블헤더,double-header(영),연속 경기
2260,더블펀치,double punch(영),"거푸치기, 연타"
2259,더블직물,double(영)織物,양면천
2258,더블웨이커넥션,Double-way Connection(영),"중로 접속(中路接續), 이중 접속(二重接續)"
2257,더블마크,double mark(영),이중 방어
2256,더블딥,double-dip(영),이중 침체
2255,더블02,double(영),두 발 사격
2254,더블01,double(영),"곱, 겹, 갑절"
2253,"더블, 더블 콤비네이션",doublecombination(영),"복합 장애물, 2단 복합 장애물"
2252,더블 히트,double hit(영),"두 번 치기, 겹치기, 중복치기"
2251,더블 피너클,double pinnacle(영),황금문
2250,더블 플롯,double plot(영),이중 구성
2249,"더블 플레이, 더블 플레이 코스",double play course(영),"병살, 병살 코스"
2248,더블 파울,double foul(영),양쪽 반칙
2247,더블 팀,double team(영),이중 수비
2246,더블 클러치,double clutch(영),2단 동작
2245,더블 콘택트,double contact(영),"두 번 닿기, 두 번 닿기 반칙"
2244,더블 컨버터,DoubleConverter(영),이중변환기(二重變換機)
2243,더블 캠버,double camber(영),겹볼록
2242,더블 캐스팅,double casting(영),이중 배역
2241,더블 익스포저,double exposure(영),복합 노출
2240,더블 우드,double wood(영),"숨은핀, 겹친핀"
2239,더블 스틸,double steal(영),이중 도루
2238,더블 스토퍼,double stopper(영),2명 중앙 수비수
2237,더블 스리,double three(영),3자형 반복 돌기
2236,더블 세터 시스템,double setter system(영),이중 배급자 방식
2235,더블 볼링,double bowling(영),딴공 굴리기
2234,더블 배럴,double barrel(영),쌍대
2233,"더블 드리블, 더블 드리블파울",double dribblefoul(영),"거듭 몰기, 거듭 몰기반칙"
2232,댐핑 저항,DampingResistance(영),"감쇠저항(減衰抵抗), 제동저항(制動抵抗)"
2231,댐핑,Damping(영),"제동(制動), 감쇠"
2230,댐퍼,damper(영),공기 조절판
2229,"댄스, 댄스 음반",dance (音盤),"춤곡, 춤곡 음반"
2228,댄스 홀,dance hall(영),무도장
2227,댄스 플로어,dance floor(영),무대
2226,댄스,dance(영),춤
2225,댄서,dancer(영),"무용가, 무용수"
2224,대환 대출,貸還 貸出,상환용 대출
2223,대호,對號,"관련 문서, 관련 문서 번호"
2222,대향하여,對向--,마주 보는
2221,대향하다,對向--,마주 보다
2220,대행,代行,대신 행함
2219,대하여,代--,갈음하여
2218,대하,"大蝦, おおえび(일)","큰새우, 왕새우"
2217,대하,貸下,"빌려줌, 대여"
2216,대표목,代表木,표준목
2215,대폭,"大幅, おおはば(일)","많이, 크게, 넓게"
2214,대편,大片,굵은 삼
2213,대퇴,大腿,넓적다리
2212,대토,,"갈음땅, 대체땅"
2211,대칭,臺秤,받침저울
2210,대치하다,對峙--,"마주 버티다, 맞버티다"
2209,대치,代置,바꿈
2208,대측 충격,對側 衝擊,반대쪽 충격
2207,대출하다,貸出--,빌려주다
2206,"대출 기일, 대출금 기일",貸出金 期日,대출 만기일
2205,대출,"貸出, かしだし(일)",빌림
2204,대추,大雛,큰 병아리
2203,대체,"代替, だいがえ(일), だいかえ(일)",바꿈
2202,대체,代替,바꿈
2201,대청,帶靑,푸른 띠
2200,대청,大廳,큰마루
2199,대철,袋綴,가림철
2198,대차료,貸車料,① 대여료 ② 차 빌린 비용
2197,대차,擡車,운반차
2196,대차,臺車,"바퀴축, 바퀴축특"
2195,대질,對質,무릎맞춤
2194,대지공,帶芝工,띠떼심기
2193,대지,帶紙,띠지
2192,대주,貸主,① 대출자 ② 뀐이
2191,대주,貸株,주식 대여
2190,대좌하다,對坐--,마주 앉다
2189,대정맥,大精麥,겉보리쌀
2188,대절,"貸切, かしきり(일)",전세
2187,"대전, 판매 대전",代錢,"대금, 판매 대금"
2186,대전,代錢,대금
2185,대저,大抵,무릇
2184,대장,臺帳,장부
2183,대입된,袋入-,"포장된, 자루에 담긴"
2182,대인,代人,대리인
2181,대용,貸用,빌려 씀
2180,대요,大要,줄거리
2179,대외투자,對外投資,국외투자
2178,대외순수취 경상이전,對外純受取 經常移轉,국외순수취 경상이전
2177,대외거래계정,對外去來計定,국외거래계정
2176,대외 투자,對外 投資,국외 투자
2175,대외 문서,對外文書,외부용 문서
2174,대엽성 폐렴,大葉性 肺炎,엽폐렴
2173,대여하다,貸與--,빌려주다
2172,대야,對野,야당에 대한
2171,대안,對岸,"건너편, 건너편 언덕"
2170,대식기,大食期,한밥때
2169,대시보드,dashboard(영),계기판
2168,대시,dash(영),① 돌진 ② 줄표
2167,대습 상속,代襲相續,대 이어 물림
2166,대쇄립,大碎粒,굵은 싸라기
2165,대성,大聲,큰 소리
2164,대석입지공,臺石立芝工,밑돌선떼붙이기
2163,대생,對生,마주나기
2162,대상식재,帶狀植栽,띠모양심기
2161,대상부분밀식,帶狀部分密植,"띠배게심기, 띠모양배게심기"
2160,대상벌채32,帶狀伐採,"띠베기, 띠모양베기"
2159,대상금,貸上金,"대여금, 대출금"
2158,대상공,帶床工,낮은바닥막이
2157,대사하다,對査--,대조 확인하다
2156,대사,大事,"큰일, 중요한 일"
2155,대비,對比,견줌
2154,대비,對備,준비
2153,대부하다,貸付--,빌려주다
2152,대부지,貸付地,빌려준 땅
2151,대별하다,大別--,크게 나누다
2150,대미02,"大尾, たいび(일)",맨끝
2149,대미01,大米,쌀
2148,대무,代務,대리 근무
2147,대묘,大苗,큰 모
2146,대목,臺木,"밑나무, 바탕나무"
2145,대명,待命,대기 명령
2144,대맥고,大麥藳,보리짚
2143,대맥,大麥,"보리, 겉보리"
2142,대마초,大麻草,삼
2141,대마,大麻,삼
2140,대립종,大粒種,"굵은씨, 굵은 씨앗, 큰알 품종"
2139,대립,大粒,굵은 알
2138,대륵,"大勒, double bridle(영)",큰재갈
2137,대로,大路,큰길
2136,대량,大量,많은 양
2135,대등,對等,비슷한
2134,대두하다,擡頭--,"나타나다, 고개 들다"
2133,대두유,大豆油,콩기름
2132,대두분,大豆粉,콩가루
2131,대두박,大豆粕,콩깻묵
2130,대두,大豆,콩
2129,대동하고,帶同--,"(...와) 더불어, 함께, (...을) 데리고"
2128,대동소이하다,大同小異--,거의 같다
2127,대동맥류,大動脈瘤,대동맥 자루
2126,대독,代讀,대신 읽음
2125,대도,大道,옳은 길
2124,대도,大盜,큰 도둑
2123,대단히,大端-,"매우, 아주"
2122,대내 문서,對內文書,내부용 문서
2121,대길이다,大吉--,"아주 좋다, 매우 좋다"
2120,대기하다,待機--,기다리다
2119,대기실,"待機室, たいきしつ(일)",기다림방
2118,대금업자,"貸金業者, かねかしぎょうしゃ(일)",돈놀이꾼
2117,대금업,"貸金業, かねかしぎょう(일)",돈놀이
2116,대금 인환,代金引換,대금 교환
2115,대금,"代金, だいきん(일)","값, 돈"
2114,대금,貸金,꾸어준 돈
2113,대국민,對國民,국민에 대한
2112,대국,大菊,왕국화
2111,대과,袋果,골돌(蓇葖)
2110,대과,大過,"큰 허물, 큰 잘못"
2109,대공,帶工,낮은바닥막이
2108,대결절성 간경변,大結節性 肝硬便,큰결절 간경화증
2107,대결,"對決, たいけつ(일)","겨루기, 맞서기"
2106,대견,對見,마주봄
2105,대검,大劍,큰 칼
2104,대거반,帶鋸絆,띠톱
2103,대거,帶鋸,띠톱
2102,대거,大擧,"한꺼번에, 많이"
2101,대개,大槪,거의
2100,대강풍,大强風,큰센바람
2099,대각선법,對角線法,삼각구분법
2098,대각선,對角線,맞모금
2097,대가,貸家,셋집
2096,대,垈,"집터, 대지"
2095,당혹,"當惑, とうわく(일)",당황
2094,당해,當該,그
2093,"당초, 당초문양, 당초문",唐草紋,당초무늬
2092,당초,當初,"애초, 맨 처음"
2091,당청,當廳,우리 청
2090,당착,撞着,앞뒤 안 맞음
2089,당접,當接,맞닿음
2088,당장,當場,"곧, 지금, 바로"
2087,당연히,當然-,마땅히
2086,당업자,當業者,해당 사업자
2085,당약,當藥,쓴풀
2084,당분간,"當分間, とうぶんかん(일)",얼마 동안
2083,당부하다,當付--,부탁하다
2082,"당발물, 회사채 당발물",當發物,당일 발행 회사채
2081,당무자,當務者,담당자
2080,당무,當務,담당업무
2079,당국,當局,우리 국
2078,당과,當課,"우리 과, 그 과"
2077,닷슈,タッシュ(일)←dash(영),줄표
2076,답지하다,遝至--,잇달아 들어오다
2075,답전작,畓前作,논앞갈이
2074,답작,畓作,논농사
2073,답압,踏壓,밟기
2072,답신,"答申, とうん(일)",대답
2071,답사,踏査,"실제 조사, 현지 조사"
2070,답변,答辯,대답
2069,답면,,닿는 면
2068,"답리작, 답리후작",畓裏作,논그루갈이
2067,답로,踏路,발디딤
2066,답동,踏動,밟아 움직임
2065,답,沓,논
2064,담화,談話,이야기
2063,담합하다,談合--,짬짜미하다
2062,담즙 울체,膽汁 鬱滯,쓸개즙 정체
2061,담즙,膽汁,쓸개즙
2060,담적색,膽赤色,연붉은 빛
2059,담자병,擔子柄,담자자루
2058,담수직파,湛水直播,무논 곧뿌리기
2057,담수어,淡水魚,민물고기
2056,담수,湛水,"관물, 물채우기"
2055,담수,淡水,민물
2054,담석,膽石,쓸갯돌
2053,담보,擔保,잡음
2052,담낭,膽囊,쓸개
2051,담군,擔軍,"져나르기, 짐꾼"
2050,달하다,達--,이르다
2049,달시 전달표,達示傳達表,지시 전달표
2048,달시,達示,지시부
2047,달성하다,達成--,"이루다, 이룩하다"
2046,"달도끼, 환상석부",環狀石斧,달모양도끼(discoidal mace)
2045,단화,短靴,구두
2044,단행,單行,"단축 운행, 기관차 단축 운행"
2043,단합,團合,뭉침
2042,단푸카,タンプカ-(일)←dump car(영),"덤프트럭, 덤프차"
2041,단푸도랏쿠,タンプトラック(일)←dump truck(영),"덤프트럭, 덤프차"
2040,단푸도랏쿠,dump truck(영),"덤프 트럭, 덤프차"
2039,단판,單瓣,홑꽃잎
2038,단카,担架,들것
2037,단추누키,段柱拔-き(일),단줄빼기
2036,단추02,段柱,단줄
2035,단추01,單柱,외줄
2034,단척,短尺,"짧은, 짧은 자"
2033,단지,短枝,짧은 가지
2032,단지,但只,"겨우, 오직"
2031,단지,團地,"지역, 구역, 지구"
2030,단주,端舟,작은 배
2029,단점,短點,"나쁜 점, 부족한 점"
2028,단절하다,斷絶--,"끊다, 관계를 끊다"
2027,단절공,段切工,단끊기
2026,단적입지공,段積立芝工,떼단쌓기
2025,단적으로,端的--,한마디로
2024,단적석공,段積石工,돌단쌓기
2023,단적공,段積工,단쌓기
2022,단장,短杖,"짧은 지팡이, 지팡이"
2021,단작,單作,홑짓기
2020,단자,"團子, だんご(일)",경단
2019,단일성식물,短日性植物,짧은볕 식물
2018,"단옹식 옹관, 외독무덤",單甕式甕棺,홑독무덤(single jar coffin)
2017,단열 재료,斷熱材料,열막이거리
2016,단심곡선,單心曲線,단곡선
2015,단신,短身,작은 키
2014,단신,單身,"홀몸, 혼자"
2013,단시일,短時日,짧은 날짜
2012,단수,端數,끝수
2011,단속운전,斷續運轉,끊어운전
2010,단소,短小,짧고 작음
2009,단선되다,斷線--,줄 끊기다
2008,단선결선도,單線結線圖,단선도(單線圖)
2007,단생 보험,單生 保險,1인 생명 보험
2006,단색,單色,"한 색, 한 가지 색"
2005,단삭하다,短削--,짧게 깎다
2004,단비,單肥,단일 사료
2003,단부,端部,끝부분
2002,단봉,短鋒,짧은붓
2001,단변,短邊,짧은 변
2000,단백뇨,蛋白尿,흰자질오줌
1999,단발,短髮,짧은 머리
1998,단미,斷尾,꼬리자르기
1997,단미,,단일 사료
1996,단목,短木,토막 나무
1995,단목,斷木,잘라내기
1994,단말기,端末機,끝장치
1993,단말,端末,끝
1992,단마키변압기,たんまき(일)變壓器,단권변압기(單捲變壓器)
1991,단락용 동선,短絡用銅線,"두 선 연결 동선, 두 선 연결용 동선"
1990,단락,短絡,두 선 연결
1989,단독으로,單獨--,"혼자서, 홀로"
1988,단독 사건,單獨事件,"혼자 저지른 일, 홑사건"
1987,단독,單獨,"혼자, 혼자서, 홀로"
1986,단기,單記,한 사람 기입
1985,단기,短期,짧은 기간
1984,단근이식,斷根移植,뿌리끊어심기
1983,단근 작업,斷根作業,"뿌리끊기, 뿌리자르기"
1982,단구,單鉤,홑쥠
1981,단구,短軀,"작은 키, 작은 몸"
1980,단과지,短果枝,짧은 열매가지
1979,단고,"團子, だんご(일)",경단
1978,단고,談合,짬짜미
1977,단계적으로,段階的--,차례차례
1976,단계설,單系設,단일계통설
1975,단경기,端境期,"곡식 떨어질 때, 새 곡식 날 때"
1974,단견,短見,"좁은 소견, 좁은 의견"
1973,단간,短稈,작은키
1972,단각,短刻,짧은 각초
1971,단,單,하나
1970,단,但,"그러나, 다만"
1969,닥터,doctor(영),① 의사 ② 박사
1968,닥상이다,澤山--,"충분하다, 넉넉하다, 제격이다"
1967,다학기제,多學期制,여러학기제
1966,다포,茶圃,차밭
1965,다테헨케이,縱變形,세로변체
1964,다테킨,縱筋,세로 철근
1963,다테와쿠,縱枠,"선틀, 세로틀"
1962,다테메지,竪目地,"세로줄눈, 세로사춤"
1961,다테마에,建前,세우기
1960,다테마쓰리,縱纏,"세로감치기, 세로감침, 세로감침질"
1959,다테도이,立桶,선홈통
1958,다테구가나모노,建具鐵物,창호 철물
1957,다테구,建具,"창문, 창호"
1956,다타키,叩,날정
1955,다키하바,抱-き-幅(일),품
1954,다크서클,dark circle(영),눈그늘
1953,다크 투어리즘,dark tourism(영),역사교훈여행
1952,다큐멘터리 드라마,documentary drama(영),기록극
1951,다큐멘터리,documentary(영),기록영화
1950,다쿠안,"澤庵, たくあん(일)",단무지
1949,다코쓰메,,육발 반지
1948,다코누이,蛸縫-い(일),통솔
1947,다케와리,竹割り(일),반달 타일
1946,다케바시,竹箸,대젓가락
1945,다치키리,立切,내리닫이
1944,다치우치,裁ち(일)打ち(일),마름칼
1943,다치메카가리,裁-ち-目-かがり(일),"가름솔휘갑치기, 갈라감침질"
1942,다중 집합 장소,多衆集合所,"모이는 곳, 많은 사람이 모이는 곳"
1941,다중,多衆,뭇사람
1940,"다져쌓기, 판축",版築,"켜쌓기, 판축"
1939,다임 스토어,dime store(영),⑤⑩번 퍼진핀
1938,다이크,Dike(영),배수턱
1937,다이콘오로시,大根卸,무즙
1936,다이코바리,太鼓張り(일),양면붙이기
1935,다이커팅,die cutting(영),"틀마름, 틀마름질"
1934,다이즈유,大豆油,콩기름
1933,다이즈,dies(영),수나사내기
1932,다이제스트하다,digest(영)--,"간추리다, 요약하다"
1931,다이어트,diet(영),"식이 요법, 덜 먹기"
1930,다이어그램,diagram(영),도표
1929,다이어그램,diagram(영),"운행표, 열차 운행표, 시간표, 열차 시간표"
1928,다이야,タイア(일)←tire(영),"바퀴, 타이어"
1927,다이애거널 크로스,diagonal cross(영),사선 이동
1926,다이애거널 시스템,diagonal system(영),대각선 대형
1925,다이애거널 사이드 스테핑,diagonal side stepping(영),가로질러오르기
1924,다이알,ダイヤル(일)←dial(영),"번호판, 글자판, 시간표, 다이얼"
1923,다이아반,diamond(영)盤,다이아판
1922,다이아몬드02,diamond(영),내야
1921,다이아몬드01,diamond(영),금강석
1920,다이버,diver(영),잠수부
1919,다이루고지,タイル(일)工事←tile(영)-,타일 공사
1918,다이렉트 볼,direct all(영),직선 타구
1917,다이렉트 메모리 액세스,direct memory access(영),"기억 장치 직 접근, 기억 장치 직접 접근"
1916,다이내믹하다,dynamic(영)--,"생동적이다, 역동적이다"
1915,다이나믹 메모리,dynamic memory(영),동적 기억 장치
1914,다이나믹,dynamic(영),동적
1913,다이나모미터,DynamoMeter(영),동력계(動力計)
1912,다이,だい(일),단위
1911,다운시키다,down(영)---,"① 내리다, 낮추다 ② 쓰러뜨리다"
1910,다운로딩,downloading(영),"받기, 내려받기"
1909,다운로드,download(영),내려받기
1908,다운되다,down(영)--,"멈추다, 정지하다"
1907,다운 힐 스템,down hill stem(영),계곡 쪽 넓히기
1906,다운 힐 스키,down hill ski(영),활강 스키
1905,다운 힐 라이,down hill lie(영),내리막 상태
1904,다운 힐,down hill(영),"①비탈타기, 활강 경기 ②계곡 쪽, 골짜기 쪽"
1903,다운 언웨이팅,down unweighting(영),구부려 하중 줄이기
1902,다운 슬로프,down slope(영),내리막
1901,다운 스윙,down swing(영),"내려 휘두르기, 내리기"
1900,다운 센터,down center(영),"중앙 앞, 두대 중앙 앞"
1899,다운 블로,down blow(영),내려치기
1898,다운 레프트,down left(영),"왼쪽 앞, 무대 왼쪽 앞"
1897,다운 라이트,down right(영),"오른쪽 앞, 무대 오른쪽 앞"
1896,다운 도란스,down trans(영),낮춤 변압기
1895,다운 더 라인,down the line(영),직선치기
1894,다운,down(영),패
1893,다우어 라우프,Dauer Lauf(독),오래타기 경기
1892,다와시,たわし(일),"솔, 수세미"
1891,다오루,タオル(일)←towel(영),"수건, 타월"
1890,다양,多樣,여러 모양
1889,다액,多額,"많은 금액, 많은 돈, 큰 액수, 큰 돈"
1888,다쓰바,建端,높이
1887,다실분,多室墳,여러칸무덤(tomb with several rooms)
1886,다시반,齣盤,앞서랍
1885,다시,ダッシュ(일)←dash(영),"줄표, 대시"
1884,다시,出汁,맛국물
1883,다스,ダ-ス(일)←dozen(영),"12개, 타(打)"
1882,다수인,多數人,"많은 사람, 여러 사람"
1881,다소,多少,조금
1880,다비재배,多肥栽培,걸게 가꾸기
1879,다비성작물,多肥性作物,거름성 작물
1878,다방면으로,多方面--,여러 모로
1877,다방매체,多方媒體,"여러 매체, 여러 가지 매체"
1876,다방,茶房,찻집
1875,다발하는,多發--,잦은
1874,다발성 장기 손상,多發性 臟器 損傷,여러 곳 장기 상처
1873,다발성 자창,多發性 刺創,여러 곳 찔린 상처
1872,다발성 분쇄 골절,多發性 粉碎 骨折,여러 곳 분쇄 골절
1871,다발성 골수종,多發性 骨髓腫,여러 곳 골수종
1870,다반사,茶飯事,"예삿일, 흔한 일"
1869,다무시,"田蟲, たむし(일)","버짐, 백선"
1868,다모작,多毛作,그루갈이
1867,다면적발현,多面的發現,다면 발현
1866,다망하다,多忙--,"바쁘다, 매우 바쁘다"
1865,다마치기,玉-,구슬치기
1864,다마정,玉-,방울정
1863,다마이시,玉石,호박돌
1862,다마반지,たま(일)(玉)斑指,알반지
1861,다마,"珠, 球, 玉, たまねぎ(일)","①구슬, 알 ②전구 ③당구"
1860,다르마 스위치,錘倂 轉轍機,"추붙은, 추붙은 전환기"
1859,다류의,多類-,여러 갈래의
1858,다루키,垂木,"서까래, 각목"
1857,"다듬면, 타격면",打擊面,때림면(prepared platform)
1856,"다듬기, 가지다듬기",,가지치기
1855,다대한,多大-,"큰, 많은"
1854,다년생,多年生,여러해살이
1853,다년간,多年間,여러 해 동안
1852,다네,種,원판
1851,다나,棚,선반
1850,다기,茶器,찻그릇
1849,다곽식,多槨式,여러널식(multiple coffin type)
1848,다과,多寡,많고 적음
1847,다각도로,多角度-,여러 모로
1846,다가네,鏨,"정, 끊음정"
1845,님프,nymph(영),요정
1844,닐링,kneeling(영),"무릎 쏘기, 무릎 쏴"
1843,닌진,"人蔘, にんじん(일)",당근
1842,니쿠우동,肉饂飩,고기국수
1841,니쿠돈부리,"肉井, にくどんぶり(일)",고기덮밥
1840,니카와,膠,"갖풀, 아교"
1839,니치 마켓,niche market(영),틈새 시장
1838,니즈쿠리,荷造-り(일),짐꾸리기
1837,니주힛가케,二重引-っ-掛-け(일),겹낫표
1836,니주야마파렌,二重山-Parenthese(독),터진겹세모
1835,니주아포,二重-Apostroph(독),앞큰따옴표
1834,니주산가쿠,二重三角,겹세모
1833,니주마루,二重丸,겹동그라미
1832,니주갸쿠아포,二重逆-Apostroph(독),뒤큰따옴표
1831,"니주, 나주마와시",二重廻-し(일),이중돌리기
1830,니우케,荷受,짐받이
1829,니어필드 영역,Near-field region(영),"근거리장 영역, 근방 영역(近方領域)"
1828,니어 핀,near pin(영),깃대 근접
1827,니어 볼,near ball(영),몸쪽 가까운 공
1826,니슨,二寸,"두치, 6cm"
1825,니빠,ニッパ-(일)←nipper(영),"니퍼, 족집게"
1824,니부가리,二分刈,"이푼깎기, 두푼머리"
1823,니부02,二分,"두푼, 6mm"
1822,니부01,"二分, にぶ(일)",두푼
1821,니마이소데,二枚袖,두장소매
1820,니마이,二枚,"두장, 두장쌓기"
1819,니렝스,knee length(영),무릎 길이
1818,니들마크,niddle mark(영),바늘자국
1817,니 액션,knee action(영),무릎 동작
1816,능선,稜線,"산등성, 산등성이"
1815,늑목,肋木,틀사다리
1814,늑막 유착,肋膜 癒着,가슴막 유착
1813,늑골 골절,肋骨 骨折,갈비뼈 골절
1812,늑간 출혈,肋間 出血,갈비 사이 출혈
1811,뉴트럴 코너,neutral corner(영),"중립 구석, 중립 코너"
1810,뉴트라,←Neutralline(영),중성선(中性線)
1809,뉴미디어,new media(영),"새매체, 신매체"
1808,뉴 트렌드,new trend(영),"신경향, 새 흐름"
1807,뉴 코미디,new comedy(영),그리스 신희극
1806,뉘앙스,nuance(프),"어감, 말맛, 느낌"
1805,눌 캐릭터,null character(영),빈문자
1804,눌 스트링,null string(영),빈문자열
1803,눌,null(영),"빈, 공백"
1802,눈썹떼공,-工,"1) 줄떼다지기, 2) 줄떼붙이기, 3) 줄떼심기"
1801,누키다이,拔臺,깔판
1800,누증,累增,"점점 늘어남, 점점 쌓임"
1799,누입,累入,끌어들임
1798,누일,累日,여러 날
1797,누이메조세쓰키,縫目調節器,땀조절기
1796,누이도코,縫-い-床(일),"틀받침, 재봉틀받침"
1795,누습,陋習,"잘못된 풍습, 그릇된 버릇"
1794,누보 레알리슴,nouveau réalisme(프),신사실주의
1793,누리카에,塗-り-替-え(일),개칠
1792,누로침식,淚路寢食,누구 침식
1791,누로,淚路,누구(淚溝)
1790,누락,漏落,빠뜨림
1789,누드 폰,nude phone(영),"투명 전화, 투명 전화기"
1788,누두,漏斗,깔때기
1787,누노보리,布掘-り(일),줄기초파기
1786,누노마루타,布丸太,비계 띠장
1785,누년,屢年,여러 해
1784,누낭,淚囊,눈물주머니
1783,누구방지공,淚溝防止工,누구막이
1782,누구매기,淚溝-,누구막이
1781,누관,淚管,눈물관
1780,누거,陋居,누추한 집
1779,누가 기록하다,累加記錄--,거듭 보태 적다
1778,뇌할제,瀨割堤,가름둑
1777,뇌좌상,腦挫傷,뇌멍
1776,뇌두,腦頭,삼머리
1775,뇌격사,雷擊死,"벼락 사망, 벼락사"
1774,뇌 혈관 질환,腦 血管 疾患,뇌 혈관병
1773,뇌 임펄스전압,腦Impulse(영)電壓,뇌충격전압(腦衝擊電壓)
1772,뇌 실질 내출혈,腦 實質 內出血,"뇌 내출혈, 뇌 속출혈"
1771,농흉,膿胸,"가슴 고름집, 농흉"
1770,농혈증,膿血症,피고름증
1769,농포,膿疱,고름집
1768,농적공,籠積工,돌망태쌓기
1767,농양,膿瘍,"고름집, 농양"
1766,농병,膿病,고름병
1765,농민생활도,耕職圖,"농촌생활도, 경직도"
1764,농묵,濃墨,"짙은 먹, 짙은먹빛"
1763,농목축,籠目築,엇모쌓기
1762,농가 수취 가격,農家受取價格,"받는 값, 농가 받는 값"
1761,농,膿,"고름, 농"
1760,"놋치, 노치",notch(영),"전환스위치, 출력제어기"
1759,놋부,ノッブ(일)←knob(영),손잡이
1758,논픽션,nonfiction(영),실화
1757,논타이틀 매치,non-title match(영),비선수권전
1756,논스톱,nonstop(영),안 멈춤
1755,녹화공,綠化工,녹화 공사
1754,녹태,綠苔,푸른 이끼
1753,녹취하다,錄取--,녹음하다
1752,녹지삽목,綠枝揷木,풋가지꽂이
1751,녹지삽,綠枝揷,풋가지꽂이
1750,녹아웃시키다,knockout(영)---,맥 못 쓰게 하다
1749,녹아웃,knock out(영),투수 강판
1748,녹색조,綠色調,녹색
1747,녹비 작물,綠肥作物,풋거름 작물
1746,녹비,綠肥,풋거름
1745,녹변,綠便,푸른똥
1744,녹다운,knock down(영),"떨어짐, 낙하"
1743,녹각,鹿角,사슴뿔
1742,녹,knock(영),수비 연습
1741,노히트 노런,no hit no run(영),무안타 무득점
1740,노후화답,老朽化畓,헤식은 논
1739,노후한,老朽-,"낡은, 낡아서 못쓰게 된"
1738,노후 표지판,老朽標識板,낡은 표지판
1737,노후 교실,老朽敎室,낡은 교실
1736,노후 건물,老朽建物,낡은 건물
1735,노후,老朽,낡은
1734,노화묘,老化苗,"쇈모, 쇤 모"
1733,노형토기,爐形土器,화로형토기
1732,노폐우,老廢牛,늙은 소
1731,노파킹,no parking(영),"차 못 둠, 주차 못함"
1730,노트,note(영),공책
1729,노탐,NOTAM(영),"항공 정보, 비행 정보"
1728,노키즈존,No kids zone(영),"어린이 제한, 어린이 제한 공간"
1727,노키도이,軒桶,처마 홈통
1726,노키덴조,軒天井,처마 반자
1725,노키다카,軒高,처마 높이
1724,노키게타,軒桁,처마 도리
1723,노키,軒,처마
1722,노코시,殘-し(일),"나머지, 나머지기사"
1721,노코멘트,no comment(영),논평 보류
1720,"노코, 노코기리",鋸,톱
1719,노치 취급,notch(영),단 처리
1718,노측대,路側帶,"길 가장자리, 길 가장자리 구역"
1717,노출,露出,"드러남, 드러냄"
1716,노천 수납장,露天收納場,한데서 받는 곳
1715,노지이타,野地板,"지붕널, 바탕널"
1714,노지,露地,한데
1713,노즈라,野麵,"거친 면, 채석면"
1712,노즈 스플릿,nose split(영),코치기 퍼진핀
1711,노정하다,露呈--,"드러내다, 드러나다, 나타내다, 나타나다"
1710,노정,路程,"여행 경로, 길순"
1709,노정,路頂,길마루
1708,노점,露點,이슬점
1707,노임,"勞賃, ろうちん(일)",품삯
1706,노인성 치매,老人性 癡,노인 치매
1705,노이즈 마케팅,noise marketing(영),"구설 홍보, 구설수 홍보"
1704,노유자,老幼者,노인과 어린이
1703,노요,櫓櫂,노
1702,노슬리브 드레스,←sleeveless dress(영),"민소매, 민소매 옷"
1701,노스탤지어,nostalgia(영),"향수, 향수병"
1700,노스모킹,no smoking(영),금연
1699,노숙,露宿,"한둔, 한뎃잠"
1698,노블레스 오블리주,noblesse oblige(영),지도층 의무
1697,노부치,野緣,"반자틀, 반잣대"
1696,노보리산바시,上-り-棧橋(일),비계 다리
1695,노방,路傍,길가
1694,노반,路盤,레일 바닥
1693,노바이,no buy(영),안팔기
1692,노바시,伸ばし,늘이기
1691,노미널 포인트,nominal point(영),공칭점(公稱點)
1690,노미기리,鑿切-り(일),정다듬
1689,노미,鑿,"끌, 정"
1688,노면정지,路面整地,길바닥고르기
1687,노멀 스탠스,normal stance(영),"정상 자세, 정상타격 자세"
1686,노리지리,法尻,비탈 끝
1685,노리비키,糊引-き(일),시멘트풀칠
1684,노리바케,糊刷扌,풀귀얄
1683,노리마키,海苔卷,김밥
1682,노르웨이 밴드,norway band(영),방수띠
1681,노르딕 콤바인드,nordic combined(영),"복합 경기, 복합 점수경기"
1680,노르딕,nordic(영),북 유럽형 경기
1679,노드,node(영),"마디, 교점"
1678,노내,爐內,연소실 내부
1677,노깡,"土管, どかん(일)",토관
1676,노기스,Nonius(독),"지름측정기, 정밀재개, 정밀계기"
1675,노계,老鷄,늙은닭
1674,노견,"路肩, ろかた(일)",갓길
1673,노견,路肩,갓길
1672,노 히트 노 런,no hit no run(영),무안타 무득점
1671,노 태그,no tag(영),안 닿음
1670,노 카운트,no count(영),무효
1669,노 스텝 슛,no step shoot(영),바로쏘기
1668,노 브랜드,no brand(영),무상표
1667,노 버드,no bird(영),"무효, 무효 선언"
1666,노 마크 슛,no mark shoot(영),무방비 쏘기
1665,노 리턴,no return(영),중도 포기
1664,노 룩 패스,no look pass(영),"감각 연결, 감각 패스"
1663,"노 골, 노골인",no goal in (영),실패
1662,노 게임,no game(영),무효 경기
1661,노 개런티,no guarantee(영),① 무보수② 무료
1660,넨도,粘土,"찰흙, 진흙, 점토"
1659,넥타,nectar(영),"과일즙, 으깬 과일즙"
1658,네티켓,netiquette(영),누리꾼 예절
1657,네트 플레이,net play(영),그물 경기
1656,네트 포스트,net post(영),그물 지주
1655,네트 터치,net touch(영),그물닿기
1654,네트 오버,net over(영),그물 넘음
1653,네타바이,ねたばい(일),"사기, 야바위"
1652,네코,猫,"굄, 굄감"
1651,네카시,寢-かし(일),깃누임
1650,네지마와시,"螺子廻, ねじまわし(일)","나사돌리개, 나사틀개, 드라이버"
1649,네지기리,螺子錐,나사송곳
1648,네지,螺子,"나사, 나사못"
1647,"네임밸류, 네임 벨류",name value(영),지명도
1646,네일아티스트,nail artist(영),손톱미용사
1645,네일숍,nail shop(영),손톱 미용실
1644,네일 케어,nail care(영),손톱 관리
1643,네이시,根石,"밑돌, 하대석, 지방석"
1642,네이미스트,namist(영),"작명가, 이름설계사"
1641,네오클래시시즘,neo-classicim(영),신고전주의
1640,네선용암,four-wire arm(영),네선팔
1639,네무리아나,眠-り-穴(일),막힌 단춧구멍
1638,네마키,寢卷,"자리옷, 잠옷"
1637,네리쓰미,練積-み(일),"찰쌓기, 사춤쌓기"
1636,네리나오시,練直-し(일),고쳐 비비기
1635,네리가에시,練返-し(일),되비비기
1634,네다,根太,장선(長線)
1633,네기,葱,파
1632,"네귀달린단지, 사이부호",四耳附壺,네귀단지(jar with four lugs)
1631,네거티브하다,negative(영)--,부정적이다
1630,네거티브 전략,negative(영) 戰略,부정적 전략
1629,네거티브 규제,negative(영) 規制,최소 규제
1628,넘버원,number one(영),으뜸
1627,넘버링,numbering(영),번호기
1626,넘버 플레이트,number plate(영),번호판
1625,넘버,number(영),"① 번호, 호수, 호 ② 수, 숫자"
1624,널방,玄室,"무덤안방, 현실(main chamber)"
1623,널문,羡門,널방문(tomb entrance)
1622,"널무덤, 토광묘",土壙墓,"움무덤, 토광묘(pit tomb)"
1621,넉클,knuckle(영),연결기
1620,너트오일,nut oil(영),호두 기름
1619,너트,nut(영),암나사
1618,냉풍,冷風,찬바람
1617,냉수유입답,冷水流入畓,찬물 드는 논
1616,냉동돈육,冷凍豚肉,얼린 돼지고기
1615,"냇돌석기, 역석기, 자갈돌석기",礫石器,자갈돌석기(pebble tool)
1614,내후성,耐朽性,"안썩을성, 안 썩는"
1613,내화성,耐火性,불견딜성
1612,내홍,內訌,"집안 싸움, 집안 다툼"
1611,내혼교배,內婚交配,근친 교배
1610,내한,耐旱,"가뭄 견딤, 가물 견딤"
1609,내한,耐寒,추위견딤
1608,내피,內皮,속껍질
1607,내표지,內標紙,속포장지
1606,내표인,內標印,속포장 도장
1605,내충성,耐蟲性,"벌레견딜성, 벌레에 강한"
1604,내추럴하다,natural(영)--,자연스럽다
1603,내추럴리즘,naturalism(영),자연주의
1602,내추럴 컬러,natural colour(영),자연색
1601,내청 바람,來廳,"오시기 바랍니다, 우리 청에 오시기 바랍니다"
1600,내진,內陣,안두리
1599,내지,"ねじ(일), 螺絲","나사, 나사못"
1598,내입하다,內入,"일부를 갚다, 갚다"
1597,내인성 급사,內因性 急死,"내인성 급사, 돈사"
1596,내인사,"內因死, 自然死","내인사, 자연사"
1595,내인가,內認可,예비 인가
1594,내원,來院,"오셔서, 우리 원에 오셔서"
1593,내용 연수,耐用年數,사용 가능 연수
1592,내염성,耐鹽性,소금기 견딜성
1591,내서,內書,"써 넣음, 안에 써 넣음"
1590,내삽,內揷,안쪽끼우기
1589,내사면,內斜面,안비탈
1588,내비성,耐肥性,거름견딜성
1587,내불금,來拂金,선돈
1586,내봉투,內封套,속봉투
1585,내병성,耐病性,"병견딜성, 병에 강한"
1584,내동,來同,와서 모임
1583,내도복성,耐到伏性,"쓰러짐 견딜성, 안 쓰러질성"
1582,내냉성,耐冷性,추위견딜성
1581,내국하여,來局--,"국으로 오시어, 우체국으로 오시어"
1580,내공,內空,속 빔
1579,내경,內徑,안지름
1578,낭종,囊腫,"혹, 낭종"
1577,낭망,囊網,자루 그물
1576,낫토,ナット(일)←nut(영),"암나사, 너트"
1575,낫 업,not up(영),두 번 튀긴 공
1574,납회,納會,"폐장, 폐장일, 마무리, 마무리날"
1573,납제 보험,納濟保險,다 낸 보험
1572,"납작도끼, 납작쇠도끼, 판상철부",板狀鐵斧,판모양쇠도끼(flattened iron axe)
1571,납입 최고,納入 催告,"납입 재촉, 보험료 납입 재촉"
1570,납득하다,納得--,이해하다
1569,납기일,納期日,내는 날
1568,납기도래,納期到來,납기일이 다가옴
1567,납기내,納期內,"내는 날 안, 납기일 안"
1566,남획하다,濫獲--,마구 잡다
1565,남입,濫入,함부로 뛰어듦
1564,남용하다,濫用--,"마구 쓰다, 함부로 쓰다"
1563,남상,濫觴,기원(起源)
1562,남비,濫費,헤프게 씀
1561,남복,男服,남자 옷
1560,남벌,"濫伐, らんばつ(일)",마구 베기
1559,남발,"濫發, らんぱつ(일)",마구 냄
1558,날조,捏造,사실처럼 꾸밈
1557,"날개촉, 양익촉",兩翼鏃,날개화살촉(barbed arrowhead)
1556,난황,卵黃,노른자위
1555,난형,卵形,"달걀꼴, 달걀형, 달걀 모양"
1554,난형,卵形,알모양
1553,난해,難解,"풀기 어려움, 알기 어려움"
1552,난타하다,亂打--,"마구 치다, 마구 때리다"
1551,난조,"亂調, らんちょう(일)","엉망, 흐트러짐"
1550,난제,難題,어려운 문제
1549,난점,難点,"곤란한 점, 어려운 점"
1548,난연성,難燃性,"불안탈성, 불에 안 타는"
1547,난어묵,卵魚-,알어묵
1546,난시청,難視聽,시청이 어려움
1545,난방공,煖房工,열 관리원
1544,난당,亂撞,뭇날정
1543,난낭,卵囊,알주머니
1542,난기 운전,暖機運轉,시동 운전
1541,난괴,卵塊,알덩이
1540,난관,卵管,알 길
1539,낚싯줄,,자름줄
1538,낙화생,落花生,땅콩
1537,낙화,落花,진꽃
1536,낙죽,烙竹,"인두그림, 대나무 인두그림"
1535,낙종하다,落種--,씨 뿌리다
1534,낙자,落字,빠진 글자
1533,낙수02,落水,물떼기
1532,낙수01,落穗,① 이삭 ② 뒷이야기
1531,낙석저지책공,落石沮止柵工,"낙석저지책세우기, 낙석막이울세우기"
1530,낙석방지망복공,落石防止網覆工,낙석방지망덮기
1529,낙사,落死,떨어져 죽음
1528,낙관하다,樂觀--,밝게 보다
1527,나팔형동기,喇叭形銅器,나팔모양청동기(trumphet-shaped bronze tool)
1526,나카도비라,なかとびら(일),속표제지
1525,나카누리,中塗,"재벌칠, 재벌바름"
1524,나카구로,中黑,가운뎃점
1523,나충전부,裸充電部,드러난 충전부
1522,나착,螺着,"나사붙이기, 나사식붙이기"
1521,나지작,裸地作,민그루짓기
1520,나지,裸地,"맨땅, 벗겨진 땅"
1519,나전선,naked wire(영),"민전선, 알전선, 알몸전선"
1518,나잠 어업,裸潛漁業,맨몸 잠수 어업
1517,나자 식물,裸子植物,겉씨 식물
1516,나인 앤드 위글,nine and wiggle(영),아홉치기
1515,나이트 게임,night game(영),야간 경기
1514,나이트,night(영),"밤, 야간"
1513,나이터,night game(영),"밤 경기, 야간 경기"
1512,나이타,ナイタ(일)←nighter(영),"야간 경기, 밤 경기"
1511,나이칸,內管,내관
1510,나이스 카운트,nice count(영),호투(好投)
1509,나이스,nice(영),"좋은, 훌륭한"
1508,나용선,裸傭船,"셋배, 빈셋배, 선체 셋배"
1507,나안 시력,裸眼視力,맨눈 시력
1506,나설,螺設,"나사 설치, 나사식 설치"
1505,나선,naked wire(영),"민전선, 알전선, 알몸전선"
1504,나사앵커,螺絲 anchor(영),"나사연결뭉치, 나사연결틀"
1503,나사,羅紗←raxa(포),모직 옷감
1502,나변,那邊,어디
1501,나백미,糯白米,찹쌀
1500,나미케이,波罫,물결줄
1499,나미닷슈,波-ダッシュ(일)←dash(영),물결표
1498,나미날합판,laminated(영)-閤板,적층 합판(積層閤板)
1497,나미,竝,보통 유리
1496,"나무곽무덤, 목곽묘",木槨墓,"나무덧널무덤, 목관묘"
1495,나메,嘗め(일),얇게치기
1494,나맥,裸麥,쌀보리
1493,나마시,鈍し(일),"눅임, 열눅임"
1492,나마비루,"生麥酒, なまビ-ル(일)←bier(독), beer(영)",생맥주
1491,나마리,なまり(일),납(鉛)
1490,나마겐코,生原稿,초고
1489,나라카시,枹樫,떡갈나무
1488,나라비,"なら[並]び(일), ナラビ(일)","줄서기, 줄"
1487,나동연선,裸銅鉛線,민구리납줄
1486,나동선,裸銅線,민구리줄
1485,나데질,撫-,문지르기
1484,나데,撫,문지르기
1483,나나메후타쓰아마다레,斜二-っ-雨垂-れ(일),빗겹느낌표
1482,나나메아마다레,斜雨垂-れ(일),빗느낌표
1481,나나메가스미,斜霞,빗금깔쭉이
1480,나근,裸根,노출 뿌리
1479,나가레,"流, ながれ(일)",①유찰 ②깨짐
1478,낑깡,"金柑, きんかん(일)","금귤, 동귤(童橘)"
1477,끽연작물,喫煙作物,흡연작물
1476,끽연,喫煙,흡연
1475,꼰 무늬 토기,繩蓆紋土器,멍석 무늬 토기(pottery with cord design)
1474,꼬붕,"子分, こぶん(일)",부하
1473,꼬리기둥,,뒷기둥
1472,깡화이트,can white(영),"흰통, 흰물감통"
1471,깃태,切手,"표, 우표"
1470,깃코,龜甲,대괄호
1469,깁스,Gips(독),석고 붕대
1468,길어깨,,갓길
1467,길상문,吉祥紋,길상무늬
1466,길사,吉事,좋은 일
1465,길경,桔梗,도라지
1464,긴타로,金太郞,곤들매기
1463,긴케쓰자이,緊結材,"긴결재, 죔감"
1462,긴초기,緊張器,긴장기
1461,긴체,,잠그기
1460,긴착,緊着,죄어붙이기
1459,긴절히,緊切-,절실히
1458,긴장성 기흉,緊張性 氣胸,긴장성 공기가슴증
1457,긴장삭,緊張索,꼬리줄
1456,긴목 항아리,長頸壺,긴목 단지
1455,긴노,,"구리땜막대, 구리용접봉"
1454,기히,旣-,"이미, 앞서"
1453,기흉,氣胸,"공기 가슴증, 기흉"
1452,기휴식,寄畦式,모듬이랑식
1451,기후순응,氣候順應,기후 적응
1450,기회원가,機會原價,기회 비용
1449,기황,飢荒,굶주림
1448,기화로,奇貨-,핑계로
1447,기형립,畸型粒,별난 알
1446,기합,氣合,"얼차려, 기넣기, 벌주다, 정신차리게 하다"
1445,기피하다,忌避--,"꺼리다, 피하다"
1444,기프트 카드,gift card(영),상품권 카드
1443,기표하다,起票--,전표를 작성하다
1442,기표하다,記票--,전표 처리하다
1441,기표찰,記表札,꼬리표적기
1440,기표지,記表紙,표지적기
1439,기표봉,記票棒,기표 대롱
1438,기포,氣疱,거품
1437,기탄없이,忌憚-,거리낌없이
1436,기탁하다,寄託--,맡기다
1435,기탁 계정,寄託 計定,조건부 인출 가능 계정
1434,기카이네리,機械練-り(일),기계비빔
1433,기침 담당자,起枕擔當者,잠 깨우는 이
1432,기치,旗幟,깃발
1431,기초공,基礎工,기초 공사
1430,기찰,肌擦,긁힘
1429,기착하다,寄着--,"다하다, 들르다, 닿음, 들름"
1428,기지 현상,忌地現象,그루타기
1427,기지,基旨,그 뜻
1426,기지,忌地,"꺼림땅, 땅가림"
1425,기즈미,疵見,"흠찾개, 루페"
1424,기즈리,木槢,졸대
1423,기중기,"起重機, きじゅうき(일)","들틀, 들기계"
1422,기중,"忌中, きちゅう(일)",상중(喪中)
1421,기중,其中,그 가운데
1420,기제,旣濟,처리됨
1419,기점,基點,기준점
1418,기점,起点,"출발점, 시작점"
1417,기적 취명,汽笛吹鳴,기적 울림
1416,기재하다,記載--,"쓰다, 써 넣다, 적어 넣다"
1415,기장하다,記帳--,"장부에 적다, 장부에 써 넣다"
1414,기장,記章,"표지(標識), 기념장"
1413,기잠,起蠶,인누에
1412,기자,祈子,아들빌기
1411,기입하다,記入--,써 넣다
1410,기일 엄수,期日嚴守,날짜 지키어
1409,기일,期日,날짜
1408,기인,起因,"까닭, 원인"
1407,기율,紀律,규율
1406,기외 정차,機外停車,신호 대기
1405,기왕증,旣往症,과거 질병
1404,기왕력,旣往歷,과거 병력
1403,기업 휴지 보험,企業 休止 保險,영업 중단 손실 보험
1402,기어 체인지,gear change(영),"변속기, 기어변속기"
1401,기어,gear(영),① 톱니바퀴 ② 변속 장치
1400,기아사,飢餓死,"기아 사망, 기아사"
1399,기아게,,금긋기
1398,기아,ギア(일)←gear(영),"톱니바퀴, 변속장치"
1397,기아,饑餓,굶주림
1396,기아,棄兒,버려진 아이
1395,기실,其實,"사실은, 실제 사정"
1394,기승하다,騎乘--,말을 타다
1393,기슭매기,,기슭막이
1392,기수,奇數,홀수
1391,기송부,旣送付,이미 보냄
1390,기속하다,羈束--,얽매다
1389,기소공구리,基礎-コンクリ―ト(일)←concrete(영),기초 콘크리트
1388,기소,"基礎, きそ(일)","기초, 밑바탕"
1387,기세배,旗歲拜,농기세배
1386,기세,被-せ(일),늘림시접
1385,기세,磯洗,갯바위닦기
1384,기성제,旣成提,기성둑
1383,기성의,旣成-,이미 만들어진
1382,기성고,旣成高,"실적, 결과"
1381,기성 조건,旣成條件,"있던 조건, 이미 된 조건"
1380,기설,旣設,이미 만듦
1379,기선청건착망,機船鯖巾着網,고등어 주머니 그물
1378,기선,基線,기준선
1377,기석,基石,주춧돌
1376,기생봉,寄生蜂,"기생벌, 더부살이벌"
1375,기생,寄生,더부살이
1374,기상 원조 업무,,기상 보조 업무
1373,기산하여,起算--,셈을 시작하여
1372,기산하다,起算,계산을 시작하다
1371,기브앤드테이크,give-and-take(영),주고받기
1370,기브,give(영),"인정, 넣음 인정, 인정 퍼팅"
1369,기부지상고,基部地上高,지상 높이
1368,기부 채납,寄附採納,"기부 받음, 기부받기"
1367,기부,基部,바탕 부분
1366,기본노임,基本勞賃,"기본급, 기본 품삯"
1365,기복지도,起伏地圖,입체 지도
1364,기보한,旣報-,"이미 알린, 이미 보고한"
1363,기명날인,記名捺印,이름 쓰고 도장 찍음
1362,기면,基面,기준면
1361,기망하다,欺罔--,속이다
1360,기망가,期望價,기댓값
1359,기만하다,欺瞞--,속이다
1358,기립,起立,일어서
1357,기리토리,切-り-取-り(일),흙깎기
1356,기리코반지,きりこ(일)(切子)斑指,모반지
1355,기리이시,切-り-石(일),"마름돌, 절석"
1354,기리스테,きりすて(일),잘라냄
1353,기리바리,切-り-張-り(일),버팀대
1352,기리누키,切-り-拔-き(일),"오리기, 오림"
1351,기리가쿠시,切-り-隱-し(일),입술주머니
1350,기르란데,Girlande(독),계단식 산 돌기
1349,기류,杞柳,고리버들
1348,기로회도,耆老會圖,기로회그림
1347,기령,其齡,나이
1346,기라성,"綺羅星, きらぼし(일)",빛나는 별
1345,기득,旣得,"얻음, 이미 얻음"
1344,기도하다,企圖--,꾀하다
1343,기도리,木取り(일),마름질
1342,기도 폐색성 질식사,氣道 閉塞性 窒息死,기도 막힘 질식사
1341,기도,氣道,"숨길, 숨결, 숨통"
1340,기능적 감가,機能的減價,경제적 감가
1339,기능공 스카우트,技能工 scout(영),기능공 뽑아오기
1338,기능 폐용자,技能廢用者,기능 잃은 사람
1337,기년,幾年,몇 해
1336,기납한,旣納-,이미 납부한
1335,기급하다,氣急--,다급하다
1334,기근,饑饉,굶주림
1333,기근,岐根,곁뿌리
1332,기구체계도,機構體系圖,조직 체계도
1331,기관,氣管,숨통
1330,기공도,氣孔度,투기도
1329,기공,氣孔,숨구멍
1328,기고테,木-こて(일),나무 흙손
1327,기고,寄稿,원고를 보냄
1326,기계직입,機械織叺,기계가마니
1325,기경,起耕,흙갈이
1324,기결,旣決,결정됨
1323,기건,氣乾,공기 말림
1322,기거,寄居,"삶, 부쳐 삶"
1321,기감,機監,전동차 감시
1320,기갈이 들다,饑渴-,"주리다, 굶주리다"
1319,기간,其間,"그동안, 그사이"
1318,기가타,木型,"목형, 나무틀, 나뭇골"
1317,기(期)하여,,"계기로, 맞이하여, 즈음하여"
1316,기,旣,이미
1315,기,旗,깃발
1314,기,其,그
1313,긍하여,亘--,"걸쳐, 걸쳐서"
1312,긍선,亘線,건널선
1311,급탄,給炭,연탄 공급
1310,급이,給餌,먹이 주기
1309,급유,給油,기름 공급
1308,급여,給與,"봉급, 임금"
1307,급시를 요하는,急施-,빨리 해야 할
1306,급습,給濕,물축이기
1305,급수기,給水機,물그릇
1304,급성사,急性死,급사
1303,급성 호흡 부전,急性 呼吸 不全,급성 호흡 기능 상실
1302,급성 췌장염,急性 膵臟炎,급성 이자염
1301,급성 충수염,急性 蟲垂炎,급성 막창자 꼬리염
1300,급성 주정 중독,急性 酒精 中毒,급성 알코올 중독
1299,급성 세뇨관 괴사,急性 細尿管 壞死,급성 요세관 괴사
1298,급성 담낭염,急性 膽囊炎,급성 쓸개염
1297,급성 간부전,急性 肝不全,급성 간 기능 상실
1296,급선무,急先務,"먼저 일, 먼저 할 일"
1295,급상량,給桑量,뽕주는 양
1294,급상대,給桑臺,채반 받침틀
1293,급상,給桑,뽕주기
1292,급사기,給飼器,"모이통, 먹이통"
1291,급부하다,給付--,주다
1290,급부금,給付金,"지급금, 내준 돈"
1289,급박,急迫,매우 급한
1288,급등하다,急騰--,갑자기 오르다
1287,급거,急遽,"급히, 서둘러"
1286,급,及,및
1285,금효,今曉,오늘 새벽
1284,금제품,禁制品,금지품
1283,금자,今者,"지금, 요사이"
1282,금은박액자,金銀箔額子,금은박틀
1281,금월,今月,"이달, 이번 달"
1280,금원,金員,돈
1279,금양 임야,禁養林野,벌채 금지 임야
1278,"금알갱이붙임, 누금, 누금수법",鏤金手法,"금알갱이붙이기, 누금수법"
1277,금시초문,今始初聞,처음 들음
1276,금시,今時,"이제, 바로, 지금, 금방"
1275,금수조처,禁輸措處,수출입 금지 조치
1274,금속성 파속물,金屬性把束物,금속성 묶음줄
1273,금속 편포,,"금속 조각, 쇠붙이, 쇠붙이 조각"
1272,금번,今番,이번
1271,금박액자,金箔額子,금박틀
1270,금망장공,金網張工,철망덮기
1269,금낭,金囊,돈주머니
1268,금기석,禁忌石,금기돌
1267,금궤 검사,金櫃檢査,금고 검사
1266,금구,金具,철물
1265,글로스바니시,gloss varnish(영),"겸광칠, 겸용광칠"
1264,글로벌리즘,globalism(영),지구주의
1263,글로벌 파트너십,global partnership(영),국제적 동반관계
1262,글로벌 소싱,global sourcing(영),국외 조달
1261,글라이트플루크,Gleitpflug(독),저 제동 활강
1260,글라이트박스,Gleitwachs(독),활강용 왁스
1259,글라이더,glider(영),활공기
1258,근황,近況,요즈음 형편
1257,근활력,根活力,뿌리 활력
1256,근화,槿花,무궁화
1255,근형,根形,뿌리 모양
1254,근채류,根菜類,"뿌리채소류, 뿌리채소"
1253,근지공,根止工,비탈 멈춤 공사
1252,근접,根椄,뿌리접
1251,근절 요망,根絶要望,없애기 바람
1250,근장,根長,뿌리 길이
1249,근자,近者,"요즘, 요사이, 요새"
1248,근입,根入,"밑동넣기, 밑동묻힘"
1247,근일,近日,요사이
1246,근육 내출혈,筋肉 內出血,근육 속 출혈
1245,근육 간 출혈,筋肉 間 出血,근육 사이 출혈
1244,근원경,根元徑,뿌리목 지름
1243,근원 직경,,밑지름
1242,근원,根元,뿌리목
1241,근압,根壓,뿌리압력
1240,근속하다,勤續--,계속 근무하다
1239,근석,根石,밑돌
1238,근상,根傷,뿌리 상처
1237,근삽,根揷,뿌리꽂이
1236,근사하다,近似--,① 비슷하다 ② 그럴듯하다
1235,근무 기강,勤務紀綱,"일하는 자세, 근무하는 자세"
1234,근모,根毛,뿌리털
1233,근린,近隣,이웃
1232,근류균,根瘤菌,"뿌리혹균, 뿌리혹박테리아"
1231,근권,根圈,뿌리 둘레
1230,근계 경합,根系 競合,뿌리 경쟁
1229,근계,謹啓,삼가 아룀
1228,근계,根系,뿌리뻗음새
1227,근경,根莖,뿌리줄기
1226,근경,根耕,그루갈이
1225,근경,根莖,뿌리줄기
1224,근거리,"近距離, きんきょり(일)",가까운 거리
1223,근거리,近距離,가까운 거리
1222,근간,近間,"요즈음, 요사이"
1221,근간,根幹,바탕
1220,근가목,根架木,버팀목
1219,근,根,뿌리
1218,극히,極-,"매우, 몹시"
1217,극한인자,極限因子,제한인자
1216,극한,極寒,매우 추움
1215,극접,隙接,줄눈
1214,극인타기,極印打記,"도장찍기, 쇠도장찍기"
1213,극인,極印,불도장
1212,극성상,極盛相,극상
1211,극빈자,極貧者,몹시 가난한 사람
1210,극림,棘林,가시숲
1209,극력,極力,힘껏
1208,그립 존,grip zone(영),중앙 부위
1207,그립,grip(영),"손잡이, 손잡이 쥐기, 손잡이 쥐기법"
1206,그릴,grill(영),양식집
1205,그린피,green fee(영),"입장료, 골프장입장료"
1204,그린인프라,Green Infra(영),녹색 기반 시설
1203,그린슈머,greensumer (←green+consumer(영)),녹색소비자
1202,그린루프,green roof(영),옥상정원
1201,그린 투어리즘,green tourism(영),녹색 관광
1200,그린 키퍼,green keeper(영),"코스 관리자, 경기장 관리자"
1199,그린 재킷,green jacket(영),우승 재킷
1198,그린 네트워크,green network(영),"녹색, 녹색 띠, 녹색길, 녹색길 때, 초록, 초록 띠, 초록길, 초록길 띠"
1197,"그린 ICT, 그린 아이시티",green information and communications technology(영),녹색방송통신
1196,그린,green(영),잔디밭
1195,그리스펜,grease pen(영),색연필
1194,그리스,grease(영),윤활유
1193,그리드 컴퓨팅,grid computing(영),컴퓨터 연계 활용
1192,그리드 리크,grid leak(영),격자누설저항
1191,그리드,grid(영),"격자, 석쇠 무늬"
1190,그룹 홈,group home(영),자활꿈터
1189,그룹 투어,group tour(영),단체 관광
1188,그룹 엑서사이즈,G.X.(Group exercise(영)),그룹 운동
1187,그룹,group(영),집단
1186,그룬트 슈붕,Grund Schwung(독),기초 회전
1185,그루퍼,grouper(영),집합 연결기
1184,그루브 시스템,groove system(영),바닥 홈 방식
1183,그루브,groove(영),바닥 홈
1182,그로테스크하다,grotesque(영)--,기괴하다
1181,그로스 스코어,gross score(영),총 타수
1180,그로기,groggy(영),"휘청거림, 비틀거림"
1179,그로그,grog(영),구운 가루
1178,그레인 바운더리,grain boundary(영),"결정 경계, 결정 입자 경계(結晶粒子境界)"
1177,그레이브야드,graveyard(영),낡은마루
1176,그레이버,graver(영),조각칼
1175,그레이드업하다,upgrade(영)--,"상승시키다, 개선하다"
1174,그레이 존,gray zone(영),회색 지대
1173,그랜드슬램,grandslam(영),만루 홈런
1172,그랜드 슬램,grand slam(영),"4대 대회 석권, 세계 4대 대회 석권"
1171,그래픽,graphic(영),그림
1170,그래프,graph(영),도표
1169,그래스 코트,grass court(영),잔디 코트
1168,그래니매듭,granny(영)-,홀쳐매기
1167,그래뉼레이션,granulation(영),금알 공예
1166,그래뉼,granule(영),"금알, 금알갱이"
1165,그랑프리,grand prix(프),"대상(大賞), 최우수상"
1164,그라피티,graffiti(영),길거리그림
1163,그라인더,grinder(영),갈개
1162,그라인더,grinder(영),연삭기
1161,그라운드 홈런,ground homerun(영),장내 홈런
1160,그라운드 패스,ground pass(영),"땅볼 주기, 땅볼 연결"
1159,그라운드 언더 리페어,ground under repair(영),수리 지역
1158,그라운드 어스,Ground Earth(영),접지(接地)
1157,그라운드 스트로크,ground stroke(영),땅볼 치기
1156,그라운드 스매시,ground smash(영),땅볼 내려치기
1155,그라운드 볼,ground ball(영),땅볼
1154,그라운드 로,ground row(영),바닥 장치
1153,그라디엔트,Gradient(독),경사도
1152,그 지 오신 하다,-旨誤信--,그와 같이 잘못 알다
1151,그 외에,-外-,그 밖에
1150,그 경,頃,그 무렵
1149,균형시비,均衡施肥,고른 거름주기
1148,균핵병,菌核病,균씨병
1147,균핵,菌核,균씨
1146,균일하다,均一--,"고르다, 똑같다"
1145,균일묘,均一苗,고른 모
1144,균이,菌耳,버섯
1143,균심,均深,경심(徑深)
1142,균습,菌褶,버섯주름
1141,균상,菌床,버섯판
1140,균산,菌傘,버섯갓
1139,균사,菌絲,곰팡이실
1138,균분,均分,똑같이 나눔
1137,균근,菌根,"균뿌리, 곰팡이뿌리"
1136,규지하다,窺知--,"짐작하다, 엿보다, 살피다"
1135,규준틀,規準-,겨냥틀
1134,규제 샌드박스,規制 sandbox(영),"규제 유예, 규제 유예 제도"
1133,규시,窺視,엿봄
1132,규슨,九寸,"아홉치, 27cm"
1131,규격 봉서,規格封書,규격 봉함 편지
1130,귀휴,歸休,휴가
1129,귀환,歸還,돌아옴
1128,귀화,歸化,국적 옮김
1127,귀착하다,歸着--,돌아가다
1126,귀일,歸一,일치
1125,귀견여하,貴見如何,어떻게 생각하십니까?
1124,귀가하다,歸家,집에 돌아가다
1123,궤조,軌條,"철길, 철로, 레일"
1122,궤전선,軌電線,전철용 전선
1121,궤쌓기,,켜쌓기
1120,궤도회로,軌道回路,"철로회로, 레일회로"
1119,궤도 조명반,軌道照明盤,"열차상황판, 열차운행상황판"
1118,궤간,軌間,"철길폭, 레일폭"
1117,궐위,闕位,빈자리
1116,궐원,闕員,결원
1115,궐석재판,"闕席裁判, けっせきさいばん(일)",결석 재판
1114,권취식,卷取式,두루마리식
1113,권취,卷取,감기
1112,권총호치키스,拳銃hotchkiss(영),쏠찍개
1111,권총알,拳銃-,쏠찍개 알
1110,권척,卷尺,줄자
1109,권착,卷着,감아 붙임
1108,권원 보험,權原 保險,부동산 권리 보험
1107,권원,權源,권리 바탕
1106,권승,"卷乘, circle(영)",둥글게 돌기
1105,권상기,"卷上機, 捲上機","자아틀, 윈치"
1104,권두언,券頭言,머리말
1103,궁술,弓術,"활쏘기, 활솜씨"
1102,궁박한,窮迫-,"몹시 곤궁한, 매우 어려운"
1101,궁륭상 천장,穹隆狀天障,"반원통 천장, 무지개 천장"
1100,"궁륭 천장, 궁륭 천정",穹隆天障,반원통 천장
1099,"궁궐터, 궁궐지",宮闕址,"궁궐터, 궁터(site of palace)"
1098,굿바이 히트,goodbye hit(영),"끝내기, 끝내기안타"
1097,굿 사이트,good sight(영),선구안(選球眼)
1096,굴취,掘取,"캐냄, 파냄"
1095,굴신,屈伸,굽히고 폄
1094,굴상구배,掘床勾配,터파기 물매
1093,굴상,掘床,터파기
1092,굴삭기,掘削機,굴착기
1091,굴삭,掘削,땅파기
1090,"굴대투겁, 거축두",車軸頭,"굴대마개, 수레 굴대마개(axle fittings)"
1089,굴기,掘起,"땅파기, 땅긁기, 굴착"
1088,군축,軍縮,군비 축소
1087,군집,群集,무리
1086,군의,裙衣,"속옷, 군의"
1085,군생상,群生相,"무리살이형, 군서형"
1084,군상식재,群像植栽,무리심기
1083,군상부분밀식,群像部分密植,무리배게심기
1082,국제반신우표권,國際返信郵票券,국제 회신 우표권
1081,국전함,局前函,국 앞 우체통
1080,국전에,局前-,국 앞에
1079,국장,國章,나라 휘장
1078,국유림,國有林,나라산
1077,국보,局報,업무 전보
1076,국민 생명표,國民生命表,국민 평균 수명표
1075,국도,局渡,직접 내줌
1074,국대불,局待拂,"창구 지불, 창구 대기 지불"
1073,국내함,局內函,국 안 우체통
1072,국가 유공자 자활 용사촌,,국가 유공자 마을
1071,구획하다,區劃--,"구분하다, 분리하다"
1070,구형웨어,矩形-weir(영),"직각 봇둑, 직각 웨어"
1069,구형,矩形,직사각형
1068,구풍,颶風,싹쓸바람
1067,구토,句讀,반점
1066,구태의연하다,舊態依然--,여전하다
1065,구태,舊態,옛 모습
1064,구타하다,毆打--,때리다
1063,구칸쓰미,空間積-み(일),공간쌓기
1062,구침,口針,입침
1061,구치판치,"口-ペンチ(일), くちペンチ(일)←punch(영)","입심, 말솜씨"
1060,구치기레,口切,입술천
1059,구치,"口, くち(일)",몫
1058,구치,口,"아가리, 거푸집 아가리"
1057,구충,驅蟲,벌레없애기
1056,구축하다,驅逐--,"몰아 내다, 쫓아 내다"
1055,구총,貝塚,"조개무지, 패총(shell mound)"
1054,구첩,口貼,봉함
1053,구차,溝車,"시브(sheave), 도르래"
1052,구지환반지,,턱반지
1051,구지비키,"くじびき(일), 籤引","제비뽑기, 추첨"
1050,"구즈, 굿즈",goods(영),팬 상품
1049,구중,口中,입안
1048,구주종포도,歐洲種葡萄,유럽 포도
1047,구주율,歐洲栗,양밤
1046,구주리,歐洲李,양자두
1045,구주 지역,歐洲地域,유럽 지역
1044,구좌,"口座, こうざ(일)",계좌
1043,구조 부환,救助浮丸,구명 튜브
1042,구정편책공,丘頂編柵工,모래언덕바자얽기
1041,구적기,求積器,넓이 재는 기구
1040,구입선,購入先,구입처
1039,구임지,舊任地,전근무지
1038,구인하다,拘引--,끌어가다
1037,구이우치,杭打,말뚝박기
1036,구이,杭,말뚝
1035,구우게키,くうげき(일),공극(空隙)
1034,구옥,舊屋,"헌집, 옛집"
1033,구엽,舊葉,묵은 잎
1032,구아슈,gouache(프),불투명 수채
1031,구신,具申,"보고, 보고함, 알림, 낱낱이 보고함"
1030,구습,舊習,묵은 습관
1029,구스넥,gooseneck(영),"목 굽은 채, 거위 목 채"
1028,구술하다,口述--,말로 하다
1027,구순,口脣,입술
1026,구수 증서,口授證書,"받아 쓴 증서, 받아 쓴 유언 증서"
1025,구세사키,癖先,"줄임끝, 다트끝"
1024,구서훈증소독증,驅鼠燻烝消毒證,쥐잡기 가스 소독증
1023,구서,驅鼠,쥐잡기
1022,구색 완비,具色完備,고루 갖춤
1021,구사비소데,楔袖,쐐기소매
1020,구사비,楔,쐐기
1019,구사리아나,鎖穴,사슬줄구멍
1018,구사,構思,구상
1017,구비마와리,首回-り(일),목둘레
1016,구비,廐肥,"두엄, 쇠두엄"
1015,구봉,口縫,꿰맴
1014,구벽토,舊壁土,벽 흙
1013,구법,舊法,옛법
1012,구미타테아시바,組立足場,"조립비계, 틀비계"
1011,구미카에,組-み-替-え(일),"뒤바꿈, 다시짜기"
1010,구문 전보,歐文電報,로마자 전보
1009,구문,構文,글짜임
1008,구명삭,救命索,구명줄
1007,구릿푸,クリップ(일)←clip(영),"종이집게, 클립, 틀집게"
1006,구리스,グリ-ス(일)←grease(영),"윤활유, 그리스"
1005,구릉지,丘陵地,언덕땅
1004,구루미,胡,호두나무
1003,구로시카쿠,黑四角,검은네모
1002,구로산카쿠,黑三角,검은세모
1001,구로비시,黑菱,검은마름모
1000,구로보시,黑星,검은별표
999,구로마루,黑丸,검은동그라미
998,구로누키,黑拔-き(일),"양각, 양각 글자"
997,구레파스,クレパス(일)←crayon pastel(영),크레파스
996,구랍,舊臘,지난해 섣달
995,구락부,"俱樂部, クラブ(일)←club(영)","단체, 클럽"
994,구라파,歐羅巴,유럽
993,구라치,クラッチ(일)←ciutch(영),클러치
992,구두호천,口頭互薦,"말 추천, 서로 말 추천, 구두 상호 추천"
991,구두소명,口頭疏明,구두 해명
990,구두로,口頭-,말로
989,구독,"購讀, こうどく(일)","사 읽음, 사서 읽음"
988,구내운전,構內運轉,역내운전
987,구기,釘,못
986,구금하다,拘禁--,"가두다, 잡아 가두다"
985,구근,"球根, きゅうこん(일)",알뿌리
984,구굴,溝掘,트렌치파기
983,구구하다,區區--,"다르다, 각각 다르다, 쓸모없다"
982,구구사정,區區事情,사소한 사정
981,구공법,溝工法,트레치 공법
980,구곡막이,溝谷-,골막이
979,구경,球莖,알줄기
978,구게키,空隙,"빈틈, 공극"
977,구거,溝渠,도랑
976,구강 질환,口腔疾患,"입속 질환, 입안 질환, 입안병"
975,구강,口腔,"입속, 입안"
974,구갑적,龜甲積←귀갑적,"육모쌓기, 벌집쌓기"
973,교흔,咬痕,물린 자국
972,교회하다,敎誨--,깨우치게 하다
971,교회각,交會角,교각(交角)
970,교환 노동,交換勞動,품앗이
969,교호작,交互作,엇갈아짓기
968,교호순환선발,交互循環選拔,상호 순환 선발
967,교호수준측량,交互水準測量,상호 고저 측량
966,교호로,交互-,"번갈아, 교대로, 어긋나게"
965,교행,交行,마주 달림
964,교합 손상,咬合 損傷,물린 상처
963,교합,咬合,맞물림
962,교통 수기,交通手旗,교통 깃발
961,교통 기관 손상,交通 機關 損傷,교통 수단 손상
960,교착목리,交錯木理,엇나뭇결
959,교차접합,交叉接合,막힌줄눈
958,교차각,交叉角,교각(交角)
957,교차 설비,交叉設備,건널목 시설
956,교주,橋柱,교각(橋脚)
955,교정스리,"校正刷, こうせいずり(일)",교정쇄
954,교의,交誼,사귐
953,교시타이,供試體,공시체
952,교시앙망,敎示仰望,가르쳐 주시기 바랍니다
951,교상,咬傷,물린 상처
950,교사하다,敎唆--,부추기다
949,교사,校舍,학교 건물
948,교사,絞死,끈 졸림
947,교부하다,交付--,내주다
946,교배대,交配袋,교배주머니
945,교반,攪拌,"저어섞기, 휘저어섞기"
944,교미기,交尾器,교미 기관
943,교맥,蕎麥,메밀
942,교료,校了,"끝내기, 오케이"
941,교례회,交禮會,어울모임
940,교례상,交禮上,예의상
939,교량 도장,橋梁塗裝,다리 칠
938,교란,攪亂,"혼란스럽게 만듦, 어지럽힘"
937,교담,交談,대화
936,교다이,鏡臺,경대
935,교교하다,皎皎--,밝다
934,교각,矯角,뿔 고치기
933,"굄돌, 받침돌, 지석",支石,"고임돌, 굄돌(supporting stone)"
932,괴혈병,壞血病,괴혈병
931,괴상 유황,塊狀硫黃,덩이 유황
930,괴상,塊狀,덩이꼴
929,괴사후성 간경화,壞死後性 肝硬化,괴사 후 간경화증
928,괴근,塊根,덩이뿌리
927,괴경,塊莖,덩이줄기
926,괘환체,掛還體,"걸고리체, 걸고리 모양"
925,괘지,掛止,걸어두기
924,괘삽,掛揷,걸어끼우기
923,광파재배,廣播栽培,넓은골가꾸기
922,광파,廣播,넓은골뿌림
921,광정언,廣頂堰,"넓은 봇둑, 광정 웨어(weir)"
920,광재,鑛滓,광물 찌꺼기
919,광엽수림,廣葉樹林,활엽수림
918,광엽수,廣葉樹,활엽수
917,광엽,廣葉,넓은 잎
916,광독지,鑛毒地,"광독흙, 쇳독땅"
915,광구호,廣口壺,큰입 항아리
914,광견,狂犬,미친개
913,관행시비,慣行施肥,거름주기
912,관행 작벌,官行斫伐,관영 벌채
911,관할,管轄,담당
910,관하고,冠--,"붙이고, 덧붙이고"
909,관통차량,貫通車輛,"제어차량, 공기제어차량"
908,관통 제동기,貫通製動機,"자동제어장치, 공기자동제어장치"
907,관측 수부,觀測手簿,관측 기록부
906,관측 기부,觀測記簿,관측 기록부
905,관철하다,貫徹--,"이루다, 뜻을 이루다"
904,관착,冠著,씌워붙이기
903,관직영,官直營,"정부 직영, 정부 기관 직영"
902,관조,鸛鳥,황새
901,관제 엽서,官製葉書,체신 엽서
900,관정,灌井,들샘
899,관저,官邸,관사
898,관재,棺材,널감(coffin wood)
897,관장,官匠,"관장, 관공장"
896,관용차,官用車,공무차
895,관여하다,關與--,"상관하다, 관계하다"
894,관심여하,關心如何,관심 두기에 따라
893,관수,管守,"보관, 간수"
892,관수,灌水,"물주기, 물대기"
891,관상화,管狀花,대롱꽃
890,관상 동맥 경화,冠狀 動脈 硬化,심장 동맥 경화
889,관망하다,觀望--,지켜 보다
888,관리,官吏,공무원
887,관류,管流,도랑띄워보내기
886,관료배,官僚輩,관리들
885,관람,觀覽,"구경, 살펴봄"
884,관계 요로에,關係要路-,관계 기관(機關)에
883,관견,管見,의견
882,관건,關鍵,열쇠
881,관거,管渠,"관수로, 관도랑"
880,관개,灌漑,물대기
879,관 사업,官事業,관용작업
878,관,罐,통
877,과형,果形,열매 모양
876,과하다,過--,"지나치다, 넘치다"
875,과채류,果菜類,"열매채소, 열매채소류"
874,과징하다,過徵--,징수하다
873,과징금,過徵金,징수한 돈
872,과즙,果汁,과일즙
871,과중하다,過重--,"벅차다, 힘겹다"
870,과주 여유거리,過走餘裕距離,"안전 거리, 안전 여유 거리"
869,과장품,過藏品,초과 저장품
868,과육,果肉,열매살
867,과원,寡員,"모자라는 인원, 못 채운 자리"
866,과오불,過誤拂,"잘못 지급, 잘못 내줌"
865,과오납금,過誤納金,잘못 낸 돈
864,과오납,過誤納,"잘못 낸, 잘못 낸 세금, 잘못 낸 돈"
863,과오급,過誤給,"잘못 지급, 잘못 내줌"
862,과오,過誤,"잘못, 허물"
861,"과여, 금전의 과여",金錢의 過餘,남은 돈
860,과업,課業,할 일
859,과언,過言,지나친 말
858,과심,果心,열매 속
857,과실이다,過失--,잘못이다
856,과실,果實,열매
855,과숙엽,過熟葉,너무 익은 잎
854,과숙기,過熟期,농익은 때
853,과숙,過熟,농익음
852,과수,果穗,열매 송이
851,과선교,跨線橋,구름다리
850,과색,果色,열매 빛깔
849,과불,過拂,초과 지급
848,과벌,過伐,너무베기
847,과번무,過繁茂,웃자람
846,과물,"果物, くだもの(일)",과일
845,과문하다,寡聞--,견문이 적다
844,과목 해소표,科目解疏表,"과목 설명표, 과목 해설표"
843,과목 해소,科目解疏,"과목 설명, 과목 해설"
842,과목 경정,科目更正,과목 바꿈
841,과목,過牧,과잉 방목
840,과목,果木,과일나무
839,과대하다,過大--,지나치게 크다
838,과다,過多,너무 많음
837,과납,過納,더 냄
836,과금 별납 우편,課金別納郵便,요금 별납 우편
835,과금,課金,요금
834,과균 비율,顆均比率,"알고름새, 열매 고름새"
833,과경한,過輕-,너무 가벼운
832,과경부,果梗部,꼭지 자리
831,과경,菓徑,열매 지름
830,과경,果梗,열매꼭지
829,과간,顆間,"알 사이, 열매 사이"
828,곶축,串築,꼬치쌓기
827,공히,共-,"같이, 함께, 모두"
826,공행낭,空行囊,빈 우편낭
825,공한지,空閑地,"노는 땅, 빈땅, 빈터"
824,공판 기일,公判期日,공판 날짜
823,공투표함,空投票函,빈 투표함
822,공탁하다,供託--,맡기다
821,공측,空測,항공 측량
820,공축보안공,空築保岸工,메쌓기기슭막이
819,공축보곡공,空築保谷工,메쌓기골막이
818,공축댐,空築-dam(영),메쌓기댐
817,공축근고공,空築根固工,메쌓기밑막이
816,공축,空築,메쌓기
815,공지 사항,公知事項,알리는 말씀
814,공지 사실,公知事實,"다 아는 사실, 다 아는 일"
813,공중진화,空中鎭火,"항공기 불끄기, 항공기로 불끄기"
812,공중 선주,空中線柱,안테나 기둥
811,공종,工種,공사의 종류
810,공존,共存,함께 살아감
809,공조,共助,"협조, 서로 도움"
808,공제,"控除, こうじょ(일)","뗌, 뺌"
807,공정,工程,"작업 과정, 공사 과정, 공사 진도"
806,공전하다,空轉--,"헛돌다, 겉돌다"
805,공전,空電,"전파 잡음, 전파 방해"
804,공전,公典,규범
803,공장수로공,空張水路工,"메붙임수로내기, 메붙임도랑내기"
802,공장수로,空張水路,"메붙임수로, 메붙임도랑"
801,공장석,空張石,메붙임돌
800,공장도가격,"工場渡價格, こうじょうわしかかく(일)","공장값, 공장에서 내는 값"
799,공장공,空張工,"메붙임, 메붙이기"
798,공장,工匠,장인
797,공임,"工賃, こうちん(일)",품삯
796,공인,公印,공무 도장
795,공유 지분,公有持分,"차지몫, 함께차지몫"
794,공위,空位,빈격자점(-格子點)
793,공용되다,供用--,"제공되다, 이용되다, 쓰이다"
792,공용,公用,공무로 씀
791,공예,孔刈,둘레베기
790,공여하다,供與--,"제공하다, 주다, 바치다"
789,공언,公言,"공개적인 말, 공개적으로 말함"
788,공액 복소수,供蓍複素數,켤레복소수
787,공안,公安,공공 안녕
786,공식 스토어,公式 store(영),공식 매장
785,공시 송달,公示送達,"널리 알림, 알려 보냄"
784,공수표,空手票,①부도 수표 ②가짜 약속
783,공수,空手,빈손
782,공석,"空席, くうせき(일)",빈자리
781,공상자,空箱子,빈상자
780,공상,公傷,공무 중 부상
779,공삭,控索,버팀줄
778,공사다망중,公私多忙中,바쁘신 가운데
777,공분,公憤,대중의 분노
776,공복,空腹,"빈속, 빈 속"
775,공복,公僕,"봉사자, 심부름꾼"
774,공병,空甁,빈병
773,공무소,公務所,"관계 기관, 관공서"
772,공모,公募,공개 모집
771,공명정대하게,公明正大--,떳떳하게
770,공명,空鳴,헛울림
769,공리,公利,"공공 복리, 공공의 이익"
768,공류,公流,공공 유수
767,공로,公路,공공 도로
766,공란,"空欄, くうらん(일)",빈칸
765,공동목,空洞木,속 빈 나무
764,공동과,空洞果,속 빈 과일
763,공동경작,共同耕作,어울려 짓기
762,공동 정호,共同井戶,공동 우물
761,공동,空洞,빈구멍
760,공대,空袋,"빈부대, 빈자루"
759,공기,空器,빈그릇
758,공급선,供給先,"공급처, 공급자"
757,공극,孔隙,"틈, 틈새"
756,공구리,コンクリ-ト(일)←concrete(영),"양회반죽, 콘크리트"
755,공구,工區,공사 구역
754,공관,空罐,빈통
753,공과,公課,공적 부과
752,공공연하게,公公然--,버젓이
751,공고히 하다,鞏固-,"굳건히 하다, 굳게 하다, 튼튼히 하다"
750,공가주,共架柱,공동 전봇대
749,공가,空家,빈집
748,공가,公暇,공식 휴가
747,공,gong(영),종
746,곳파,木端,뗄밥
745,곰장어,,먹장어
744,골프웨어,golf wear(영),골프복
743,골프 투어,golf tour(영),골프 순회 경기
742,골프 아키텍트,golf architect(영),골프장 설계자
741,골프 스쿨,golf school(영),골프 학교
740,골프 스윙,golf swing(영),올려치기
739,골프 슈즈,golf shoes(영),골프화
738,골포스트,goalpost(영),골대
737,골퍼,golfer(영),골프인
736,골킥,goal kick(영),문 앞차기
735,골키퍼,goal keeper(영),문지기
734,골조,骨組,뼈대
733,골자,骨子,"요점, 핵심, 골갱이"
732,골인,goal in(영),득점
731,골연증,骨軟症,뼈 무름병
730,골에어리어,goal area(영),문 앞 구역
729,골분,骨粉,뼛가루
728,골반골,骨盤骨,"골반뼈, 엉덩뼈"
727,골매기,,골막이
726,골막 하출혈,骨膜 下出血,뼈막 밑 출혈
725,골라인아웃,goal line out(영),"문줄 넘음, 문줄을 넘다"
724,골든골,golden goal(영),끝내기골
723,골든 트라이앵글,golden triangle(영),삼각 거점
722,골든 크로스,golden cross(영),강세 전환지표
721,골든 카드,golden card(영),"좋은 대진, 좋은 대진표"
720,골든 게이트,goldengate(영),대문 기둥
719,골드 러시,gold rush(영),"① 노다지 열풍 ② 금메달 행진, 금메달 바람"
718,골다공증,骨多孔症,"뼈 엉성증, 골다공증"
717,골네트,goal net(영),"그물, 문그물"
716,골격,骨格,뼈대
715,골게터,goal getter(영),주득점 선수
714,골간,骨幹,뼈대
713,골 텐딩,goal tending(영),득점 인정
712,골 커버,goal cover(영),"문 수비, 문전 수비"
711,골 에어리어 라인,goal area line(영),6m선
710,골 에어리어,goal area(영),문지기 지역
709,골 스로,goal throw(영),"던지기, 문지기던지기"
708,골 세리머니,goal ceremony(영),득점 뒤풀이
707,골 디퍼런스,goal difference(영),득실차
706,골,骨,뼈
705,골,goal(영),문
704,곧선사람,直立原人,"호모에렉투스, 직립원인(Homo erectus)"
703,곤포기,,상자 포장기
702,곤약,"崑蒻, こんにゃく(일)","①구약나물, 구약감자 ②우무"
701,곤부,昆布,다시마
700,곤로,"焜爐, こんろ(일)","풍로, 화로"
699,곤돌라,gondola(영),방승기(房乘機)
698,곤다테,こんだて(일),"차림, 식단"
697,곤냐쿠,"崑蒻, こんにゃく(일)","①구약나물, 구약감자 ②우무"
696,곤납,梱納,"상자에 넣음, 상자넣기"
695,곡하다,曲--,"바르지 못하다, 사리가 바르지 못하다, 굽다"
694,곡풍,谷風,골바람
693,곡축,谷築,골쌓기
692,곡초,穀草,짚
691,곡차수,谷次數,하천 차수
690,곡지공,谷止工,골막이
689,곡적,谷積,골쌓기
688,곡아,穀蛾,곡식나방
687,곡성,曲城,옹성
686,곡선장,曲線長,곡선 길이
685,곡선도,曲線度,곡률
684,곡상,穀商,"쌀가게, 싸전, 쌀장수, 쌀장사"
683,곡반경,曲半徑,곡선반지름
682,곡률반경,曲率半徑,곡선 반지름
681,곡류거리,曲流距離,사행 거리
680,곡도,曲度,곡률
679,곡기 비행,曲技飛行,곡예 비행
678,곡과,曲果,굽은 과일
677,곡간답,谷間沓,"골짝논, 고래실, 다랑논"
676,곡간,穀稈,짚
675,고회석,苦灰石,백운석
674,고화,古畵,옛 그림
673,고형비료,固形肥料,덩이 비료
672,고형 복합 비료,固形複合肥料,덩이 복합 비료
671,고하다,告--,알리다
670,고품,古品,① 옛물품 ② 낡은 물품
669,고편 도취,苦扁 桃臭,살구씨 냄새
668,고토,膏土,기름진 땅
667,고테(고데)03,鏝,뗄밥
666,고타쓰,こたつ(일),무릎난로
665,고취,鼓吹,북돋움
664,고충,苦衷,어려움
663,고초,苦楚,어려움
662,고창,高唱,소리높여 외침
661,고참,"古參, こさん(일)","선임, 선임자, 선참, 선참자"
660,고찰하다,考察--,살펴보다
659,고지 방송,告知放送,"안내 방송, 알림 방송"
658,고지,雇止,승선 계약 종료
657,고즙,苦汁,간수
656,고죽,苦竹,참대
655,고정빔,固定beam(영),"고정대, 받침대"
654,고정도,高精度,높은 정밀도
653,고정 계제,固定 係蹄,고정 올가미
652,고접,高接,줄기높게접하기
651,고전압 임펄스 제너레이터,高電壓ImpulseGenerator(영),충격전압발생기(衝擊電壓發生器)
650,고재,古材,폐자재
649,고잉 아웃,going out(영),바깥 골프장
648,고입,雇入,승선 계약
647,고입,古叺,헌 가마니
646,고율 보수,高率報酬,높은 보수
645,고유 브랜드,固有 brand(영),"고유 상표, 자기 상표"
644,고오리,こうり(일),"고리, 고리짝"
643,고엽,枯葉,마른 잎
642,고에타테,聲立て(일),앞소리
641,고양하다,高揚--,높이다
640,고야바리,小屋梁,지붕보
639,고야구미,小屋組,지붕틀
638,고아원,孤兒院,보육원
637,고쓰자이,骨材,골재
636,고싯쿠,ゴシック(일)←Gothic(영),"돋움체, 고딕체"
635,고식적,姑息的,임시 변통의
634,고시하다,告示--,알리다
633,고시나게,こしなげ(일),허리치기
632,고시,格子,"격자, 석쇠틀"
631,고스트 영상,ghost(영) 影像,다중 영상(多重影像)
630,고수하다,固守--,굳게 지키다
629,고속릴레이,fastoperate relay(영),고속계전기(高速繼電器)
628,고설,固設,붙박이
627,고서,古書,"헌 책, 옛 책"
626,고삼,苦蔘,너삼
625,고산,高山,높은 산
624,고사지,枯死枝,죽은 가지
623,고사,古寺,오래된 절
622,고뿌,コップ(일)←kop(네),"잔, 컵"
621,고분군,古墳群,무덤떼
620,고부다시,こぶだし(일),혹두기
619,고부가리,ごぶがり(일),닷푼깎기
618,고부,"五分, ごぶ(일)",①닷푼 ②반 ③15mm
617,고본,古本,"옛책, 헌책"
616,고복공,藁覆工,짚덮기
615,고보,牛蒡,우엉
614,고베리,小綠,선
613,고반가라,碁盤棅,바둑판 무늬
612,고바코,小箱,작은 상자
611,고바리,小梁,작은 보
610,고바,小端,좁은 면
609,고미,古米,묵은 쌀
608,고미,苦味,쓴맛
607,고묵,枯墨,마른 먹
606,고무하다,鼓舞--,북돋우다
605,고목층,高木層,"교목층, 큰나무층, 큰키나무층"
604,고목림,高木林,"교목림, 큰나무숲, 큰키나무숲"
603,고목02,高木,"교목, 큰나무, 큰키나무"
602,고목01,枯木,죽은나무
601,고모치가스미,子持-ち-霞(일),자매깔쭉이
600,고모치,子持-ち(일),자매줄
599,고메지루시,米印,쌀미표
598,고망복공,藁網覆工,짚망덮기
597,고마카시,ごまかし(일),"속임, 속임수"
596,고마루반지,久丸-,볼록 반지
595,고립공,藁立工,짚세우기
594,고림,高林,"교림, 큰나무숲, 큰키나무숲"
593,고리,高利,"비싼 변, 비싼 변리, 비싼 길미"
592,고로케,コロッケ(일)←croquette(프),크로켓
591,고로,故-,"그러므로, 그런 까닭으로"
590,고려척,高麗尺,"고구려자, 고구려척"
589,고란,勾欄,난간(欄干)
588,고란,高欄,높은 난간
587,고동,,고둥
586,고독상,孤獨相,"홀로살이형, 단서형(單棲型)"
585,고당,高堂,귀댁
584,고단스,小簞笥,아기장
583,고다치,小裁-ち(일),가위손질
582,고다마,小玉,"작은 알, 작은 치"
581,고다다키,小敲-き(일),잔다듬
580,고나카인,小仲買人,산매인(散賣人)
579,고급육,高級肉,좋은 고기
578,고글,goggles(영),보안경
577,고구치쓰미,小口積-み(일),마구리쌓기
576,고구치,小口,마구리
575,고구미데구미,小組手組-み(일),쪽판짜기
574,고관절,股關節,넓적다리 관절
573,고공품,藁工品,짚 제품
572,고경,枯莖,마른 줄기
571,고견,高見,좋은 생각
570,고갈,枯渴,마름
569,고가차,高架車,사다리차
568,고가교,高架橋,구름다리
567,고 더 루트,go the route(영),"3회 완투, 3회 연속완투"
566,고,go(영),실행
565,계호,戒護,"보호, 경계 보호"
564,계합,繼合,이어 붙임
563,계합,係合,걸어 맞춤
562,계표,計票,"셈함, 표를 셈함"
561,계표,界標,경계 표지
560,계통연락,系統連絡,계통연계(系統連繫)
559,계출서,屆出書,신고서
558,계출,屆出,신고(申告)
557,계지,係止,"걺, 걸림"
556,계주,繼走,이어달리기
555,계주,繼柱,이음전봇대
554,계제,階梯,"층계, 계단"
553,계절성하천,季節性河川,일시하천
552,계전기 블레이드,relay blades(영),"계전기 날, 계전기 칼날"
551,계쟁물,係爭物,다툼거리
550,계육,鷄肉,닭고기
549,계유,啓喩,계도(啓導)
548,계우,鷄羽,닭털
547,계역,鷄疫,닭 돌림병
546,계송 업무,繼送業務,중계 업무
545,계속한천일수,繼續寒天日數,계속 가문 날 수
544,계속성침하,繼續性沈下,지속성 침하
543,계속되다,係屬--,매이다
542,계속,,잇따라
541,계선항,繫船抗,배말뚝
540,계상침식,溪床浸蝕,냇바닥 침식
539,계상정리,溪床整理,냇바닥 치우기
538,계상,計上,계산
537,계상,繼箱,포갬 벌통
536,계상,溪床,냇바닥
535,계사,鷄舍,닭장
534,계분,鷄糞,닭똥
533,계박하다,繫泊--,배를 매어 두다
532,계몽,啓蒙,깨우침
531,계목 횟수,繼木回數,이음수
530,계목,繫牧,매어기르기
529,계류하다,繫留--,"(배 따위를) 매어 두다, 붙들어 매다"
528,계류우사,繫留牛舍,외양간
527,계류삭,繫留索,"정박용 밧줄, 배묶음 밧줄"
526,계량하다,計量--,양을 재다
525,계란마키,卵卷,"달걀말이, 계란말이"
524,계란과자,鷄卵菓子,달걀과자
523,계단폭,階段幅,단너비
522,계단공,階斷工,단끊기
521,계단고,階段高,단높이
520,계기,契機,기회
519,계금,契金,곗돈
518,계근하다,計斤--,무게 달다
517,계구,戒具,보호 기구
516,계관,鷄冠,닭 볏
515,계곡차수,溪谷次數,하천 차수
514,계곡밀도,溪谷密度,곡밀도
513,계고하다,戒告--,알리다
512,계간수로공,溪間水路工,"계간수로내기, 계간도랑내기"
511,계간공,溪間工,계간 공사
510,경화병,硬化病,굳음병
509,경화,硬化,"굳음, 굳어짐, 굳히기"
508,경하다,輕,가볍다
507,경하,敬賀,축하
506,경피감염,經皮感染,"살갗감염, 살갗옮김"
505,경품,景品,덤상품
504,경폭,耕幅,갈이너비
503,경토 배양,耕土培養,땅힘돋우기
502,경토,耕土,갈이흙
501,경추,頸椎,"목등뼈, 경추"
500,경창,競唱,노래 자랑
499,경질하다,更迭--,"갈다, 바꾸다"
498,경증,輕症,가벼운 증세
497,경중,輕重,가볍고 무거움
496,경주하다,傾注--,"기울이다, 쏟다, 다하다"
495,경정,更定,"고쳐 정함, 바로 고침, 변경"
494,경전,耕田,"밭갈이, 논갈이, 논밭갈이"
493,경적,警笛,"경계 고동, 비상 고동, 호루라기"
492,경작지,耕作地,농사땅
491,경작 기절,耕作氣節,농사철
490,경일,頃日,지난번
489,경이한,驚異-,가볍고 쉬운
488,경이감,驚異感,놀라움
487,경위,涇渭,사리(事理)
486,경원하다,敬遠--,멀리하다
485,경운조,耕耘爪,갈이날
484,경운,耕耘,흙갈이
483,경우,頸羽,목털
482,경엽,勁葉,줄기잎
481,경연불량,硬軟不良,고름새 불량
480,경연부동,硬軟不同,고름새 나쁨
479,경역,境域,"지역, 구역"
478,경심,耕深,갈이 깊이
477,경실종자,硬實種子,딱딱한 씨앗
476,경신하다,更新--,"바꾸다, 고치다"
475,경식토,輕埴土,메진 흙
474,경석,鏡石,거울돌
473,경상GNP,經常GNP(영),명목GNP
472,경상 가격,經常價格,"당해년 가격, 당분기 가격"
471,경사연석,傾斜緣石,경사 갓돌
470,경사,經絲,"날, 날실"
469,경부 장기,頸部 臟器,목 장기
468,경부 연조직,頸部 軟組織,목 물렁 조직
467,경부 압박 질식사,頸部 壓迫 窒息死,목 졸림 질식사
466,경백미,粳白米,멥쌀
465,"경방기간, 산화경방기간",山火警防期間,"조심 기간, 산불조심 기간, 조심 철, 산불조심 철"
464,경미,粳米,멥쌀
463,경망,敬望,"바람, 삼가 바람"
462,경막 하혈종,硬膜 下血腫,경질막 밑 혈종
461,경막 하출혈,硬膜 下出血,경질막 밑 출혈
460,경막 상출혈,硬膜 上出血,경질막 바깥 출혈
459,경률,莖率,줄기 비율
458,경급,徑級,지름 크기
457,경구투여,經口投與,"복용, 약 먹음, 복약"
456,경구전염,經口傳染,입 전염
455,경구감염,經口感染,입 감염
454,경골,脛骨,정강이뼈
453,경경,莖莖,줄기 굵기
452,경,頃,"쯤, 무렵, 께"
451,겸상 적혈구성 빈혈,鎌狀 赤血球性 貧血,낫 적혈구 빈혈
450,결탁하다,結託--,"짜다, 서로 짜다"
449,결주,缺株,빈 포기
448,결정립계,,"결정 경계, 결정 입자 경계(結晶粒子境界)"
447,결절,結節,매듭
446,결어,結語,"맺음말, 맺는 말"
445,결약서,結約書,약정서
444,결부하다,結付--,끼우다
443,결로,"結露, けつろ(일)",이슬 맺힘
442,결근계,"缺勤屆, けつきんとどけ(일)","결근 신고, 결근 신고서"
441,결과지,結果枝,열매가지
440,결과,結果,"열매, 열매 맺기"
439,견치석,犬齒石,축댓돌
438,"견치, 겐시",けんし(일),송곳니
437,견질 어음,見質-,담보 어음
436,견질,繭質,고치질
435,견지석,見知石,축댓돌
434,견적하다,見積--,"어림하다, 어림셈하다"
433,견적서,"見積書, みつもりしよ(일)",추산서(推算書)
432,견인하다,牽引--,끌다
431,견인삭,牽引索,당김줄
430,견습기자,見習記者,수습기자
429,견부,肩部,어깨
428,견련성,牽連性/牽聯性,"관련성, 연관성"
427,"격천장, 조정","格天障, 藻井","격자천장, 우물반자"
426,격차,隔差,차이
425,격제,隔堤,가름둑
424,격자형틀공,格子型-工,"격자틀박기, 격자틀붙이기"
423,격자틀근고공,格子-根固工,격자틀밑막이
422,격자틀공,格子-工,"격자틀박기, 격자틀붙이기"
421,격자정합,格子整合,격자맞춤
420,격왕판,隔王板,왕벌막이
419,격오지,隔奧地,외진 곳
418,격별,"格別, かくべつ(일)",각별
417,격리 재배,隔離栽培,따로 가꾸기
416,격년결과,隔年結果,해거리열기
415,겟소구센,結束線,결속선
414,겟 투,get two(영),둘잡이
413,겔랜데스프링겐,Gelände Springen(독),장애물 뛰어넘기
412,겔랜데,Gelände(독),"연습장, 스키 연습장"
411,겐페이,"源平, けんぺい(일)",편가르기
410,겐토,"見當, けんとう(일)","가늠, 어림짐작"
409,겐코,檢學,징역
408,겐칸,玄關,"현관, 문간"
407,겐치석,"間知石, けんちいし(일)",축댓돌
406,겐지료쿠전지,げんしりょく(일)電池,원자력 전지(原子力電池)
405,겐에리,劍襟,"뾰족깃, 칼깃"
404,겐슨즈,原寸圖,원척도(原尺圖)
403,겐슨이타,原寸板,원척본판(原尺本板)
402,겐서이 가이시,けんすい がいし(일),현수 애자(懸垂碍子)
401,겐바하이고,現場配合,현장 배합
400,겐바우치곤쿠리토구이,現場打-コンクリート杭(일),"현장콘크리트말뚝,제자리콘크리트말뚝"
399,겐바,現場,현장
398,겐노다다키,玄能敲-き(일),메다듬
397,겐노,玄能,쇠메
396,겐나와,間繩,"승척(繩尺), 줄자, 잣줄"
395,게팅 더 우드,getting thewood(영),호조(好調)
394,게타,桁,"보, 도리"
393,게코미,蹴込-み(일),"챌면, 챌판"
392,게출,揭出,"표시, 상황 표시, 표시 내걸기"
391,게재순위,揭載順位,"적는 순서, 적는 차례"
390,게임리딩,game leading(영),경기 주도
389,게임 포인트,game point(영),게임점
388,게임 체인저,game changer(영),"국면 전환자, 국면 전환 요소"
387,게임 세트,game set(영),경기 끝
386,"게임 메이커, 게임 플레이 메이커",game play maker(영),주도 선수
385,게인,gain(영),이득(利得)
384,게이트사건,gate(영)事件,"비리 사건, 대형 비리 사건"
383,게이트 키퍼01,gate keeper(영),기문 심판
382,게이마키,罫卷き(일),무늬 테두리
381,게양,揭揚,"닮, 올림"
380,게아게,蹴上-げ(일),단 높이
379,"게센, 덴센",でんせん(일),전선(電線)
378,게비키02,罫引き(일),"금쇠, 금긋개"
377,게비키01,噦引,금긋개
376,게바리,けばり(일),털낚시
375,게라스리,ケラ-刷-り(일)←galley(영),교정쇄
374,게라보,ケラ-棒(일)←galley(영),게라 막대
373,게라구미,ケラ-組(일)←galley(영),"게라짜기, 애벌짜기"
372,게라,ケラ(일)←galley(영),①활자판 상자 ②교정쇄
371,게놈,Genom(독),유전체(遺傳體)
370,검정 교잡,檢定交雜,검정 교배
369,검안,檢案,"시체 관찰, 검안"
368,검사역,"檢査役, けんさやく(일)","검사인, 검사원"
367,검사선,檢査線,조사선(照査線)
366,검목,檢木,나무자람조사
365,"검끝, 봉부",鋒部,"칼끝, 창끝(point)"
364,검공,檢孔,입력 자료 검증
363,걸리침식,gully(영)浸蝕,구곡 침식(溝谷浸蝕)
362,건할,乾割,말라 갈라짐
361,건포도,乾葡萄,"마른포도, 말린포도"
360,건토효과,乾土效果,마른흙 효과
359,건체,建替,"교체, 전봇대 교체(交替)"
358,건채,乾菜,말린 나물
357,건조화,乾燥花,말린 꽃
356,건조무,乾燥-,무말랭이
355,건조과실,乾燥果實,말린 과실
354,건조가,乾燥架,말림시렁
353,건조 과일,乾燥果-,말린 과실
352,건시,乾枾,곶감
351,건성 익사,乾性 溺死,마른 익사
350,건설Cals,Construction Continuous Acquisition & Life-Cycle Support(영),건설정보 공유시스템
349,건물중,乾物重,마른 무게
348,건묵,乾墨,마른먹
347,건못자리,乾---,마른못자리
346,건답직파,乾畓直播,마른논 씨뿌리기
345,건구재,たてぐ(일),문짝 재료
344,건경,乾莖,마른 줄기
343,건가,乾架,말림 틀
342,"거트, 거트스트링",gutstring(영),"줄, 채줄"
341,거터 볼,gutter ball(영),홈통공
340,거터,gutter(영),홈통
339,거찰,巨刹,"큰절, 대찰"
338,거중 조정,居中調停,중간 조정
337,거접,居椄,제자리접
336,거점,據點,"근거, 근거지"
335,거인양 외관,巨人樣 外觀,사천왕 현상
334,거여구,車衡具,수레부속
333,거싯,gusset(영),무
332,갸쿠아포,逆-Apostroph(독),뒤작은따옴표
331,갸쿠,"逆, ぎやく(일)",반대치기
330,갱신지,更新枝,바꾼 가지
329,갱신 계약,更新 契約,"재계약, 자동 재계약"
328,갱백미,秔白米,멥쌀
327,갱목,坑木,"동바리, 갱도 버팀목"
326,갤러리,gallery(영),관중
325,갤러리,gallery(영),갤러리석
324,객춘,客春,지난 봄
323,개화호르몬,開花hormone(영),꽃피우기 호르몬
322,개화 호르몬,開花 hormone(영),꽃 피우기 호르몬
321,개호비,介護費,가정 간병비
320,개협,開莢,꼬투리 벌어짐
319,개함,開函,"엶, 함을 엶"
318,개판,蓋板,뚜껑
317,개탄,慨嘆,탄식
316,개측,槪測,개략 측정
315,개척종,開拓種,선구종
314,개집표기,開集標機,표 검사기
313,개제,開堤,열린둑
312,개재,介在,"끼어듦, 끼여 있음"
311,개인휴대통신,PCS(Personal Communication Service(영)),"개인휴대통신, 개인휴대통신서비스"
310,개인계,"改印屆, かいいんとどけ(일)","개인 신고, 개인신고서"
309,개엽기,開葉期,잎 필 때
308,개시되다,開示--,드러내 보이다
307,개수로,開水路,"열린수로, 겉도랑"
306,개소,個所,군데
305,개방성 손상,開放性 損傷,열린 상처
304,개방성 계제,開放性 係蹄,열린 올가미
303,개방 절선,開放折線,개방 트레버스
302,개로,開路,회로 단절
301,개략,槪略,요약함
300,개갑광,開匣壙,씨눈깨기 그릇
299,개갑,開匣,싹틔우기
298,강행적,强行的,"강제적, 억지로"
297,강철권척,鋼鐵卷尺,쇠줄자
296,강직,强直,"강직, 관절의 움직임 장애"
295,강제댐,鋼製-dam(영),철제댐
294,강제 휴면,强制休眠,움재우기
293,강점하다,强占--,강제로 차지하다
292,강전정,强剪定,된 다름질
291,강산제,江山制,강산제
290,강사,江砂,강모래
289,강두,豇豆,동부
288,강대외장케이블,鋼帶外裝cable(영),"철띠 케이블, 철띠 외장 케이블"
287,갓쇼,合掌,"ㅅ자보, 시옷자보"
286,갑상선 기능 항진증,甲狀腺 機能 亢進症,갑상샘 기능 항진증
285,갑상선 기능 저하증,甲狀腺 機能 低下症,갑상샘 기능 저하증
284,갑삼,甲蔘,으뜸삼모
283,갑내포지,匣內包紙,속 포장지
282,감채 기금,減債 基金,채무 상환 기금
281,"감정, 간조우",かんじょう(일),"계산, 셈"
280,감자,減資,"자본금 감축, 자본금 감소"
279,감자,甘蔗,사탕수수
278,감옥촉서,甘玉蜀黍,단옥수수
277,감염욕,感染褥,"침입자 자리, 감염요"
276,감염성 심내막염,感染性 心內膜炎,감염 심내막염
275,감언이설,甘言利說,"달콤한 말, 꾐말"
274,감안,勘案,"생각, 고려, 참작"
273,감시,甘枾,단감
272,감생채,,단생채
271,감별추,鑑別雛,가린 병아리
270,감람,甘藍,양배추
269,감내,堪耐,견딤
268,감광지,感光紙,해받이종이
267,감과앵도,甘果櫻桃,단앵두
266,감,龕,감실
265,갈판돌,石展石,갈판(saddle quern)
264,갈색조,褐色藻,갈색
263,갈색간그릇,褐色磨硏土器,갈색간토기(brown burnished pottery)
262,갈반병,褐斑病,갈색점무늬병
261,갈문병,褐纹病,갈색 무늬병
260,"갈래창, 극",戟,"옆가지창(halberd, chi)"
259,갈라쇼,gala show(영),뒤풀이공연
258,갈돌대,石棒,갈돌(stone grinding pestle)
257,갈강병,褐殭病,갈색굳음병
256,간헐하천,間歇河川,간헐천
255,간필,簡筆,편지붓
254,간테라,カンテラ(일)←kandelaar(네),칸델라
253,간채류,幹菜類,줄기 채소
252,간지석,間知石,축댓돌
251,간지,"感, かんじ(일)",느낌
250,간즈메,"罐詰, カンづめ(일)←can(영)","깡통 따개, 따개, 통조림따개"
249,간주하다,看做--,"보다, 여기다, 치다"
248,간종대,肝腫大,간 비대
247,간재적총수확량,幹材積總收穫量,총 재적 수확량
246,간인,間引,솎음
245,간이 잠실,簡易蠶室,간이 누엣간
244,간신성 증후군,肝腎性 症候群,간 콩팥 증후군
243,간식,間食,"샛밥, 새참, 군음식"
242,간승,間繩,잼줄
241,간섭 현상,干涉 現象,참견 현상
240,간색,稈色,줄기색
239,간부 원생,幹部院生,지도 원생
238,간벌목,間伐木,"솎아벨 나무, 솎아벤 나무, 솎을 나무, 솎은 나무"
237,간맹아,幹萌芽,"줄기움, 줄기움돋이"
236,간데라,カンデラ(일)←candela(영),"촉, 촉광"
235,간단관수,間斷灌水,"걸러대기, 물 걸러대기"
234,간나,鉋,대패
233,간급,幹級,수간급(樹幹級)
232,간경화,肝硬化,"간경화증, 간경화"
231,간,稈,봉(棒)
230,간,干,절임
229,각하,却下,물리침
228,각저도,角紗圖,씨름도
227,각자,各自,"저마다, 제각기, 제각각"
226,각서징구,覺書徵求,"약속문서 요구, 다짐글 요구, 각서 요구"
225,각부,脚部,삼다리
224,각반,"脚絆, きやはん(일)",행전
223,각박하다,刻薄--,메마르다
222,각대,脚帶,다리띠
221,각거,角距,각거리(角距離)
220,각,脚,다리
219,가해,加害,해를 끼침
218,가필하다,加筆--,고쳐 쓰다
217,가타이타,型板,본판(本板)
216,가타와쿠이타,型枠板,거푸집널
215,가타아시바,片足場,외줄비계
214,가타쓰케,型付-け(일),본붙이기
213,가타모리,片盛-り(일),외쪽돋기
212,가타도리,型取-り(일),본뜨기
211,가타기리,片切-り(일),① 외쪽깎기 ② 납작정
210,가타구세,肩癖,"어깨줄임, 어깨다트"
209,가타가키,肩書,직함
208,가키다시,搔き(일)齣し(일),긁어내기
207,가쿠파이프,角pipe(영),"각대롱, 각파이프"
206,가쿠이타,角板,"각널, 각널판"
205,가쿠시지쓰케,隱-し-仕付-け(일),숨김시침질
204,가쿠시로비시,角白菱,흰마름네모
203,가쿠세키,角石,"네모돌, 각석"
202,가쿠바시라,角柱,모기둥
201,가쿠다시,角齣し(일),도림칼
200,가쿠나카구로,角中黑,점네모
199,가쿠구로비시,角黑菱,검은마름네모
198,가쿠(꾸)지선,かく支線(일),가공지선(架空支線)
197,가쿠,"額, がく(일)","틀, 액자"
196,가코미리다,圍-み(일)-leader(영),점낫표
195,가케표,かけ(일)-標,가위표
194,가케모치,"掛持, かけもち(일)","겹치기, 겹치기상영"
193,가카토,踵,굽
192,가카리,"係, かかり(일)",담당자
191,가청노이즈,可聽 noise(영),소음(騷音)
190,가차압,"假差押, かりさしおさえ(일)",임시 압류
189,가집행,假執行,임시 집행
188,가지불,"假支拂, かりしはらい(일)",임시 지급
187,가지급 보험금,假支給 保險金,우선 지급 보험금
186,가즈라,髮,"가발, 다리, 다리머리"
185,가제어암,家制 arm(영),제어암
184,가제,加除,"갈아 끼움, 고침, 뺌"
183,가정부,假政府,임시 정부
182,가저장,假貯藏,임시 저장
181,가자,茄子,가지
180,가임,家賃,집세
179,가인조서,加印調書,추가 날인 조서
178,가이패이 서지,かいへい(일)Surge(영),개폐서지(開閉 Surge)
177,가이칸,礙管,사기 대롱
176,가이시,がいし(일),애자(碍子)
175,가이쇼 케이블,がいしょう(일) Cable(영),외장케이블(外障Cable)
174,가이로,かいろ(일),회로(回路)
173,가이딩케이,"かいてんけい(일), 回轉計",회전계(回轉計)
172,가이드 스폿,guide spot(영),유도점
171,가이단,階段,"층계, 계단, 층층대"
170,가위탁,假委託,임시 위탁
169,가웅예,假雄蕊,헛수술
168,가요철탑,かよう(일)鐵塔,유연 철탑(柔軟鐵塔)
167,가와쿠,假枠,가틀
166,가와자리,川砂利,강자갈
165,가와스나,川砂,강모래
164,가와세,かわせ(일),환
163,가오다시,顔出し(일),우두머리
162,가에시누이,返-し-縫-い(일),박음질
161,가에리키자미,返-り-刻-み(일),깃아귀
160,가십거리,gossip(영)거리,입방아거리
159,가신,家神,"집지킴, 집지킴이, 업"
158,가승계,假承繼,임시 승계
157,가스미,霞,"깔쭉이, 깔쭉이줄"
156,가스가이,鎹,꺾쇠
155,가수용,假收容,임시 수용
154,가수요,,"거품수요, 가수요"
153,가세,加勢,"힘을 보탬, 거듦, 거들기"
152,가성소다,苛性-ソ一ダ(일)←soda(영),"양잿물, 수산화나트륨"
151,가선집재,架線集材,"공중밧줄나무모아쌓기, 공중밧줄통나무모아쌓기"
150,가선방식,架線方式,"전기선 방식, 공중 전기선 방식"
149,가상적,假想敵,가상 적군
148,가상구배,假想勾配,가상 물매
147,가상경사,假想傾斜,가상 물매
146,가사키,笠木,두겁대
145,가사네쓰기테,重-ね-繼-扌(일),"겹이음, 겹침 이음"
144,가사,かさ(일),전등갓(電燈笠)
143,가불,"假拂, かりばらい(일)",임시 지급
142,가분적,可分的,별개의
141,가부시,被,마무리
140,가베,"壁, かべ(일)","벽, 벽붙이기"
139,가바야키,蒲焼(き) (일),장어구이
138,가미쓰지,紙土,종이 반죽
137,가망 고객,可望 顧客,① 기대 고객 ② 될 손님
136,가마치,框,울거미
135,가마,釜,북집
134,가리코미,刈,"1) 깎기, 2) 이발사"
133,가리지쿠도,假築島,축도
132,가리우키,假浮き(일),중간 배접
131,가리시메키리,假締切,임시 물막이
130,가리시메,假締-め(일),임시 죄기
129,가리바리,假張り(일),말림판
128,가리구미타테,假組立,임시 조립
127,가리가코이,假圍-い(일),"임시 울타리, 가설 울타리"
126,가루키,カルキ(일)←kalk(네),"바램 가루, 표백분"
125,가료,"加療, かりよう(일)","치료, 고침, 병 고침"
124,가란,カラン(일)←kraan(네),수도꼭지
123,가라테,"唐手, 空手, からて(일)",당수
122,가라쿠사집게,唐艸-,덩굴 집게
121,가라쿠,空-(일)←cushion(영),민쿠션치기
120,가라오케,"空-オケ(일), からオケ(일)←orchestra(영)","녹음 반주, 녹음 반주 노래방"
119,가라쓰미,空積-み(일),"메쌓기, 건성쌓기"
118,가라스,"ガラス(일)←glas(네), glass(영)",유리
117,가라도,唐戶,양판문
116,가라네리,空練-り(일),"건비빔, 마른비빔"
115,가라,カラ―(일)←collar(영),"깃, 옷깃, 칼라"
114,가디건,cardigen(영),카디건
113,가등기,假登記,임시 등기
112,가든파티,garden party(영),"마당 잔치, 뜰 잔치"
111,가드닝,gardening(영),생활 원예
110,가드,guard(영),수비수
109,가동접촉편,稼動接觸便,붙떨이전기기기
108,가도집,"角-, かど(일)-",모퉁잇집
107,가도가네,角金,"모서리쇠, 귓쇠"
106,가도,角,모서리
105,가네키리,"金切, かなきり(일)",쇠톱
104,가네자시,矩差,곱자
103,가내시,假內示,임시 통보
102,가나반,金盤,쇠숫돌
101,가나구,金具,"장식, 테장식"
100,가기,鍵,열쇠
99,가금류,家禽類,사육 조류
98,가규,家規,집안 규칙
97,가공삭,架空索,가공본줄
96,가공모래,加工-,부순모래
95,가격메커니즘,價格 mechanism(영),가격체계
94,가게모지,"影文字, かげもじ(일)",그늘 글자
93,가가미,"かがみ(일), 鏡",거울
92,Y결선,Y結線,성형결선(星形結線)
91,VTS,vessel traffic system(영),해상교통관제시스템
90,VMS,Variable Message Sign(영),도로전광표지
89,VLSI,,초고밀도 집적 회로
88,very high frequancy,,초단파
87,VE,value engineering(영),가치 제고 기술
86,U-세종학당(유-세종학당),U(Ubiquitous(영))-世宗學堂,누리-세종학당
85,UHF,,극초단파
84,TCS,Toll Collecting Systems(영),통행료 수납장치
83,sysop,,"운영자, 체계 운영자"
82,Syndicated loan,Syndicated loan,차관단 대출
81,Survey,,표본/현황 조사
80,'L,,표준 질문 언어
79,SPC,special purpose company(영),특수 목적 회사
78,Short-covering(숏-커버링),,매도 초과 포지션 청산
77,SEACEN,south east asian central banks(영),동남아 중앙 은행 기구
76,Sabotage(사보타주),sabotage(프),태업
75,ROE,return on equity(영),자기 자본 이익률
74,ROA,return on assets(영),총자산 이익률
73,"큐아르 코드, 큐알 코드, QR 코드",quick response code(영),정보 무늬
72,"Q&A, Q/A",Q&A(Question and Answer(영)),묻고 답하기
71,"PSTN, 공중 전화 교환망",PSTN(public switched telephone network(영)),공중교환식전화망
70,printed circuit board,,인쇄 회로 기판
69,프린트 스크린 키,print screen key,"화면 인쇄 글쇠, 화면 인쇄 키"
68,PQ입찰,Pre-Qualification入札(영),사전심사입찰
67,P-note,promissory note(영),약속 어음
66,Part-time Job,Part-time Job(영),"시간 근무직, 시간제 근무직"
65,OTC,over the counter(영),장외
64,OPEC,OPEC (Organization of Petroleum Exporting Countries(영)),석유 수출국 기구
63,OCR,OCR(영),광학 문자 판독
62,Nego,Nego(영),수출환 어음 매도
61,NDF,non deliverable forward(영),차액 결제 선물환
60,NCAP,New Car Assessment Program(영),신차안전도평가
59,mouse cursor,,"① 마우스 깜박이, ② 마우스 반디"
58,"MIDI, 미디",,"악기용 사이틀, 악기용 수치형 사이틀"
57,microwave,,초단파
56,MICR02,-recognition(영),자기잉크문자인식
55,MICR01,-reader(영),자기잉크문자읽음장치
54,Market Share,Market Share(영),시장 점유율
53,Margin,Margin(영),금리 차
52,M.R.M.,,압착기
51,Leading Bank,Leading Bank(영),선도 은행
50,ITS 아키텍쳐,ITS architecture(영),지능형 도로 교통 체계 구성도
49,Inflation Targeting,Inflation Targeting,물가 안정 목표제
48,IMT-2000,IMT-2000(International Mobile Telecommunication-2000(영)),국제이동통신-2000
47,IC,Interchange(영),나들목
46,IBRD,IBRD(international bank for reconstruction and development(영)),세계 은행
45,HID,High Intensity Discharge(영),고광도가스방전식 램프
44,HD 드라마,High-Definition(영),"고선명 드라마, 고화질 드라마"
43,G뱅크,game bank(영),"게임 은행, 게임 산업 은행"
42,Good Bank,Good Bank(영),우량 은행
41,forward-looking [type],,미래 지향형
40,Forfeiting,Forfeiting,수출환어음 매각
39,Forbearance,Forbearance,"관용 정책, 조치 유보"
38,Filtering,Filtering,"여과, 여과법"
37,FAQ,FAQ(frequently asked questions(영)),자주 하는 질문
36,F.O.D.,Foreign Object Damage(영),항행위험물
35,Emerging Market,Emerging Market(영),신흥 시장
34,EDPS,,전자 자료 처리 체계
33,e 마켓플레이스,e-marketplace(영),① 전자 장터 ② 전자 상거래
32,Duration(듀레이션),,"평균 자금 회수 기간, 평균 자금 상환 기간"
31,d-RAM,,동적 막기억 장치
30,dpi,,"점, 인치"
29,"CP, 시피",Compliance Program(영),공정 거래 자율 준수 프로그램
28,CP,commercial paper(영),기업 어음
27,CI,corporate identity(영),"기업 상징, 기업 문화"
26,"CCMS, 시시엠에스",Consumer Complaints Management System(영),소비자 불만 자율 관리 프로그램
25,CATV(cable television),CATV(cable television(영)),종합 유선 방송
24,"cathode ray tube, CRT",,"음극관, 음극선관"
23,Cash flow(캐시 플로),,현금 흐름
22,C.O.P.,Community of Practice(영),학습연구동아리
21,Bubble (버블)경제,,거품 경제
20,BSC,BSC,균형성과표
19,Big Deal(빅딜),,"사업 맞교환, 대기업간 교환"
18,Bank run,Bank run,예금 인출 사태
17,Bail-out,Bail-out(영),기업 구제
16,Backward-looking[type],,과거 지향형
15,ALM,asset liability mangement(영),자산 부채 종합 관리
14,ADB,asian development bank(영),아시아 개발 은행
13,8초 룰,second rule(영),8초 반칙
12,7m 스로,7m throw(영),7m 던지기
11,5초 룰,5 secondrule(영),5초 규정
10,"3D, 스리디, 스리디멘션","Three Dimensions, Three Dimensional(영)","3차원, 입체"
9,(캐릭터) 머천다이징,merchandising(영),상품화
8,(재무성 증권) 10년 물,(財務性 證券) 10年物,(재무성 증권) 10년 만기
7,(그 승계인) 모,某,"(그 승계인) 누구, 아무개"
6,(···의) 치로,値,(···의) 값으로
5,(···으로) 족한,足-,"(...)만 하면 되는, 충분한, 만족한"
4,(...이) 전행하다,專行--,"오로지 (...가) 행하다, 오로지 (...만이) 한다"
3,(...에) 입각하여,立脚--,"(...에) 따라서,(...에) 근거하여 (원칙에) 따라서"
2,(...에) 임하여,臨--,(...에) 이르러
1,(...에) 의해,,(...에) 따라
